name,brand,location,year,vehicle_age,kilometers_driven,fuel_type,transmission,owner_type,mileage_kmpl,engine_cc,power_bhp,seats,price
Maruti Wagon R LXI CNG,Maruti,Mumbai,2010,10,72000.0,CNG,Manual,First,26.6,998.0,58.16,5.0,1.75
Hyundai Creta 1.6 CRDi SX Option,Hyundai,Pune,2015,5,41000.0,Diesel,Manual,First,19.67,1582.0,126.2,5.0,12.5
Honda Jazz V,Honda,Chennai,2011,9,46000.0,Petrol,Manual,First,18.2,1199.0,88.7,5.0,4.5
Maruti Ertiga VDI,Maruti,Chennai,2012,8,87000.0,Diesel,Manual,First,20.77,1248.0,88.76,7.0,6.0
Audi A4 New 2.0 TDI Multitronic,Audi,Coimbatore,2013,7,40670.0,Diesel,Automatic,Second,15.2,1968.0,140.8,5.0,17.74
Hyundai EON LPG Era Plus Option,Hyundai,Hyderabad,2012,8,75000.0,LPG,Manual,First,21.1,814.0,55.2,5.0,2.35
Nissan Micra Diesel XV,Nissan,Jaipur,2013,7,86999.0,Diesel,Manual,First,23.08,1461.0,63.1,5.0,3.5
Toyota Innova Crysta 2.8 GX AT 8S,Toyota,Mumbai,2016,4,36000.0,Diesel,Automatic,First,11.36,2755.0,171.5,8.0,17.5
Volkswagen Vento Diesel Comfortline,Volkswagen,Pune,2013,7,64430.0,Diesel,Manual,First,20.54,1598.0,103.6,5.0,5.2
Tata Indica Vista Quadrajet LS,Tata,Chennai,2012,8,65932.0,Diesel,Manual,Second,22.3,1248.0,74.0,5.0,1.95
Maruti Ciaz Zeta,Maruti,Kochi,2018,2,25692.0,Petrol,Manual,First,21.56,1462.0,103.25,5.0,9.95
Honda City 1.5 V AT Sunroof,Honda,Kolkata,2012,8,60000.0,Petrol,Automatic,First,16.8,1497.0,116.3,5.0,4.49
Maruti Swift VDI BSIV,Maruti,Jaipur,2015,5,64424.0,Diesel,Manual,First,25.2,1248.0,74.0,5.0,5.6
Land Rover Range Rover 2.2L Pure,Land,Delhi,2014,6,72000.0,Diesel,Automatic,First,12.7,2179.0,187.7,5.0,27.0
Land Rover Freelander 2 TD4 SE,Land,Pune,2012,8,85000.0,Diesel,Automatic,Second,,2179.0,115.0,5.0,17.5
Mitsubishi Pajero Sport 4X4,Mitsubishi,Delhi,2014,6,110000.0,Diesel,Manual,First,13.5,2477.0,175.56,7.0,15.0
Honda Amaze S i-Dtech,Honda,Kochi,2016,4,58950.0,Diesel,Manual,First,25.8,1498.0,98.6,5.0,5.4
Maruti Swift DDiS VDI,Maruti,Jaipur,2017,3,25000.0,Diesel,Manual,First,28.4,1248.0,74.0,5.0,5.99
Renault Duster 85PS Diesel RxL Plus,Renault,Kochi,2014,6,77469.0,Diesel,Manual,First,20.45,1461.0,83.8,5.0,6.34
Mercedes-Benz New C-Class C 220 CDI BE Avantgare,Mercedes-Benz,Bangalore,2014,6,78500.0,Diesel,Automatic,First,14.84,2143.0,167.62,5.0,28.0
BMW 3 Series 320d,BMW,Kochi,2014,6,32982.0,Diesel,Automatic,First,22.69,1995.0,190.0,5.0,18.55
Maruti S Cross DDiS 200 Alpha,Maruti,Bangalore,2015,5,55392.0,Diesel,Manual,Second,23.65,1248.0,88.5,5.0,8.25
Audi A6 2011-2015 35 TFSI Technology,Audi,Mumbai,2015,5,55985.0,Petrol,Automatic,First,13.53,1984.0,177.01,5.0,23.5
Hyundai i20 1.2 Magna,Hyundai,Kolkata,2010,10,45807.0,Petrol,Manual,First,18.5,1197.0,80.0,5.0,1.87
Volkswagen Vento Petrol Highline AT,Volkswagen,Kolkata,2010,10,33000.0,Petrol,Automatic,First,14.4,1598.0,103.6,5.0,2.85
Honda City Corporate Edition,Honda,Mumbai,2012,8,51920.0,Petrol,Manual,First,16.8,1497.0,116.3,5.0,4.25
Nissan Micra Diesel XV,Nissan,Hyderabad,2012,8,54000.0,Diesel,Manual,First,23.08,1461.0,63.1,5.0,4.25
Maruti Alto K10 2010-2014 VXI,Maruti,Hyderabad,2013,7,54000.0,Petrol,Manual,Second,20.92,998.0,67.1,5.0,2.75
Honda WRV i-VTEC VX,Honda,Kochi,2018,2,37430.0,Petrol,Manual,First,17.5,1199.0,88.7,5.0,9.9
Toyota Innova 2.5 V Diesel 7-seater,Toyota,Mumbai,2007,13,262000.0,Diesel,Manual,Fourth & Above,12.8,2494.0,102.0,7.0,4.0
Renault Duster 110PS Diesel RxZ Pack,Renault,Bangalore,2013,7,62000.0,Diesel,Manual,First,19.01,1461.0,108.45,5.0,7.75
Toyota Corolla Altis G,Toyota,Delhi,2012,8,87615.0,Petrol,Manual,First,14.53,1798.0,138.1,5.0,6.75
Mahindra Ssangyong Rexton RX7,Mahindra,Bangalore,2013,7,72000.0,Diesel,Automatic,Second,11.18,2696.0,184.0,7.0,12.5
Audi A6 2.7 TDI,Audi,Kolkata,2010,10,35000.0,Diesel,Automatic,First,12.4,2698.0,179.5,5.0,11.5
Volkswagen Vento 1.6 Highline,Volkswagen,Coimbatore,2014,6,55431.0,Petrol,Manual,Second,16.09,1598.0,103.5,5.0,6.98
Maruti Wagon R LXI BSIII,Maruti,Jaipur,2009,11,83816.0,Petrol,Manual,Second,14.0,1061.0,64.0,5.0,1.85
Maruti Vitara Brezza ZDi Plus,Maruti,Kochi,2018,2,50075.0,Diesel,Manual,First,24.3,1248.0,88.5,5.0,8.63
Mahindra KUV 100 mFALCON G80 K6 5str AW,Mahindra,Delhi,2017,3,52000.0,Petrol,Manual,First,18.15,1198.0,82.0,5.0,4.85
Mercedes-Benz M-Class ML 350 CDI,Mercedes-Benz,Pune,2013,7,85000.0,Diesel,Automatic,First,11.74,2987.0,254.8,5.0,28.0
Volkswagen Polo Diesel Trendline 1.2L,Volkswagen,Chennai,2013,7,62000.0,Diesel,Manual,First,22.07,1199.0,73.9,5.0,5.0
Maruti Alto LXi,Maruti,Delhi,2008,12,90000.0,Petrol,Manual,Second,19.7,796.0,46.3,5.0,1.25
Tata Nano LX SE,Tata,Kochi,2014,6,19698.0,Petrol,Manual,First,25.4,624.0,37.5,4.0,1.53
Mahindra KUV 100 mFALCON D75 K8 Dual Tone,Mahindra,Coimbatore,2017,3,22033.0,Diesel,Manual,First,25.32,1198.0,77.0,6.0,5.58
Hyundai i20 Magna Optional 1.2,Hyundai,Kochi,2014,6,35487.0,Petrol,Manual,First,18.5,1197.0,82.9,5.0,4.74
Hyundai Elantra 2.0 SX Option AT,Hyundai,Bangalore,2014,6,46374.0,Petrol,Automatic,First,14.62,1999.0,149.92,5.0,8.85
Toyota Corolla Altis G AT,Toyota,Mumbai,2016,4,52001.0,Petrol,Automatic,First,14.28,1798.0,138.03,5.0,10.11
Hyundai Elantra CRDi,Hyundai,Ahmedabad,2008,12,58005.0,Diesel,Manual,Second,14.9,1991.0,112.2,5.0,4.25
Toyota Innova Crysta 2.7 GX MT,Toyota,Bangalore,2012,8,70704.0,Petrol,Manual,First,11.25,2694.0,163.7,7.0,10.95
Hyundai Xcent 1.1 CRDi S,Hyundai,Jaipur,2014,6,75000.0,Diesel,Manual,First,24.4,1120.0,71.0,5.0,3.85
Mahindra Thar CRDe AC,Mahindra,Jaipur,2012,8,75800.0,Diesel,Manual,Second,16.55,2498.0,105.0,6.0,5.5
Audi A4 2.0 TDI 177 Bhp Premium Plus,Audi,Kochi,2015,5,13648.0,Diesel,Automatic,First,17.11,1968.0,174.33,5.0,21.43
Maruti Swift LDI,Maruti,Delhi,2014,6,52000.0,Diesel,Manual,First,22.9,1248.0,74.0,5.0,4.25
Maruti Swift Ldi BSIV,Maruti,Kolkata,2014,6,53000.0,Diesel,Manual,First,17.8,1248.0,75.0,5.0,3.3
Maruti Swift VDI,Maruti,Delhi,2013,7,65650.0,Diesel,Manual,First,28.4,1248.0,74.0,5.0,3.85
Hyundai Grand i10 Sportz,Hyundai,Chennai,2015,5,54000.0,Petrol,Manual,Third,18.9,1197.0,82.0,5.0,3.6
Volkswagen Vento 2013-2015 1.6 Comfortline,Volkswagen,Kolkata,2015,5,39000.0,Petrol,Manual,First,15.04,1598.0,103.2,5.0,3.99
Renault KWID RXT,Renault,Kochi,2017,3,16542.0,Petrol,Manual,First,25.17,799.0,53.3,5.0,3.3
Hyundai i10 Asta,Hyundai,Kolkata,2010,10,32000.0,Petrol,Manual,First,20.36,1197.0,78.9,5.0,2.07
Nissan X-Trail SLX AT,Nissan,Hyderabad,2010,10,121812.0,Diesel,Automatic,First,13.29,1995.0,147.6,5.0,7.75
Maruti Zen Estilo VXI BSIII,Maruti,Hyderabad,2010,10,39300.0,Petrol,Manual,First,18.2,998.0,67.1,5.0,2.25
Toyota Innova Crysta 2.4 GX MT 8S,Toyota,Mumbai,2017,3,22000.0,Diesel,Manual,First,13.68,2393.0,147.8,8.0,16.5
Ford Figo Diesel Titanium,Ford,Bangalore,2010,10,72000.0,Diesel,Manual,First,20.0,1399.0,68.0,5.0,2.75
Mercedes-Benz New C-Class C 200 CGI Avantgarde,Mercedes-Benz,Delhi,2015,5,58000.0,Petrol,Automatic,First,11.74,1796.0,186.0,5.0,26.7
Mercedes-Benz New C-Class 200 CDI Classic,Mercedes-Benz,Pune,2011,9,65000.0,Diesel,Manual,Second,15.8,2148.0,170.0,5.0,10.0
Tata Indica V2 eLS,Tata,Chennai,2016,4,178000.0,Diesel,Manual,First,25.0,1396.0,69.0,5.0,2.5
Audi A4 2.0 TDI Multitronic,Audi,Jaipur,2012,8,65664.0,Diesel,Automatic,First,16.55,1968.0,140.0,5.0,13.5
Honda City ZX CVT,Honda,Mumbai,2007,13,63000.0,Petrol,Automatic,Second,16.4,1497.0,78.0,5.0,1.85
Mercedes-Benz C-Class Progressive C 220d,Mercedes-Benz,Coimbatore,2019,1,15369.0,Diesel,Automatic,First,,1950.0,194.0,5.0,35.67
Maruti Ertiga SHVS VDI,Maruti,Pune,2016,4,63000.0,Diesel,Manual,First,24.52,1248.0,88.5,7.0,8.15
Hyundai Creta 1.4 E Plus Diesel,Hyundai,Mumbai,2018,2,13000.0,Diesel,Manual,First,22.1,1396.0,88.7,5.0,10.5
Porsche Cayenne 2009-2014 Turbo,Porsche,Mumbai,2008,12,73000.0,Petrol,Automatic,First,8.5,4806.0,500.0,5.0,14.5
Mahindra XUV500 W8 4WD,Mahindra,Mumbai,2015,5,55729.0,Diesel,Manual,First,15.1,2179.0,140.0,7.0,9.65
Hyundai i10 Sportz 1.2 AT,Hyundai,Kochi,2012,8,45178.0,Petrol,Automatic,First,16.95,1197.0,78.9,5.0,3.48
Nissan Terrano XV D Pre,Nissan,Kochi,2015,5,56066.0,Diesel,Manual,First,19.64,1461.0,108.5,5.0,6.92
Honda Brio VX AT,Honda,Coimbatore,2016,4,37300.0,Petrol,Automatic,Second,16.5,1198.0,86.8,5.0,6.46
Audi A6 2.0 TDI Design Edition,Audi,Delhi,2014,6,56000.0,Diesel,Automatic,Second,18.53,1968.0,187.74,5.0,29.5
Ford Fiesta 1.4 SXi TDCi,Ford,Jaipur,2008,12,111111.0,Diesel,Manual,First,17.8,1399.0,,5.0,2.0
Toyota Innova 2.0 G1,Toyota,Chennai,2006,14,230000.0,Petrol,Manual,Third,12.4,1998.0,132.0,8.0,4.5
Toyota Innova 2.5 VX 7 STR BSIV,Toyota,Hyderabad,2012,8,104000.0,Diesel,Manual,First,12.8,2494.0,102.0,7.0,11.75
Hyundai Santro Xing XL,Hyundai,Hyderabad,2005,15,87591.0,Petrol,Manual,First,,1086.0,,5.0,1.3
Maruti Swift VDI,Maruti,Jaipur,2012,8,95100.0,Diesel,Manual,First,22.9,1248.0,74.0,5.0,3.75
Tata Zest Revotron 1.2T XE,Tata,Pune,2017,3,70000.0,Petrol,Manual,First,17.57,1193.0,88.7,5.0,4.5
Honda Amaze SX i-VTEC,Honda,Kochi,2016,4,54944.0,Petrol,Manual,First,18.0,1198.0,86.7,5.0,4.82
Ford Figo Diesel ZXI,Ford,Hyderabad,2012,8,70337.0,Diesel,Manual,First,20.0,1399.0,68.0,5.0,2.8
Maruti Ritz VDi,Maruti,Jaipur,2013,7,99638.0,Diesel,Manual,First,23.2,1248.0,73.94,5.0,3.11
Honda City i VTEC E,Honda,Delhi,2009,11,52000.0,Petrol,Manual,First,17.8,1497.0,117.3,5.0,3.25
BMW 5 Series 2003-2012 525d,BMW,Delhi,2011,9,75000.0,Diesel,Automatic,Second,16.73,1995.0,218.0,5.0,13.9
Hyundai i10 Sportz 1.2,Hyundai,Pune,2009,11,95980.0,Petrol,Manual,First,20.36,1197.0,78.9,5.0,2.25
Hyundai Grand i10 Sportz,Hyundai,Bangalore,2016,4,16000.0,Petrol,Manual,First,18.9,1197.0,82.0,5.0,5.75
Hyundai Santro Xing XO,Hyundai,Hyderabad,2007,13,73745.0,Petrol,Manual,First,17.0,1086.0,,5.0,2.1
Honda Amaze SX i-VTEC,Honda,Mumbai,2016,4,18949.0,Petrol,Manual,First,17.8,1198.0,86.7,5.0,5.0
Toyota Fortuner 4x2 Manual,Toyota,Delhi,2014,6,107000.0,Diesel,Manual,First,13.0,2982.0,168.5,7.0,16.5
Audi A6 2011-2015 35 TDI Premium,Audi,Coimbatore,2018,2,48367.0,Diesel,Automatic,First,17.68,1968.0,174.33,5.0,39.58
Ford Ecosport 1.5 DV5 MT Titanium Optional,Ford,Delhi,2013,7,57000.0,Diesel,Manual,First,22.7,1498.0,89.84,5.0,5.5
Mahindra XUV500 W8 2WD,Mahindra,Delhi,2014,6,58000.0,Diesel,Manual,First,15.1,2179.0,140.0,7.0,8.1
Honda Amaze SX i-DTEC,Honda,Kolkata,2015,5,30000.0,Diesel,Manual,First,25.8,1498.0,98.6,5.0,3.5
Volkswagen Polo Diesel Highline 1.2L,Volkswagen,Kolkata,2013,7,34212.0,Diesel,Manual,First,22.07,1199.0,73.9,5.0,2.79
Hyundai Verna Transform SX VGT CRDi,Hyundai,Ahmedabad,2010,10,70002.0,Diesel,Manual,First,16.2,1493.0,110.0,5.0,3.45
Maruti Wagon R VXI BS IV,Maruti,Bangalore,2016,4,62000.0,Petrol,Manual,First,18.9,998.0,67.1,5.0,4.45
Volkswagen Polo Petrol Highline 1.6L,Volkswagen,Delhi,2010,10,62001.0,Petrol,Manual,First,15.26,1598.0,103.5,5.0,2.65
Hyundai i20 1.4 CRDi Sportz,Hyundai,Pune,2011,9,78958.0,Diesel,Manual,Second,23.0,1396.0,90.0,5.0,3.8
Hyundai i20 Asta 1.2,Hyundai,Mumbai,2014,6,30180.0,Petrol,Manual,First,18.5,1197.0,82.85,5.0,4.65
Datsun GO Plus T Petrol,Datsun,Pune,2017,3,32851.0,Petrol,Manual,First,19.83,1198.0,67.0,7.0,3.95
Audi A4 3.0 TDI Quattro Premium,Audi,Kolkata,2010,10,30000.0,Diesel,Automatic,First,14.94,2967.0,241.4,5.0,9.8
Hyundai i20 2015-2017 Asta,Hyundai,Pune,2009,11,66000.0,Petrol,Manual,Second,17.0,1197.0,80.0,5.0,2.7
Maruti Omni 5 Str STD,Maruti,Coimbatore,2010,10,93850.0,Petrol,Manual,First,14.0,796.0,35.0,5.0,2.41
Toyota Etios Liva 1.2 G,Toyota,Ahmedabad,2014,6,53000.0,Petrol,Manual,First,17.71,1197.0,78.9,5.0,3.9
Jaguar XF 3.0 Litre S Premium Luxury,Jaguar,Hyderabad,2011,9,78000.0,Diesel,Automatic,Second,14.74,2993.0,270.9,5.0,24.0
Mahindra XUV500 W8 2WD,Mahindra,Delhi,2012,8,65000.0,Diesel,Manual,Second,16.0,2179.0,140.0,7.0,5.75
Hyundai Verna 1.6 SX CRDI (O) AT,Hyundai,Kolkata,2014,6,40000.0,Diesel,Automatic,First,22.32,1582.0,126.32,5.0,5.25
Toyota Innova Crysta 2.8 ZX AT,Toyota,Mumbai,2017,3,30000.0,Diesel,Automatic,First,11.36,2755.0,171.5,7.0,19.25
Maruti Eeco 5 Seater AC,Maruti,Coimbatore,2017,3,38053.0,Petrol,Manual,First,15.1,1196.0,73.0,5.0,3.91
Tata Nano Twist XT,Tata,Bangalore,2014,6,25500.0,Petrol,Manual,First,25.4,624.0,37.5,4.0,2.15
BMW 3 Series 320d Luxury Line,BMW,Mumbai,2015,5,56087.0,Diesel,Automatic,First,22.69,1995.0,190.0,5.0,20.75
Honda Civic 2006-2010 1.8 V MT,Honda,Delhi,2010,10,71088.0,Petrol,Manual,First,13.5,1799.0,130.0,5.0,3.35
Toyota Innova 2.5 VX (Diesel) 7 Seater,Toyota,Ahmedabad,2014,6,55000.0,Diesel,Manual,First,12.99,2494.0,100.6,7.0,11.11
Volvo V40 Cross Country D3,Volvo,Bangalore,2014,6,32700.0,Diesel,Automatic,First,23.3,1984.0,150.0,5.0,20.0
Nissan Micra XV CVT,Nissan,Coimbatore,2016,4,39882.0,Petrol,Automatic,First,19.15,1198.0,75.94,5.0,6.55
BMW 5 Series 2010-2013 525i,BMW,Mumbai,2009,11,128000.0,Petrol,Automatic,First,10.8,2497.0,215.0,5.0,7.0
Maruti Vitara Brezza VDi,Maruti,Mumbai,2016,4,55000.0,Diesel,Manual,First,24.3,1248.0,88.5,5.0,7.5
Hyundai Santro Xing XL eRLX Euro III,Hyundai,Mumbai,2005,15,102000.0,Petrol,Manual,Second,17.0,1086.0,,5.0,0.85
Mercedes-Benz B Class B200 CDI,Mercedes-Benz,Pune,2014,6,53753.0,Diesel,Automatic,Second,15.0,2143.0,107.3,5.0,16.75
Hyundai Verna CRDi 1.6 SX Option,Hyundai,Kolkata,2018,2,10250.0,Diesel,Manual,First,22.0,1582.0,126.2,5.0,10.95
Maruti Wagon R LXI BS IV,Maruti,Pune,2011,9,43874.0,Petrol,Manual,First,18.9,998.0,67.1,5.0,2.45
Tata Nano XTA,Tata,Coimbatore,2017,3,32684.0,Petrol,Automatic,First,21.9,624.0,37.48,4.0,3.23
Mahindra Scorpio VLX,Mahindra,Kolkata,2014,6,42000.0,Diesel,Manual,First,12.05,2179.0,120.0,8.0,7.75
Mercedes-Benz New C-Class 200 K AT,Mercedes-Benz,Kolkata,2009,11,28352.0,Petrol,Automatic,First,11.7,1796.0,178.0,5.0,9.35
Maruti Wagon R LXI CNG,Maruti,Pune,2013,7,89900.0,CNG,Manual,First,26.6,998.0,58.16,5.0,3.25
Honda CR-V 2.4 MT,Honda,Bangalore,2007,13,47700.0,Petrol,Manual,Second,10.8,2354.0,152.0,5.0,5.25
Volkswagen Vento 1.5 TDI Comfortline AT,Volkswagen,Pune,2015,5,55000.0,Diesel,Automatic,First,21.21,1498.0,103.2,5.0,7.25
Maruti Ciaz VXi Plus,Maruti,Kochi,2017,3,44285.0,Petrol,Manual,First,20.73,1373.0,91.1,5.0,7.47
Mahindra XUV500 AT W10 FWD,Mahindra,Jaipur,2016,4,54000.0,Diesel,Automatic,First,16.0,2179.0,140.0,7.0,13.25
Maruti Ritz VXI ABS,Maruti,Coimbatore,2016,4,30232.0,Petrol,Manual,First,21.1,1197.0,85.8,5.0,5.81
Maruti Alto K10 VXI,Maruti,Hyderabad,2014,6,88500.0,Petrol,Manual,First,24.07,998.0,67.1,5.0,2.6
Mercedes-Benz SLC 43 AMG,Mercedes-Benz,Kolkata,2017,3,13372.0,Petrol,Automatic,First,19.0,2996.0,362.07,2.0,54.0
Hyundai Verna VTVT 1.6 AT SX Plus,Hyundai,Kochi,2019,1,12645.0,Petrol,Automatic,First,17.0,1591.0,121.3,5.0,11.5
Maruti Alto LXi BSIII,Maruti,Chennai,2010,10,94385.0,Petrol,Manual,Second,19.7,796.0,46.3,5.0,1.6
BMW 1 Series 118d Base,BMW,Coimbatore,2015,5,31821.0,Diesel,Automatic,First,20.58,1995.0,143.0,5.0,17.22
Honda Jazz 1.2 V CVT i VTEC,Honda,Mumbai,2015,5,12000.0,Petrol,Automatic,First,19.0,1199.0,88.7,5.0,6.0
Honda Civic 2006-2010 1.8 V MT,Honda,Delhi,2012,8,88578.0,Petrol,Manual,First,13.5,1799.0,130.0,5.0,3.95
Mercedes-Benz New C-Class C 220 CDI Avantgarde,Mercedes-Benz,Kochi,2014,6,44965.0,Diesel,Automatic,First,19.27,2143.0,170.0,5.0,17.95
Honda Amaze SX i-DTEC,Honda,Kolkata,2014,6,45044.0,Diesel,Manual,First,25.8,1498.0,98.6,5.0,3.7
Maruti Swift VVT VXI,Maruti,Kochi,2016,4,34204.0,Petrol,Manual,First,22.0,1197.0,81.8,5.0,5.43
Hyundai Santro Xing XO eRLX Euro II,Hyundai,Kochi,2008,12,80759.0,Petrol,Manual,Third,17.0,1086.0,,5.0,1.67
Toyota Fortuner 3.0 Diesel,Toyota,Coimbatore,2012,8,91235.0,Diesel,Manual,First,11.5,2982.0,171.0,7.0,13.49
Chevrolet Beat LT Option,Chevrolet,Pune,2014,6,38800.0,Petrol,Manual,First,18.6,1199.0,76.8,5.0,2.85
Skoda Rapid 1.5 TDI Elegance,Skoda,Chennai,2013,7,83000.0,Diesel,Manual,First,21.14,1498.0,103.52,5.0,4.75
Maruti Ciaz 1.4 Alpha,Maruti,Kochi,2018,2,41283.0,Petrol,Manual,First,20.73,1373.0,91.1,5.0,9.9
Audi RS5 Coupe,Audi,Mumbai,2013,7,23000.0,Petrol,Automatic,First,11.05,2894.0,444.0,4.0,37.0
BMW 3 Series Luxury Line,BMW,Mumbai,2014,6,48000.0,Diesel,Automatic,First,21.76,1995.0,190.0,5.0,26.5
Audi A4 2.0 TDI 177 Bhp Premium Plus,Audi,Coimbatore,2015,5,48214.0,Diesel,Automatic,First,17.11,1968.0,174.33,5.0,23.32
Maruti Swift VDI,Maruti,Chennai,2016,4,35000.0,Diesel,Manual,First,22.9,1248.0,74.0,5.0,6.25
Mercedes-Benz S Class 2005 2013 S 500,Mercedes-Benz,Kolkata,2010,10,35277.0,Petrol,Automatic,First,7.81,5461.0,362.9,5.0,30.0
Skoda Rapid 1.5 TDI AT Elegance Plus Black Package,Skoda,Coimbatore,2016,4,54620.0,Diesel,Automatic,First,21.66,1498.0,103.52,5.0,9.86
Skoda Superb Elegance 2.0 TDI CR AT,Skoda,Pune,2012,8,136997.0,Diesel,Automatic,First,17.2,1968.0,138.1,5.0,8.5
Hyundai EON Magna Plus,Hyundai,Kochi,2019,1,14322.0,Petrol,Manual,First,21.1,814.0,55.2,5.0,4.23
Volkswagen Polo Diesel Trendline 1.2L,Volkswagen,Jaipur,2012,8,65634.0,Diesel,Manual,First,22.07,1199.0,73.9,5.0,3.5
Datsun GO NXT,Datsun,Kolkata,2016,4,6000.0,Petrol,Manual,First,20.63,1198.0,67.06,5.0,2.5
Honda Brio S MT,Honda,Kolkata,2013,7,33280.0,Petrol,Manual,First,19.4,1198.0,86.8,5.0,2.39
Mercedes-Benz B Class B180,Mercedes-Benz,Delhi,2013,7,29000.0,Petrol,Automatic,First,14.8,1595.0,120.7,5.0,11.25
Honda City i DTEC V,Honda,Kochi,2015,5,42831.0,Diesel,Manual,First,26.0,1498.0,98.6,5.0,7.11
Toyota Innova 2.5 G (Diesel) 7 Seater,Toyota,Ahmedabad,2016,4,90000.0,Diesel,Manual,First,12.99,2494.0,100.6,7.0,10.9
Maruti Swift VXI Optional,Maruti,Ahmedabad,2017,3,24005.0,Petrol,Manual,First,20.4,1197.0,81.8,5.0,6.2
Mahindra XUV500 W8 2WD,Mahindra,Mumbai,2012,8,32792.0,Diesel,Manual,First,15.1,2179.0,140.0,7.0,7.9
Ford Ecosport 1.5 DV5 MT Ambiente,Ford,Kochi,2014,6,147898.0,Diesel,Manual,First,22.7,1498.0,89.84,5.0,4.42
Toyota Fortuner 4x2 Manual,Toyota,Mumbai,2012,8,131765.0,Diesel,Manual,First,13.0,2982.0,168.5,7.0,13.5
Volkswagen Vento 1.5 Highline Plus AT 16 Alloy,Volkswagen,Chennai,2013,7,65000.0,Diesel,Automatic,First,21.5,1498.0,108.5,5.0,6.25
Ford Figo Diesel Titanium,Ford,Jaipur,2010,10,66123.0,Diesel,Manual,Second,20.0,1399.0,68.0,5.0,2.1
BMW X5 xDrive 30d,BMW,Mumbai,2015,5,41000.0,Diesel,Automatic,First,15.3,2993.0,258.0,5.0,45.0
Mercedes-Benz New C-Class C 220 CDI Style,Mercedes-Benz,Coimbatore,2017,3,23550.0,Diesel,Automatic,First,19.27,2143.0,167.62,5.0,33.66
Honda Brio V MT,Honda,Bangalore,2012,8,45000.0,Petrol,Manual,Second,19.4,1198.0,86.8,5.0,3.65
Hyundai i10 Magna 1.2,Hyundai,Delhi,2013,7,60000.0,Petrol,Manual,First,20.36,1197.0,78.9,5.0,2.75
Mercedes-Benz GLC 220,Mercedes-Benz,Bangalore,2016,4,44414.0,Diesel,Automatic,First,17.9,2143.0,170.0,5.0,42.5
Hyundai Grand i10 1.2 Kappa Asta,Hyundai,Kolkata,2019,1,1000.0,Petrol,Manual,First,18.9,1197.0,81.86,5.0,6.5
Audi A6 2011-2015 2.0 TDI Premium Plus,Audi,Mumbai,2012,8,62500.0,Diesel,Automatic,Second,17.68,1968.0,174.33,5.0,19.0
Volkswagen Vento Petrol Highline AT,Volkswagen,Mumbai,2013,7,21000.0,Petrol,Automatic,Second,14.4,1598.0,103.6,5.0,4.45
Mini Countryman Cooper D,Mini,Jaipur,2017,3,8525.0,Diesel,Automatic,Second,16.6,1998.0,112.0,5.0,23.0
Hyundai i20 Asta 1.4 CRDi,Hyundai,Bangalore,2014,6,29000.0,Diesel,Manual,First,22.54,1396.0,88.73,5.0,8.35
Audi A6 2011-2015 2.0 TDI Premium Plus,Audi,Mumbai,2014,6,40000.0,Diesel,Automatic,First,17.68,1968.0,174.33,5.0,22.95
Chevrolet Beat Diesel LT,Chevrolet,Jaipur,2012,8,88000.0,Diesel,Manual,First,25.44,936.0,57.6,5.0,1.5
Skoda Superb Elegance 1.8 TSI AT,Skoda,Kochi,2012,8,53537.0,Petrol,Automatic,First,13.7,1798.0,157.75,5.0,6.89
Ford Fiesta 1.4 TDCi EXI Limited Edition,Ford,Chennai,2006,14,216000.0,Diesel,Manual,Second,17.8,1399.0,68.0,5.0,1.45
BMW 5 Series 520d Luxury Line,BMW,Hyderabad,2014,6,51000.0,Diesel,Automatic,First,22.48,1995.0,190.0,5.0,33.5
Chevrolet Optra Magnum 1.6 LS BS3,Chevrolet,Jaipur,2007,13,118500.0,Petrol,Manual,First,12.9,1598.0,102.5,5.0,1.25
Volkswagen Polo Diesel Highline 1.2L,Volkswagen,Hyderabad,2012,8,63000.0,Diesel,Manual,First,22.07,1199.0,73.9,5.0,4.2
Renault Lodgy 110PS RxZ 8 Seater,Renault,Mumbai,2015,5,25000.0,Diesel,Manual,First,19.98,1461.0,108.5,8.0,6.75
Mercedes-Benz E-Class E250 CDI Avantgrade,Mercedes-Benz,Bangalore,2014,6,37382.0,Diesel,Automatic,First,13.0,2143.0,201.1,5.0,32.0
Maruti Baleno Alpha,Maruti,Kochi,2017,3,24773.0,Petrol,Manual,First,21.4,1197.0,83.1,5.0,7.5
Hyundai Verna 1.6 SX,Hyundai,Delhi,2012,8,62000.0,Diesel,Manual,First,22.32,1582.0,126.32,5.0,4.6
Hyundai i10 Magna 1.1,Hyundai,Kochi,2017,3,52340.0,Petrol,Manual,First,19.81,1086.0,68.05,5.0,4.04
Mahindra Scorpio 1.99 S10 4WD,Mahindra,Kochi,2016,4,56739.0,Diesel,Manual,First,15.4,1997.0,120.0,7.0,10.31
Land Rover Range Rover 2.2L Dynamic,Land,Coimbatore,2018,2,36091.0,Diesel,Automatic,First,12.7,2179.0,187.7,5.0,55.76
Ford Figo Diesel ZXI,Ford,Chennai,2010,10,120000.0,Diesel,Manual,First,20.0,1399.0,68.0,5.0,2.6
Maruti Ertiga ZDI,Maruti,Mumbai,2016,4,33000.0,Diesel,Manual,First,25.47,1248.0,88.5,7.0,8.5
Honda City 1.5 GXI,Honda,Ahmedabad,2007,13,60006.0,Petrol,Manual,First,,,,,2.95
Honda Amaze S i-Dtech,Honda,Kolkata,2014,6,52000.0,Diesel,Manual,First,25.8,1498.0,98.6,5.0,3.5
Hyundai i10 Magna,Hyundai,Jaipur,2015,5,43571.0,Petrol,Manual,First,20.36,1197.0,78.9,5.0,3.55
Honda Amaze S i-Dtech,Honda,Kolkata,2013,7,50000.0,Diesel,Manual,First,25.8,1498.0,98.6,5.0,3.25
Skoda Laura Ambiente,Skoda,Hyderabad,2008,12,113000.0,Diesel,Manual,First,17.5,1896.0,106.0,5.0,4.5
Renault Duster 85PS Diesel RxL,Renault,Delhi,2014,6,90000.0,Diesel,Manual,First,19.87,1461.0,83.8,5.0,5.35
Mahindra NuvoSport N6,Mahindra,Chennai,2017,3,29000.0,Diesel,Manual,Second,17.45,1493.0,100.0,7.0,6.5
Maruti Vitara Brezza ZDi Plus Dual Tone,Maruti,Mumbai,2016,4,20000.0,Diesel,Manual,First,24.3,1248.0,88.5,5.0,9.0
Hyundai i20 Asta Option 1.2,Hyundai,Kochi,2016,4,61012.0,Petrol,Manual,First,18.6,1197.0,81.83,5.0,6.0
Skoda Fabia 1.4 MPI Ambiente,Skoda,Jaipur,2009,11,87459.0,Petrol,Manual,First,14.7,1390.0,85.0,5.0,2.75
Tata Indigo eCS GLX,Tata,Pune,2010,10,70500.0,Petrol,Manual,First,15.64,1193.0,64.1,5.0,1.5
Audi Q3 2012-2015 35 TDI Quattro Premium Plus,Audi,Delhi,2015,5,64103.0,Diesel,Automatic,First,15.73,1968.0,174.33,5.0,19.9
Skoda Octavia Elegance 1.8 TSI AT,Skoda,Mumbai,2014,6,76000.0,Petrol,Automatic,First,14.7,1798.0,177.5,5.0,10.0
Toyota Etios Liva GD SP,Toyota,Delhi,2014,6,104000.0,Diesel,Manual,First,23.59,1364.0,67.06,5.0,3.0
Maruti Swift 1.3 VXi,Maruti,Kolkata,2010,10,42001.0,Petrol,Manual,First,16.1,,,,2.11
Mercedes-Benz B Class B180,Mercedes-Benz,Kochi,2014,6,37245.0,Petrol,Automatic,First,14.8,1595.0,120.7,5.0,11.96
Honda Amaze S Diesel,Honda,Kolkata,2013,7,45000.0,Diesel,Manual,First,27.4,1498.0,98.6,5.0,3.25
Hyundai Verna 1.6 SX,Hyundai,Jaipur,2012,8,117837.0,Diesel,Manual,Second,22.32,1582.0,126.32,5.0,4.75
Renault Duster 85PS Diesel RxL Optional,Renault,Mumbai,2014,6,30000.0,Diesel,Manual,First,20.46,1461.0,83.8,5.0,5.95
Hyundai Creta 1.6 VTVT S,Hyundai,Delhi,2015,5,27057.0,Petrol,Manual,Second,15.29,1591.0,121.3,5.0,8.15
Maruti Wagon R AMT VXI,Maruti,Mumbai,2016,4,8500.0,Petrol,Automatic,First,20.51,998.0,67.0,5.0,4.22
Mercedes-Benz New C-Class C250 Avantgarde,Mercedes-Benz,Kolkata,2010,10,30500.0,Petrol,Automatic,First,11.74,1796.0,186.0,5.0,10.5
Audi A8 L 3.0 TDI quattro,Audi,Delhi,2012,8,56000.0,Diesel,Automatic,First,11.8,2967.0,246.7,5.0,45.0
Hyundai i10 Magna 1.1,Hyundai,Pune,2012,8,44000.0,Petrol,Manual,Second,19.81,1086.0,68.05,5.0,2.9
Skoda Rapid 1.6 MPI AT Style Black Package,Skoda,Mumbai,2017,3,10500.0,Petrol,Automatic,First,14.3,1598.0,103.52,5.0,8.9
Skoda Superb Style 1.8 TSI AT,Skoda,Hyderabad,2017,3,26000.0,Petrol,Automatic,First,14.67,1798.0,177.46,5.0,26.0
Hyundai i20 Active 1.2 SX,Hyundai,Coimbatore,2018,2,25166.0,Petrol,Manual,First,17.19,1197.0,81.86,5.0,8.22
Honda Amaze VX i-DTEC,Honda,Kolkata,2014,6,64000.0,Diesel,Manual,Second,25.8,1498.0,98.6,5.0,3.5
Maruti Wagon R LXI,Maruti,Chennai,2004,16,61000.0,Petrol,Manual,Second,18.9,998.0,67.1,5.0,1.25
Mahindra Verito 1.5 D4 BSIV,Mahindra,Hyderabad,2013,7,107000.0,Diesel,Manual,First,21.03,1461.0,65.0,5.0,3.7
Mercedes-Benz New C-Class C 220d Avantgarde Edition C,Mercedes-Benz,Coimbatore,2018,2,29161.0,Diesel,Automatic,First,19.27,2143.0,167.62,5.0,39.41
Maruti Wagon R VXI,Maruti,Kolkata,2013,7,32000.0,Petrol,Manual,First,22.5,998.0,67.04,5.0,2.65
Nissan Terrano XV Premium 110 PS Anniversary Edition,Nissan,Coimbatore,2015,5,46173.0,Diesel,Manual,Second,19.01,1461.0,108.5,5.0,8.92
Maruti Swift VDI BSIV,Maruti,Delhi,2013,7,47000.0,Diesel,Manual,First,17.8,1248.0,,5.0,4.1
Mini Cooper Convertible S,Mini,Kochi,2017,3,26327.0,Petrol,Automatic,First,16.82,1998.0,189.08,4.0,35.67
Ford Figo Diesel,Ford,Bangalore,2015,5,70436.0,Diesel,Manual,First,,1498.0,99.0,,3.6
Tata Indica V2 DLS BSII,Tata,Jaipur,2007,13,200000.0,Diesel,Manual,Second,17.2,1396.0,53.5,5.0,0.85
Chevrolet Beat LT,Chevrolet,Kochi,2016,4,60813.0,Petrol,Manual,Second,18.6,1199.0,76.8,5.0,3.32
Volkswagen Polo Diesel Comfortline 1.2L,Volkswagen,Mumbai,2012,8,45000.0,Diesel,Manual,First,22.07,1199.0,73.9,5.0,3.6
Maruti Swift ZDi,Maruti,Hyderabad,2016,4,64000.0,Diesel,Manual,First,22.9,1248.0,74.0,5.0,6.8
Ford Figo Diesel EXI,Ford,Kolkata,2012,8,41284.0,Diesel,Manual,First,20.0,1399.0,68.05,5.0,2.5
Toyota Innova Crysta 2.8 GX AT,Toyota,Kochi,2019,1,14165.0,Diesel,Automatic,First,11.36,2755.0,171.5,7.0,19.64
Hyundai Santa Fe 4x4 AT,Hyundai,Mumbai,2011,9,67000.0,Diesel,Automatic,Second,11.72,2199.0,194.3,7.0,7.0
Honda City i-VTEC V,Honda,Kolkata,2011,9,32572.0,Petrol,Manual,First,17.4,1497.0,117.3,5.0,3.87
Hyundai i20 1.2 Magna Executive,Hyundai,Kochi,2018,2,14960.0,Petrol,Manual,First,18.6,1197.0,81.83,5.0,6.27
Mercedes-Benz New C-Class C 220d Avantgarde Edition C,Mercedes-Benz,Kochi,2015,5,55980.0,Diesel,Automatic,First,19.27,2143.0,167.62,5.0,18.12
Chevrolet Beat Diesel LT,Chevrolet,Mumbai,2013,7,74000.0,Diesel,Manual,First,25.44,936.0,57.6,5.0,2.65
Hyundai i20 Sportz 1.4 CRDi,Hyundai,Kochi,2015,5,56847.0,Diesel,Manual,First,22.54,1396.0,88.73,5.0,7.2
Toyota Innova 2.5 Z Diesel 7 Seater,Toyota,Coimbatore,2015,5,121374.0,Diesel,Manual,First,12.99,2494.0,100.6,7.0,14.3
Maruti Ertiga VDI,Maruti,Chennai,2013,7,52000.0,Diesel,Manual,First,20.77,1248.0,88.76,7.0,6.9
Toyota Innova 2.5 V Diesel 7-seater,Toyota,Mumbai,2014,6,118000.0,Diesel,Manual,First,12.8,2494.0,102.0,7.0,10.75
Hyundai Santro Xing XO eRLX Euro II,Hyundai,Mumbai,2007,13,72000.0,Petrol,Manual,Third,17.0,1086.0,,5.0,0.95
Honda City i VTEC V,Honda,Kochi,2016,4,33915.0,Petrol,Manual,First,17.8,1497.0,117.3,5.0,8.09
BMW X1 sDrive20d,BMW,Ahmedabad,2014,6,82002.0,Diesel,Automatic,First,17.05,1995.0,184.0,5.0,18.5
Hyundai Grand i10 CRDi Era,Hyundai,Mumbai,2017,3,33000.0,Diesel,Manual,First,24.0,1120.0,70.0,5.0,4.75
Maruti Ciaz 1.3 Alpha,Maruti,Chennai,2016,4,34000.0,Diesel,Manual,First,28.09,1248.0,88.5,5.0,8.45
Skoda Rapid Leisure 1.6 TDI MT,Skoda,Kolkata,2012,8,55000.0,Diesel,Manual,First,20.5,1598.0,103.6,5.0,3.5
Hyundai Accent CRDi,Hyundai,Kochi,2006,14,160538.0,Diesel,Manual,First,13.1,1493.0,82.0,5.0,1.8
Volkswagen Polo GT 1.5 TDI,Volkswagen,Jaipur,2014,6,60000.0,Diesel,Manual,Second,19.91,1498.0,103.6,5.0,3.7
Honda Jazz 1.2 VX i VTEC,Honda,Coimbatore,2017,3,49575.0,Petrol,Manual,First,18.7,1199.0,88.7,5.0,7.17
Hyundai i10 Era,Hyundai,Jaipur,2010,10,83000.0,Petrol,Manual,First,19.81,1086.0,68.05,5.0,1.75
Hyundai Tucson 2.0 e-VGT 2WD AT GLS,Hyundai,Kochi,2018,2,51346.0,Diesel,Automatic,First,16.38,1995.0,183.0,5.0,21.99
Toyota Innova Crysta 2.4 ZX MT,Toyota,Pune,2017,3,43000.0,Diesel,Manual,First,13.68,2393.0,147.8,7.0,18.65
Maruti Omni MPI CARGO BSIII W/ IMMOBILISER,Maruti,Jaipur,2011,9,35000.0,Petrol,Manual,Third,19.7,796.0,35.0,5.0,1.85
Maruti Swift VXI BSIV,Maruti,Coimbatore,2017,3,27872.0,Petrol,Manual,Second,20.4,1197.0,81.8,5.0,5.95
Hyundai Grand i10 Magna,Hyundai,Mumbai,2014,6,16514.0,Petrol,Manual,First,18.9,1197.0,82.0,5.0,3.75
Maruti Swift VDI,Maruti,Pune,2012,8,120000.0,Diesel,Manual,First,22.9,1248.0,74.0,5.0,3.75
Hyundai Verna CRDi 1.6 SX,Hyundai,Hyderabad,2008,12,143275.0,Diesel,Manual,First,22.0,1582.0,126.2,5.0,2.6
Hyundai Santro Xing XL,Hyundai,Hyderabad,2006,14,99000.0,Petrol,Manual,First,,1086.0,,5.0,1.75
Hyundai i20 1.2 Sportz,Hyundai,Mumbai,2010,10,52000.0,Petrol,Manual,First,17.0,1197.0,80.0,5.0,2.8
Mercedes-Benz GLE 350d,Mercedes-Benz,Coimbatore,2017,3,29819.0,Diesel,Automatic,First,11.57,2987.0,254.79,5.0,61.29
Mercedes-Benz New C-Class C 220 CDI CLASSIC,Mercedes-Benz,Bangalore,2014,6,57000.0,Diesel,Manual,Second,15.8,2148.0,170.0,5.0,18.0
Maruti Ritz ZDi,Maruti,Hyderabad,2014,6,88500.0,Diesel,Manual,First,23.2,1248.0,73.94,5.0,4.35
Hyundai Creta 1.6 CRDi SX,Hyundai,Bangalore,2016,4,28000.0,Diesel,Manual,First,19.67,1582.0,126.2,5.0,13.75
Maruti A-Star Vxi,Maruti,Pune,2010,10,67000.0,Petrol,Manual,First,19.0,998.0,66.1,5.0,2.0
Renault Duster 110PS Diesel RXZ Option,Renault,Delhi,2016,4,26000.0,Diesel,Manual,First,19.64,1461.0,108.45,5.0,10.0
Fiat Grande Punto 1.3 Emotion Pack (Diesel),Fiat,Delhi,2010,10,120000.0,Diesel,Manual,First,17.8,1248.0,76.0,5.0,1.65
BMW X3 xDrive30d M Sport,BMW,Coimbatore,2017,3,51982.0,Diesel,Automatic,First,16.55,2993.0,258.0,5.0,45.77
Hyundai i10 Sportz,Hyundai,Bangalore,2010,10,36000.0,Petrol,Manual,Second,20.36,1197.0,78.9,5.0,3.25
Toyota Innova 2.5 G4 Diesel 7-seater,Toyota,Pune,2016,4,47000.0,Diesel,Manual,First,12.8,2494.0,102.0,7.0,12.8
Maruti Zen VXI BSII,Maruti,Mumbai,2002,18,60000.0,Petrol,Manual,Third,17.3,993.0,60.0,5.0,0.55
Maruti Swift VDI,Maruti,Hyderabad,2018,2,31025.0,Diesel,Manual,First,28.4,1248.0,74.0,5.0,7.15
Mahindra Scorpio VLX 2.2 mHawk Airbag BSIV,Mahindra,Pune,2013,7,105000.0,Diesel,Manual,Second,12.05,2179.0,120.0,8.0,7.0
Tata Zest Quadrajet 1.3 75PS XE,Tata,Pune,2017,3,121900.0,Diesel,Manual,First,22.95,1248.0,74.0,5.0,3.75
Ford EcoSport 1.0 Ecoboost Titanium Plus,Ford,Mumbai,2017,3,22695.0,Petrol,Manual,First,18.88,999.0,123.24,5.0,8.5
Maruti Swift Dzire ZDI,Maruti,Jaipur,2012,8,73000.0,Diesel,Manual,First,23.4,1248.0,74.0,5.0,4.35
Maruti Alto 800 LXI,Maruti,Kochi,2016,4,32227.0,Petrol,Manual,First,22.74,796.0,47.3,5.0,3.26
Honda City 1.5 S MT,Honda,Jaipur,2011,9,55000.0,Petrol,Manual,First,17.0,1497.0,118.0,5.0,4.21
Audi Q7 3.0 TDI Quattro Technology,Audi,Kochi,2018,2,11287.0,Diesel,Automatic,First,12.07,2967.0,241.4,7.0,70.36
Skoda Laura 1.9 TDI AT Ambiente,Skoda,Mumbai,2009,11,48000.0,Diesel,Automatic,Second,17.0,1896.0,105.0,5.0,2.95
Hyundai Verna 1.6 SX VTVT (O),Hyundai,Kochi,2012,8,54308.0,Petrol,Manual,First,17.1,1591.0,121.3,5.0,4.28
Honda City 1.5 V AT,Honda,Jaipur,2009,11,78442.0,Petrol,Automatic,First,16.8,1497.0,118.0,5.0,3.57
Hyundai i20 Magna Optional 1.4 CRDi,Hyundai,Kolkata,2013,7,46000.0,Diesel,Manual,First,21.9,1396.0,88.8,5.0,3.11
Hyundai i20 Sportz AT 1.4,Hyundai,Coimbatore,2014,6,45051.0,Petrol,Automatic,First,15.0,1396.0,98.6,5.0,5.96
Volkswagen Vento Diesel Highline,Volkswagen,Hyderabad,2011,9,69000.0,Diesel,Manual,First,20.54,1598.0,103.6,5.0,4.7
Honda City i VTEC VX,Honda,Ahmedabad,2014,6,49000.0,Petrol,Manual,First,17.4,1497.0,117.3,5.0,6.9
Tata Zest Quadrajet 1.3 75PS XE,Tata,Pune,2018,2,45000.0,Diesel,Manual,First,22.95,1248.0,74.0,5.0,5.25
BMW 5 Series 2003-2012 520d,BMW,Pune,2015,5,64000.0,Diesel,Automatic,First,18.48,1995.0,177.0,5.0,28.0
Maruti Wagon R LXI Minor,Maruti,Delhi,2009,11,60000.0,Petrol,Manual,First,18.9,1061.0,67.0,5.0,1.35
Honda Jazz VX,Honda,Delhi,2015,5,62178.0,Petrol,Manual,First,18.2,1199.0,88.7,5.0,4.85
Volkswagen Jetta 2007-2011 2.0 TDI Comfortline,Volkswagen,Coimbatore,2012,8,58006.0,Diesel,Manual,First,15.0,1896.0,105.0,5.0,6.7
Hyundai i10 Magna 1.2,Hyundai,Hyderabad,2010,10,74000.0,Petrol,Manual,First,20.36,1197.0,78.9,5.0,3.1
Mercedes-Benz New C-Class C 220 CDI Avantgarde,Mercedes-Benz,Kochi,2015,5,77771.0,Diesel,Automatic,First,19.27,2143.0,170.0,5.0,18.64
Hyundai i10 Magna 1.2 iTech SE,Hyundai,Pune,2012,8,45275.0,Petrol,Manual,First,20.36,1197.0,78.9,5.0,2.8
Toyota Innova Crysta 2.4 ZX MT,Toyota,Chennai,2016,4,48000.0,Diesel,Manual,First,13.68,2393.0,147.8,7.0,20.25
Audi A6 2011-2015 2.0 TDI Technology,Audi,Kochi,2015,5,31652.0,Diesel,Automatic,First,17.68,1968.0,174.33,5.0,26.78
Toyota Innova 2.5 VX (Diesel) 7 Seater,Toyota,Hyderabad,2010,10,109000.0,Diesel,Manual,Second,12.99,2494.0,100.6,7.0,8.26
Volkswagen Polo Petrol Trendline 1.2L,Volkswagen,Mumbai,2015,5,31978.0,Petrol,Manual,First,16.47,1198.0,73.9,5.0,3.89
Maruti Alto K10 LXI,Maruti,Hyderabad,2011,9,70000.0,Petrol,Manual,First,20.92,998.0,67.1,5.0,2.1
Honda City i-VTEC CVT ZX,Honda,Mumbai,2017,3,15000.0,Petrol,Automatic,First,18.0,1497.0,117.3,5.0,12.69
Tata Indigo LX,Tata,Coimbatore,2013,7,59138.0,Diesel,Manual,First,17.0,1405.0,70.0,5.0,2.58
Audi A6 2011-2015 2.0 TDI Premium Plus,Audi,Kochi,2014,6,61726.0,Diesel,Automatic,First,17.68,1968.0,174.33,5.0,20.77
Mercedes-Benz GLA Class 200 CDI SPORT,Mercedes-Benz,Delhi,2015,5,48000.0,Diesel,Automatic,First,17.9,2143.0,136.0,5.0,20.26
Hyundai Santro Xing XL,Hyundai,Chennai,2006,14,58000.0,Petrol,Manual,Second,,1086.0,,5.0,1.5
Maruti Swift VDI BSIV,Maruti,Kolkata,2011,9,60020.0,Diesel,Manual,First,17.8,1248.0,,5.0,2.5
Maruti Celerio VXI AT,Maruti,Hyderabad,2014,6,77815.0,Petrol,Automatic,First,23.1,998.0,67.04,5.0,4.25
Mercedes-Benz GLE 250d,Mercedes-Benz,Hyderabad,2017,3,29000.0,Diesel,Automatic,First,17.9,2143.0,201.15,5.0,57.0
Land Rover Range Rover HSE Dynamic,Land,Delhi,2017,3,44000.0,Diesel,Automatic,First,12.7,2179.0,187.7,5.0,44.0
Volkswagen Vento Diesel Trendline,Volkswagen,Hyderabad,2011,9,108626.0,Diesel,Manual,First,20.54,1598.0,103.6,5.0,3.65
Maruti Omni 8 Seater BSIV,Maruti,Hyderabad,2012,8,71791.0,Petrol,Manual,First,14.0,796.0,35.0,5.0,2.05
Honda Brio 1.2 VX MT,Honda,Kochi,2012,8,91931.0,Petrol,Manual,First,18.5,1198.0,86.8,5.0,3.13
Tata Sumo Delux,Tata,Hyderabad,2000,20,158000.0,Diesel,Manual,Second,14.07,2956.0,83.1,7.0,1.5
Tata Indica Vista Aura 1.3 Quadrajet,Tata,Pune,2012,8,91183.0,Diesel,Manual,First,18.0,1248.0,75.0,5.0,2.85
Maruti Wagon R LXI BS IV,Maruti,Delhi,2012,8,65000.0,Petrol,Manual,First,18.9,998.0,67.1,5.0,2.65
Mahindra XUV500 W8 4WD,Mahindra,Hyderabad,2015,5,88428.0,Diesel,Manual,First,16.0,2179.0,140.0,7.0,10.6
Tata Indigo LS Dicor,Tata,Pune,2008,12,138000.0,Diesel,Manual,Second,17.1,1396.0,70.0,5.0,1.25
Maruti Ertiga Paseo VXI,Maruti,Mumbai,2018,2,18000.0,Petrol,Manual,First,16.02,1373.0,93.7,7.0,8.25
Honda Accord 2.4 A/T,Honda,Mumbai,2011,9,60000.0,Petrol,Automatic,First,11.7,2354.0,177.6,5.0,4.45
Maruti Swift Dzire VDi,Maruti,Kolkata,2012,8,48000.0,Diesel,Manual,First,19.3,1248.0,73.9,5.0,3.7
Ford Fiesta EXi 1.4 TDCi Ltd,Ford,Hyderabad,2009,11,160000.0,Diesel,Manual,First,17.8,1399.0,68.0,5.0,2.8
Honda City ZX GXi,Honda,Kolkata,2008,12,40000.0,Petrol,Manual,First,17.7,1497.0,78.0,5.0,1.8
Audi A6 2011-2015 2.0 TDI Premium Plus,Audi,Kochi,2014,6,51495.0,Diesel,Automatic,First,17.68,1968.0,174.33,5.0,21.95
BMW 6 Series 640d Gran Coupe,BMW,Mumbai,2011,9,30000.0,Diesel,Automatic,First,9.52,2993.0,313.0,4.0,49.0
Audi Q7 45 TDI Quattro Technology,Audi,Coimbatore,2017,3,97430.0,Diesel,Automatic,First,14.75,2967.0,245.0,7.0,62.67
Maruti Zen Estilo LXI Green (CNG),Maruti,Pune,2008,12,42496.0,CNG,Manual,First,26.3,998.0,67.1,5.0,1.4
Hyundai i20 1.4 CRDi Asta,Hyundai,Pune,2012,8,83000.0,Diesel,Manual,First,23.0,1396.0,90.0,5.0,5.5
Hyundai i10 Sportz AT,Hyundai,Bangalore,2009,11,37000.0,Petrol,Automatic,Third,16.95,1197.0,78.9,5.0,2.95
Honda Jazz 1.2 V CVT i VTEC,Honda,Kochi,2016,4,28503.0,Petrol,Automatic,First,19.0,1199.0,88.7,5.0,6.86
Maruti Swift VDI BSIV,Maruti,Hyderabad,2015,5,76496.0,Diesel,Manual,First,25.2,1248.0,74.0,5.0,6.15
Hyundai i20 Asta 1.2,Hyundai,Pune,2011,9,79152.0,Petrol,Manual,Second,18.5,1197.0,82.85,5.0,3.3
Volkswagen Polo Petrol Comfortline 1.2L,Volkswagen,Kolkata,2011,9,32000.0,Petrol,Manual,First,16.47,1198.0,73.9,5.0,2.55
Maruti Alto LXi,Maruti,Ahmedabad,2009,11,35000.0,Petrol,Manual,First,19.7,796.0,46.3,5.0,1.5
Toyota Corolla H4,Toyota,Chennai,2004,16,105000.0,Petrol,Automatic,Second,11.3,1794.0,125.0,5.0,2.5
Maruti Alto LXi,Maruti,Chennai,2006,14,56000.0,Petrol,Manual,Second,19.7,796.0,46.3,5.0,1.4
Tata Manza ELAN Quadrajet BS IV,Tata,Pune,2012,8,73000.0,Diesel,Manual,First,21.12,1248.0,88.8,5.0,3.4
Maruti Alto LXi,Maruti,Pune,2012,8,38000.0,Petrol,Manual,First,19.7,796.0,46.3,5.0,2.25
Skoda Octavia Ambition Plus 2.0 TDI AT,Skoda,Kolkata,2013,7,,Diesel,Automatic,First,19.3,1968.0,141.0,5.0,7.5
Toyota Corolla H4,Toyota,Kolkata,2008,12,80000.0,Petrol,Automatic,First,11.3,1794.0,125.0,5.0,2.8
Hyundai i20 Asta Option 1.2,Hyundai,Coimbatore,2016,4,24973.0,Petrol,Manual,First,18.6,1197.0,81.83,5.0,7.66
Maruti Vitara Brezza LDi,Maruti,Chennai,2016,4,45000.0,Diesel,Manual,First,24.3,1248.0,88.5,5.0,7.15
Honda City 1.5 V MT,Honda,Delhi,2010,10,87430.0,Petrol,Manual,First,17.0,1497.0,118.0,5.0,3.5
Tata Indica Vista Aqua 1.3 Quadrajet,Tata,Hyderabad,2014,6,133944.0,Diesel,Manual,Second,18.0,1248.0,75.0,5.0,3.5
Honda Amaze S i-Dtech,Honda,Kolkata,2013,7,57000.0,Diesel,Manual,First,25.8,1498.0,98.6,5.0,3.45
Hyundai EON D Lite Plus,Hyundai,Coimbatore,2016,4,27904.0,Petrol,Manual,First,21.1,814.0,55.2,5.0,3.55
BMW 3 Series Luxury Line,BMW,Kochi,2015,5,30717.0,Diesel,Automatic,Second,21.76,1995.0,190.0,5.0,25.99
Hyundai Verna 1.6 SX,Hyundai,Bangalore,2012,8,80000.0,Diesel,Manual,First,22.32,1582.0,126.32,5.0,5.25
Tata Manza Club Class Quadrajet90 LS,Tata,Ahmedabad,2013,7,47304.0,Diesel,Manual,First,21.02,1248.0,88.8,5.0,2.9
Skoda Octavia RS,Skoda,Jaipur,2005,15,100000.0,Petrol,Automatic,First,14.45,1984.0,227.0,5.0,2.05
Maruti Alto K10 VXI,Maruti,Pune,2017,3,30000.0,Petrol,Manual,First,24.07,998.0,67.1,5.0,3.75
Ford Ecosport 1.5 DV5 MT Titanium Optional,Ford,Mumbai,2014,6,68000.0,Diesel,Manual,First,22.7,1498.0,89.84,5.0,6.75
Chevrolet Spark 1.0 LS,Chevrolet,Kolkata,2011,9,21000.0,Petrol,Manual,Second,18.0,995.0,62.0,5.0,0.95
Jaguar XF 2.0 Diesel Portfolio,Jaguar,Hyderabad,2017,3,21000.0,Diesel,Automatic,First,19.33,1999.0,177.0,5.0,52.0
Honda CR-V RVi MT,Honda,Jaipur,2007,13,119000.0,Petrol,Manual,Third,13.1,1997.0,141.1,5.0,3.91
Skoda Superb L&K 1.8 TSI AT,Skoda,Kochi,2019,1,13747.0,Petrol,Automatic,First,14.67,1798.0,177.46,5.0,27.3
Hyundai i10 Magna 1.2,Hyundai,Chennai,2009,11,,Petrol,Manual,First,20.36,1197.0,78.9,5.0,2.7
Maruti Swift LDI,Maruti,Delhi,2013,7,70000.0,Diesel,Manual,First,22.9,1248.0,74.0,5.0,3.5
Maruti Swift Dzire VXi AT,Maruti,Mumbai,2016,4,18000.0,Petrol,Automatic,First,18.5,1197.0,83.14,5.0,6.2
Nissan Micra Diesel XV,Nissan,Chennai,2011,9,83000.0,Diesel,Manual,First,23.08,1461.0,63.1,5.0,2.75
Maruti Swift Dzire Tour LDI,Maruti,Mumbai,2015,5,130000.0,Diesel,Manual,First,23.4,1248.0,74.0,5.0,3.25
Ford Fiesta Classic 1.4 Duratorq CLXI,Ford,Pune,2012,8,63400.0,Diesel,Manual,First,17.8,1399.0,67.0,5.0,3.25
Maruti Zen LX,Maruti,Kolkata,2003,17,65000.0,Petrol,Manual,First,17.3,993.0,60.0,5.0,0.65
Mini Clubman Cooper S,Mini,Pune,2017,3,8350.0,Petrol,Manual,First,13.8,1998.0,192.0,5.0,35.0
Toyota Etios GD,Toyota,Kolkata,2014,6,45000.0,Diesel,Manual,First,23.59,1364.0,67.05,5.0,3.25
Maruti Alto 800 2016-2019 LXI,Maruti,Kolkata,2018,2,26200.0,Petrol,Manual,First,24.7,796.0,47.3,5.0,2.9
Maruti Alto VXi,Maruti,Bangalore,2011,9,11000.0,Petrol,Manual,Third,18.9,796.0,47.0,5.0,2.9
BMW X5 3.0d,BMW,Bangalore,2009,11,90000.0,Diesel,Automatic,Second,11.0,2993.0,235.0,5.0,17.75
Nissan Teana XV,Nissan,Mumbai,2015,5,74000.0,Petrol,Automatic,Second,11.07,2496.0,179.5,5.0,8.25
Hyundai Grand i10 AT Asta,Hyundai,Coimbatore,2015,5,37081.0,Petrol,Automatic,First,18.9,1197.0,82.0,5.0,5.77
Maruti Vitara Brezza ZDi Plus,Maruti,Hyderabad,2017,3,39000.0,Diesel,Manual,First,24.3,1248.0,88.5,5.0,9.49
Audi Q7 3.0 TDI Quattro Premium Plus,Audi,Mumbai,2008,12,99000.0,Diesel,Automatic,Third,12.07,2967.0,241.4,7.0,12.95
Mercedes-Benz GLA Class 200 CDI,Mercedes-Benz,Chennai,2015,5,38000.0,Diesel,Automatic,First,17.9,2143.0,136.0,5.0,20.0
Maruti 800 AC,Maruti,Chennai,2007,13,72000.0,Petrol,Manual,Third,16.1,796.0,37.0,4.0,1.0
Renault Duster 85PS Diesel RxL,Renault,Chennai,2015,5,93000.0,Diesel,Manual,Second,20.45,1461.0,83.8,5.0,7.1
Toyota Corolla Altis D-4D GL,Toyota,Mumbai,2017,3,5900.0,Diesel,Manual,First,21.43,1364.0,87.2,5.0,16.5
Mercedes-Benz New C-Class 220,Mercedes-Benz,Chennai,2014,6,25000.0,Diesel,Manual,First,15.8,2148.0,170.0,5.0,26.0
Maruti Ritz VDi,Maruti,Hyderabad,2010,10,68000.0,Diesel,Manual,Second,21.1,1248.0,73.9,5.0,3.2
Honda BRV i-VTEC V CVT,Honda,Kochi,2017,3,35676.0,Petrol,Automatic,First,16.0,1497.0,117.3,7.0,9.48
Hyundai Xcent 1.1 CRDi Base,Hyundai,Kochi,2015,5,74310.0,Diesel,Manual,First,24.4,1120.0,71.0,5.0,4.0
Mercedes-Benz E-Class 2009-2013 E250 CDI Avantgarde,Mercedes-Benz,Jaipur,2014,6,59364.0,Diesel,Automatic,First,14.21,2143.0,203.0,5.0,26.5
Mercedes-Benz B Class B180,Mercedes-Benz,Kochi,2014,6,41380.0,Petrol,Automatic,Second,14.8,1595.0,120.7,5.0,11.77
Mercedes-Benz E-Class 2015-2017 E250 Edition E,Mercedes-Benz,Bangalore,2017,3,33900.0,Diesel,Automatic,First,15.0,2143.0,204.0,5.0,37.0
Honda City i VTEC VX Option,Honda,Mumbai,2016,4,28000.0,Petrol,Manual,First,17.8,1497.0,117.3,5.0,8.75
Hyundai Santro Xing XL eRLX Euro III,Hyundai,Hyderabad,2007,13,50958.0,Petrol,Manual,First,17.0,1086.0,,5.0,1.95
Honda City 1.5 S MT,Honda,Chennai,2011,9,93982.0,Petrol,Manual,First,17.0,1497.0,118.0,5.0,3.75
Hyundai Verna Transform VTVT,Hyundai,Pune,2010,10,95000.0,Petrol,Manual,First,16.2,1599.0,103.2,5.0,2.5
Jaguar XE Portfolio,Jaguar,Mumbai,2017,3,9000.0,Petrol,Automatic,First,13.5,1999.0,246.74,5.0,34.5
Honda Amaze S i-Vtech,Honda,Delhi,2015,5,52516.0,Petrol,Manual,First,18.0,1198.0,86.7,5.0,4.65
Mini Cooper Convertible 1.6,Mini,Bangalore,2015,5,20000.0,Petrol,Automatic,First,18.86,1598.0,122.0,4.0,32.0
Mercedes-Benz S Class 2005 2013 S 350 CDI,Mercedes-Benz,Coimbatore,2017,3,56451.0,Diesel,Automatic,First,13.5,2987.0,282.0,5.0,62.81
Hyundai EON Magna Plus,Hyundai,Chennai,2014,6,37000.0,Petrol,Manual,First,21.1,814.0,55.2,5.0,3.25
Maruti Wagon R VXI BS IV,Maruti,Kolkata,2014,6,17400.0,Petrol,Manual,First,20.51,998.0,67.04,5.0,3.1
Maruti Ritz LDi,Maruti,Coimbatore,2011,9,90207.0,Diesel,Manual,First,21.1,1248.0,73.9,5.0,3.91
BMW 3 Series 320d Sedan,BMW,Chennai,2011,9,89616.0,Diesel,Automatic,First,16.07,1995.0,181.0,5.0,11.0
Tata Xenon XT EX 4X2,Tata,Pune,2014,6,85000.0,Diesel,Manual,First,13.49,2179.0,138.03,5.0,3.5
Audi A3 35 TDI Attraction,Audi,Chennai,2014,6,79271.0,Diesel,Automatic,First,20.38,1968.0,143.0,5.0,16.5
Land Rover Range Rover 2.2L Dynamic,Land,Hyderabad,2012,8,56000.0,Diesel,Automatic,First,12.7,2179.0,187.7,5.0,30.0
Mercedes-Benz GL-Class 2007 2012 350 CDI Luxury,Mercedes-Benz,Pune,2010,10,85001.0,Diesel,Automatic,Second,12.0,2987.0,224.0,7.0,28.0
Mitsubishi Pajero Sport 4X2 AT DualTone BlackTop,Mitsubishi,Hyderabad,2018,2,12000.0,Diesel,Automatic,First,13.5,2477.0,175.56,7.0,28.0
Maruti Alto LX,Maruti,Jaipur,2010,10,125000.0,Petrol,Manual,First,19.7,796.0,46.3,5.0,0.92
Maruti Wagon R LXI BSIII,Maruti,Pune,2013,7,53000.0,Petrol,Manual,First,14.0,1061.0,64.0,5.0,2.75
Land Rover Range Rover 2.2L Prestige,Land,Coimbatore,2017,3,34990.0,Diesel,Automatic,First,12.7,2179.0,187.7,5.0,53.83
Hyundai Verna 1.6 SX VTVT,Hyundai,Pune,2011,9,49768.0,Petrol,Manual,Second,17.01,1591.0,121.3,5.0,4.95
BMW 5 Series 525d Sedan,BMW,Hyderabad,2013,7,56000.0,Diesel,Automatic,First,16.73,2993.0,218.0,5.0,33.5
Jaguar XF Diesel,Jaguar,Bangalore,2013,7,75000.0,Diesel,Automatic,First,14.74,2993.0,270.9,5.0,27.95
Skoda Superb Elegance 1.8 TSI AT,Skoda,Hyderabad,2010,10,57000.0,Petrol,Automatic,First,13.7,1798.0,157.75,5.0,7.25
Audi Q3 35 TDI Quattro Premium,Audi,Kochi,2017,3,37542.0,Diesel,Automatic,First,15.73,1968.0,174.33,5.0,25.71
Land Rover Range Rover 2.2L Pure,Land,Coimbatore,2014,6,95649.0,Diesel,Automatic,First,12.7,2179.0,187.7,5.0,29.67
Mercedes-Benz New C-Class 220 CDI AT,Mercedes-Benz,Jaipur,2013,7,35299.0,Diesel,Automatic,First,14.84,2143.0,170.0,5.0,19.0
Mahindra Scorpio S10 4WD,Mahindra,Kochi,2017,3,28464.0,Diesel,Manual,First,15.4,2179.0,120.0,7.0,13.05
BMW 3 Series Luxury Line,BMW,Mumbai,2015,5,41000.0,Diesel,Automatic,First,21.76,1995.0,190.0,5.0,25.5
Honda BR-V i-VTEC S MT,Honda,Pune,2017,3,9000.0,Petrol,Manual,First,15.4,1497.0,117.3,7.0,8.5
Volvo S80 2006-2013 D5,Volvo,Chennai,2010,10,92098.0,Diesel,Automatic,Second,16.0,2400.0,215.0,5.0,7.25
Hyundai Accent GLE,Hyundai,Pune,2005,15,5834.0,Petrol,Manual,First,13.2,1495.0,94.0,5.0,0.8
Hyundai i20 Active SX Petrol,Hyundai,Jaipur,2017,3,40250.0,Petrol,Manual,First,17.19,1197.0,81.86,5.0,6.9
Mercedes-Benz GLC 43 AMG Coupe,Mercedes-Benz,Coimbatore,2018,2,22397.0,Petrol,Automatic,First,11.5,2996.0,367.0,5.0,70.99
Hyundai EON Magna Plus,Hyundai,Kolkata,2015,5,20800.0,Petrol,Manual,Second,21.1,814.0,55.2,5.0,2.25
Hyundai Grand i10 SportZ Edition,Hyundai,Kochi,2018,2,40322.0,Petrol,Manual,First,18.9,1197.0,81.86,5.0,5.5
Honda City 1.5 EXI S,Honda,Mumbai,2013,7,52576.0,Petrol,Manual,First,13.0,1493.0,100.0,5.0,4.35
Volkswagen Polo Petrol Trendline 1.2L,Volkswagen,Kolkata,2010,10,55000.0,Petrol,Manual,First,16.47,1198.0,73.9,5.0,2.25
Audi A6 35 TFSI Matrix,Audi,Mumbai,2016,4,47000.0,Petrol,Automatic,First,15.26,1798.0,187.74,5.0,24.5
Volkswagen Jetta 2007-2011 1.9 L TDI,Volkswagen,Hyderabad,2010,10,42021.0,Diesel,Manual,First,,1968.0,,5.0,5.45
Hyundai Creta 1.6 SX Plus Dual Tone Petrol,Hyundai,Coimbatore,2017,3,23163.0,Petrol,Manual,First,15.29,1591.0,121.3,5.0,12.03
Mercedes-Benz New C-Class C 200 CGI Avantgarde,Mercedes-Benz,Mumbai,2011,9,50000.0,Petrol,Automatic,Second,11.74,1796.0,186.0,5.0,8.5
Mini Cooper Convertible S,Mini,Mumbai,2014,6,11900.0,Petrol,Automatic,First,16.82,1998.0,189.08,4.0,28.5
Hyundai Santro Xing XO eRLX Euro II,Hyundai,Pune,2006,14,108000.0,Petrol,Manual,Second,17.0,1086.0,,5.0,1.2
Toyota Etios VD,Toyota,Bangalore,2013,7,37000.0,Diesel,Manual,First,23.59,1364.0,67.04,5.0,5.75
Honda Brio S MT,Honda,Delhi,2014,6,30000.0,Petrol,Manual,Second,19.4,1198.0,86.8,5.0,3.2
Maruti Baleno Alpha Automatic,Maruti,Coimbatore,2018,2,12831.0,Petrol,Automatic,First,21.4,1197.0,83.1,5.0,9.89
Skoda Laura Ambiente 2.0 TDI CR AT,Skoda,Coimbatore,2012,8,143017.0,Diesel,Automatic,First,20.0,1968.0,138.1,5.0,6.58
Hyundai EON Era Plus,Hyundai,Kochi,2018,2,13102.0,Petrol,Manual,First,21.1,814.0,55.2,5.0,4.06
Renault Captur 1.5 Diesel RXL,Renault,Coimbatore,2019,1,24950.0,Diesel,Manual,First,20.37,1461.0,108.45,5.0,13.37
BMW 5 Series 2003-2012 GT 530d LE,BMW,Coimbatore,2011,9,57832.0,Diesel,Automatic,First,16.2,2993.0,258.0,5.0,25.82
Maruti Alto 800 LXI,Maruti,Kochi,2016,4,34267.0,Petrol,Manual,First,22.74,796.0,47.3,5.0,3.74
Volvo V40 D3,Volvo,Bangalore,2015,5,33000.0,Diesel,Automatic,Second,16.8,1984.0,150.0,5.0,22.0
Maruti Wagon R LXI BSII,Maruti,Ahmedabad,2007,13,55100.0,Petrol,Manual,First,18.9,998.0,67.1,5.0,1.45
Honda City ZX GXi,Honda,Kolkata,2008,12,40000.0,Petrol,Manual,First,17.7,1497.0,78.0,5.0,2.0
Maruti Eeco 5 STR With AC Plus HTR CNG,Maruti,Kochi,2017,3,31841.0,CNG,Manual,First,15.1,1196.0,73.0,5.0,4.7
Chevrolet Enjoy 1.4 LS 8,Chevrolet,Kolkata,2014,6,15000.0,Petrol,Manual,First,13.7,1399.0,98.79,8.0,3.75
Mahindra Bolero ZLX,Mahindra,Coimbatore,2016,4,82756.0,Diesel,Manual,First,15.96,2523.0,62.1,7.0,7.7
Hyundai Santro GLS I - Euro I,Hyundai,Coimbatore,2012,8,50243.0,Petrol,Manual,First,,1086.0,,5.0,3.35
Hyundai EON D Lite,Hyundai,Hyderabad,2014,6,20600.0,Petrol,Manual,First,21.1,814.0,55.2,5.0,2.6
Hyundai Creta 1.6 SX Plus Petrol Automatic,Hyundai,Coimbatore,2017,3,29952.0,Petrol,Automatic,First,13.0,1591.0,121.3,5.0,13.77
Volkswagen Vento 1.6 Comfortline,Volkswagen,Mumbai,2017,3,15000.0,Petrol,Manual,Second,16.09,1598.0,103.5,5.0,7.1
Honda Civic 2006-2010 1.8 S AT,Honda,Pune,2008,12,61938.0,Petrol,Automatic,Second,12.9,1799.0,130.0,5.0,2.65
Tata Indica Vista Quadrajet LS,Tata,Hyderabad,2014,6,67000.0,Diesel,Manual,First,22.3,1248.0,74.0,5.0,2.5
Mahindra XUV500 W8 2WD,Mahindra,Kochi,2013,7,61672.0,Diesel,Manual,First,16.0,2179.0,140.0,7.0,7.53
Hyundai i20 1.2 Asta Option,Hyundai,Coimbatore,2017,3,26185.0,Petrol,Manual,First,18.6,1197.0,81.83,5.0,7.98
Audi Q5 30 TDI quattro Premium Plus,Audi,Bangalore,2014,6,38000.0,Diesel,Automatic,Second,14.16,1968.0,174.3,5.0,39.0
Maruti Ritz VXi,Maruti,Chennai,2011,9,67000.0,Petrol,Manual,Second,18.5,1197.0,85.8,5.0,2.25
Mitsubishi Cedia Sports,Mitsubishi,Chennai,2010,10,66000.0,Petrol,Manual,Second,13.17,1999.0,114.0,5.0,3.85
Toyota Innova 2.5 V Diesel 7-seater,Toyota,Hyderabad,2015,5,80883.0,Diesel,Manual,First,12.8,2494.0,102.0,7.0,13.5
Maruti Celerio LDi,Maruti,Hyderabad,2016,4,80219.0,Diesel,Manual,First,27.62,793.0,47.0,5.0,3.5
Maruti S-Cross Delta DDiS 200 SH,Maruti,Delhi,2018,2,12923.0,Diesel,Manual,First,25.1,1248.0,88.5,5.0,8.92
Audi Q3 35 TDI Quattro Premium Plus,Audi,Coimbatore,2016,4,86642.0,Diesel,Automatic,First,15.17,1968.0,181.0,5.0,20.37
BMW 3 Series Luxury Line,BMW,Bangalore,2016,4,19235.0,Diesel,Automatic,First,21.76,1995.0,190.0,5.0,36.5
Audi Q7 4.2 TDI Quattro Technology,Audi,Coimbatore,2016,4,51002.0,Diesel,Automatic,First,11.33,4134.0,335.2,7.0,48.91
Hyundai i20 2015-2017 Asta 1.2,Hyundai,Pune,2016,4,6800.0,Petrol,Manual,First,18.6,1197.0,81.83,5.0,7.2
Renault Duster 110PS Diesel RxL,Renault,Hyderabad,2012,8,82749.0,Diesel,Manual,First,19.01,1461.0,108.45,5.0,5.99
Hyundai Xcent 1.1 CRDi S Celebration Edition,Hyundai,Pune,2016,4,51000.0,Diesel,Manual,First,24.4,1120.0,71.0,5.0,5.25
Ford Ecosport 1.5 DV5 MT Titanium,Ford,Delhi,2014,6,31465.0,Diesel,Manual,First,22.7,1498.0,89.84,5.0,6.5
Volkswagen Polo Petrol Trendline 1.2L,Volkswagen,Hyderabad,2013,7,76476.0,Petrol,Manual,First,16.47,1198.0,73.9,5.0,4.4
Hyundai Grand i10 CRDi Magna,Hyundai,Kolkata,2017,3,14000.0,Diesel,Manual,First,24.0,1120.0,70.0,5.0,4.6
Tata Manza Aqua Quadrajet BS IV,Tata,Ahmedabad,2013,7,47000.0,Diesel,Manual,First,21.12,1248.0,88.8,5.0,2.95
Honda City 1.5 V MT,Honda,Kolkata,2011,9,48466.0,Petrol,Manual,First,17.0,1497.0,118.0,5.0,3.26
Hyundai Santro Xing GLS,Hyundai,Bangalore,2008,12,46000.0,Petrol,Manual,Second,17.92,1086.0,62.1,5.0,2.22
Toyota Innova 2.5 VX (Diesel) 7 Seater,Toyota,Hyderabad,2012,8,162663.0,Diesel,Manual,First,12.99,2494.0,100.0,7.0,10.5
Maruti Ciaz 1.3 S,Maruti,Coimbatore,2017,3,25142.0,Diesel,Manual,First,28.09,1248.0,88.5,5.0,8.26
Toyota Fortuner 4x4 MT TRD Sportivo,Toyota,Delhi,2013,7,69000.0,Diesel,Manual,First,12.55,2982.0,169.0,7.0,14.45
Ford Fiesta 1.6 SXI ABS Duratec,Ford,Chennai,2009,11,80524.0,Petrol,Manual,Second,15.3,1596.0,,5.0,2.5
Mercedes-Benz E-Class E 220 d,Mercedes-Benz,Kochi,2018,2,26405.0,Petrol,Automatic,First,12.6,1950.0,191.34,5.0,51.43
Mercedes-Benz New C-Class 220 CDI MT,Mercedes-Benz,Chennai,2014,6,45000.0,Diesel,Manual,First,15.8,2148.0,170.0,5.0,23.0
Skoda Yeti Ambition 4X2,Skoda,Kolkata,2012,8,64284.0,Diesel,Manual,First,17.72,1968.0,108.49,5.0,5.5
Hyundai Grand i10 Sportz,Hyundai,Delhi,2015,5,27000.0,Petrol,Manual,First,18.9,1197.0,82.0,5.0,4.5
Ford Figo 2015-2019 1.2P Titanium MT,Ford,Hyderabad,2018,2,3678.0,Petrol,Manual,First,18.16,1196.0,86.8,5.0,6.8
Skoda Octavia Ambition 1.4 TSI MT,Skoda,Mumbai,2013,7,21000.0,Petrol,Manual,First,16.8,1395.0,138.02,5.0,8.75
Renault Duster 85PS Diesel RxL Option,Renault,Mumbai,2015,5,67000.0,Diesel,Manual,Second,19.87,1461.0,83.8,5.0,7.0
Land Rover Range Rover Evoque 2.0 TD4 Pure,Land,Delhi,2015,5,24000.0,Diesel,Automatic,Second,15.68,1999.0,177.0,5.0,33.5
Ford Figo Diesel EXI,Ford,Chennai,2011,9,75000.0,Diesel,Manual,Second,20.0,1399.0,68.0,5.0,2.25
Ford Endeavour Hurricane Limited Edition,Ford,Hyderabad,2008,12,179000.0,Diesel,Automatic,Second,12.8,2953.0,156.0,7.0,4.24
Toyota Fortuner 4x4 MT,Toyota,Coimbatore,2017,3,47198.0,Diesel,Manual,First,12.55,2982.0,168.5,7.0,28.42
Volkswagen Polo Diesel Comfortline 1.2L,Volkswagen,Kolkata,2012,8,52000.0,Diesel,Manual,First,22.07,1199.0,73.9,5.0,2.75
Maruti Ritz VDi,Maruti,Jaipur,2011,9,91000.0,Diesel,Manual,First,23.2,1248.0,73.94,5.0,3.0
Nissan Micra Diesel XV Premium,Nissan,Pune,2013,7,60000.0,Diesel,Manual,First,23.08,1461.0,63.1,5.0,3.55
Hyundai Verna 1.6 SX,Hyundai,Kolkata,2013,7,37873.0,Diesel,Manual,First,22.32,1582.0,126.32,5.0,4.8
BMW 5 Series 2003-2012 523i,BMW,Kolkata,2011,9,31000.0,Petrol,Automatic,First,10.8,2497.0,150.0,5.0,13.5
Mercedes-Benz GLS 350d 4MATIC,Mercedes-Benz,Pune,2017,3,129000.0,Diesel,Automatic,First,11.0,2987.0,258.0,7.0,56.0
Honda CR-V 2.4L 4WD AT,Honda,Hyderabad,2004,16,78000.0,Petrol,Automatic,First,12.0,2354.0,187.4,5.0,3.99
Hyundai Creta 1.6 CRDi AT SX Plus,Hyundai,Bangalore,2016,4,32000.0,Diesel,Automatic,First,17.01,1582.0,126.2,5.0,15.5
Hyundai i10 Era,Hyundai,Jaipur,2010,10,59000.0,Petrol,Manual,Second,19.81,1086.0,68.05,5.0,2.32
Mercedes-Benz A Class A200 CDI Sport,Mercedes-Benz,Kochi,2016,4,35437.0,Diesel,Automatic,First,20.0,2143.0,136.0,5.0,18.58
Maruti Ertiga VXI,Maruti,Jaipur,2014,6,98000.0,Petrol,Manual,First,16.02,1373.0,93.7,7.0,5.5
Skoda Octavia Classic 1.9 TDI MT,Skoda,Chennai,2006,14,72000.0,Diesel,Manual,Second,18.7,1896.0,66.0,5.0,3.2
Honda Amaze VX i-Vtech,Honda,Pune,2015,5,79000.0,Petrol,Manual,First,18.0,1198.0,86.7,5.0,4.0
Maruti Zen LXi BSII,Maruti,Chennai,2004,16,29000.0,Petrol,Manual,First,17.3,993.0,60.0,5.0,1.6
Maruti SX4 ZXI MT BSIV,Maruti,Kochi,2013,7,66012.0,Petrol,Manual,First,15.5,1586.0,103.3,5.0,4.15
Honda Brio VX AT,Honda,Mumbai,2014,6,35000.0,Petrol,Automatic,First,16.5,1198.0,86.8,5.0,4.25
Maruti Wagon R VXI,Maruti,Ahmedabad,2011,9,75000.0,Petrol,Manual,First,18.9,998.0,67.1,5.0,2.6
Toyota Camry A/T,Toyota,Mumbai,2008,12,80000.0,Petrol,Automatic,Second,12.1,2362.0,164.7,5.0,3.43
Chevrolet Beat LS,Chevrolet,Kochi,2012,8,32717.0,Petrol,Manual,First,18.6,1199.0,79.4,5.0,2.55
Toyota Fortuner 4x4 AT,Toyota,Delhi,2017,3,25000.0,Diesel,Automatic,First,12.55,2982.0,168.5,7.0,32.0
Ford Ecosport 1.5 DV5 MT Titanium Optional,Ford,Mumbai,2014,6,79000.0,Diesel,Manual,First,22.7,1498.0,89.84,5.0,6.25
Maruti Swift Vdi BSIII,Maruti,Hyderabad,2010,10,86000.0,Diesel,Manual,Second,17.8,1248.0,75.0,5.0,3.6
Mercedes-Benz S Class 2005 2013 S 350 CDI,Mercedes-Benz,Pune,2010,10,137000.0,Diesel,Automatic,First,13.5,2987.0,282.0,5.0,18.5
Honda Mobilio S i VTEC,Honda,Mumbai,2015,5,25000.0,Petrol,Manual,Second,17.3,1497.0,117.3,7.0,4.25
Hyundai Grand i10 Sportz,Hyundai,Mumbai,2017,3,8500.0,Petrol,Manual,Second,18.9,1197.0,82.0,5.0,4.8
Mahindra XUV500 AT W8 FWD,Mahindra,Bangalore,2015,5,34000.0,Diesel,Automatic,First,16.0,2179.0,140.0,7.0,13.0
Skoda Fabia 1.6 MPI Elegance,Skoda,Pune,2012,8,41629.0,Petrol,Manual,Second,14.83,1598.0,105.0,5.0,2.25
Hyundai Santro Xing GLS,Hyundai,Hyderabad,2009,11,80227.0,Petrol,Manual,First,17.92,1086.0,62.1,5.0,2.3
Hyundai Creta 1.6 SX Plus Dual Tone Petrol,Hyundai,Kochi,2019,1,8587.0,Petrol,Manual,First,15.29,1591.0,121.3,5.0,13.56
Mahindra Scorpio 1.99 S8,Mahindra,Delhi,2017,3,30000.0,Diesel,Manual,First,15.4,1997.0,120.0,7.0,12.25
Skoda Rapid 1.6 TDI Ambition,Skoda,Pune,2013,7,64186.0,Diesel,Manual,First,20.5,1598.0,103.5,5.0,3.76
Renault Duster 110PS Diesel RxZ,Renault,Coimbatore,2015,5,76427.0,Diesel,Manual,First,19.01,1461.0,108.45,5.0,8.58
BMW X5 xDrive 30d,BMW,Hyderabad,2011,9,75000.0,Diesel,Automatic,First,11.7,2993.0,245.0,5.0,27.5
Toyota Etios G,Toyota,Coimbatore,2013,7,27075.0,Petrol,Manual,First,17.6,1496.0,88.73,5.0,4.95
Maruti Wagon R LXI,Maruti,Ahmedabad,2012,8,30000.0,Petrol,Manual,First,22.5,998.0,67.04,5.0,3.3
Hyundai Creta 1.6 SX,Hyundai,Chennai,2016,4,69434.0,Petrol,Manual,First,15.8,1591.0,121.3,5.0,8.0
Maruti Celerio VXI,Maruti,Jaipur,2014,6,56000.0,Petrol,Manual,First,23.1,998.0,67.04,5.0,2.79
Land Rover Range Rover HSE Dynamic,Land,Coimbatore,2017,3,49275.0,Diesel,Automatic,First,12.7,2179.0,187.7,5.0,45.64
Chevrolet Beat LT,Chevrolet,Pune,2014,6,8700.0,Petrol,Manual,First,18.6,1199.0,76.8,5.0,2.55
Tata Nano Twist XT,Tata,Ahmedabad,2014,6,18000.0,Petrol,Manual,Second,25.4,624.0,37.5,4.0,1.0
Audi A6 2011-2015 35 TDI Technology,Audi,Coimbatore,2017,3,41041.0,Diesel,Automatic,First,17.68,1968.0,174.33,5.0,37.56
Mercedes-Benz E-Class 280 CDI,Mercedes-Benz,Kochi,2009,11,80464.0,Diesel,Automatic,Second,11.0,2987.0,198.5,5.0,9.29
Maruti Swift VXI,Maruti,Kochi,2019,1,20667.0,Petrol,Manual,First,22.0,1197.0,81.8,5.0,6.37
Fiat Linea T Jet,Fiat,Coimbatore,2013,7,60283.0,Petrol,Manual,First,14.6,1368.0,112.0,5.0,2.98
Maruti Swift VXI Optional,Maruti,Kochi,2017,3,31696.0,Petrol,Manual,First,20.4,1197.0,81.8,5.0,5.75
Toyota Fortuner 3.0 Diesel,Toyota,Hyderabad,2010,10,100000.0,Diesel,Manual,First,11.5,2982.0,171.0,7.0,13.0
Maruti Ertiga ZXI,Maruti,Mumbai,2014,6,13361.0,Petrol,Manual,First,16.02,1373.0,93.7,7.0,6.8
BMW 3 Series 320i Sedan,BMW,Coimbatore,2010,10,48394.0,Petrol,Automatic,First,12.05,1995.0,154.0,5.0,10.49
Maruti Ertiga VXI,Maruti,Jaipur,2014,6,47399.0,Petrol,Manual,First,16.02,1373.0,93.7,7.0,5.6
Honda City 1.5 V AT,Honda,Mumbai,2010,10,69000.0,Petrol,Automatic,Second,16.8,1497.0,118.0,5.0,2.85
Hyundai Santa Fe 4X4,Hyundai,Coimbatore,2013,7,65278.0,Diesel,Manual,First,14.66,2199.0,194.3,7.0,8.36
Tata Indigo LS,Tata,Jaipur,2005,15,108000.0,Diesel,Manual,First,17.0,1405.0,70.0,5.0,1.0
Mercedes-Benz E-Class 2009-2013 E 250 Elegance,Mercedes-Benz,Kolkata,2010,10,50645.0,Petrol,Automatic,Second,10.93,2497.0,204.0,5.0,10.75
Maruti Swift Dzire LDi,Maruti,Hyderabad,2011,9,130002.0,Diesel,Manual,First,19.3,1248.0,73.9,5.0,3.85
Ford Fiesta Classic 1.4 Duratorq CLXI,Ford,Hyderabad,2012,8,107000.0,Diesel,Manual,First,17.8,1399.0,67.0,5.0,3.0
Honda City i VTEC CVT VX,Honda,Coimbatore,2015,5,41950.0,Petrol,Automatic,First,18.0,1497.0,117.3,5.0,9.6
Toyota Fortuner 4x2 Manual,Toyota,Delhi,2012,8,109000.0,Diesel,Manual,First,13.0,2982.0,168.5,7.0,13.25
Honda Amaze VX O i VTEC,Honda,Mumbai,2016,4,9000.0,Petrol,Manual,First,18.0,1198.0,86.7,5.0,5.75
Hyundai i20 Asta 1.4 CRDi,Hyundai,Delhi,2014,6,43900.0,Diesel,Manual,First,22.54,1396.0,88.73,5.0,6.75
Chevrolet Enjoy TCDi LTZ 7 Seater,Chevrolet,Bangalore,2013,7,64000.0,Diesel,Manual,Second,18.2,1248.0,73.8,7.0,4.85
Mercedes-Benz New C-Class Progressive C 200,Mercedes-Benz,Kochi,2019,1,13190.0,Petrol,Automatic,First,,1950.0,181.43,5.0,38.99
Maruti SX4 ZXI AT Leather,Maruti,Mumbai,2009,11,77652.0,Petrol,Automatic,First,12.6,1586.0,103.2,5.0,2.85
Toyota Innova 2.5 VX (Diesel) 7 Seater,Toyota,Mumbai,2012,8,55000.0,Diesel,Manual,First,12.99,2494.0,100.0,7.0,9.51
BMW 5 Series 2003-2012 520d,BMW,Ahmedabad,2012,8,59900.0,Diesel,Automatic,Second,18.48,1995.0,177.0,5.0,18.5
Renault Duster 110PS Diesel RxZ,Renault,Delhi,2015,5,73539.0,Diesel,Manual,First,19.01,1461.0,108.45,5.0,6.75
BMW X1 sDrive 20d xLine,BMW,Coimbatore,2017,3,31645.0,Diesel,Automatic,First,20.68,1995.0,190.0,5.0,29.4
Honda City ZX GXi,Honda,Kochi,2009,11,69690.0,Petrol,Manual,First,17.7,1497.0,78.0,5.0,3.29
Maruti Ciaz RS ZDi Plus SHVS,Maruti,Delhi,2016,4,41000.0,Diesel,Manual,First,28.09,1248.0,88.5,5.0,9.5
Maruti Swift Dzire VXi,Maruti,Pune,2010,10,109200.0,Petrol,Manual,Second,17.5,1298.0,85.8,5.0,2.2
Mahindra XUV500 W6 2WD,Mahindra,Pune,2012,8,80000.0,Diesel,Manual,First,15.1,2179.0,140.0,7.0,6.5
Honda Civic 2006-2010 1.8 S MT,Honda,Ahmedabad,2007,13,51000.0,Petrol,Manual,First,13.5,1799.0,130.0,5.0,4.9
Maruti Ertiga ZDI,Maruti,Pune,2013,7,105000.0,Diesel,Manual,Second,25.47,1248.0,88.5,7.0,6.75
Toyota Etios Liva GD,Toyota,Chennai,2013,7,179000.0,Diesel,Manual,First,23.59,1364.0,67.04,5.0,3.8
Audi TT 2.0 TFSI,Audi,Delhi,2013,7,12100.0,Petrol,Automatic,First,9.9,1984.0,207.8,2.0,29.5
Skoda Rapid 1.5 TDI Style,Skoda,Hyderabad,2017,3,31000.0,Diesel,Manual,First,21.13,1498.0,108.4,5.0,10.5
Volkswagen Polo 1.5 TDI Highline,Volkswagen,Hyderabad,2015,5,50000.0,Diesel,Manual,First,20.14,1498.0,88.8,5.0,6.2
Skoda Laura 1.9 TDI AT Elegance,Skoda,Jaipur,2009,11,48000.0,Diesel,Automatic,First,17.0,1896.0,105.0,5.0,5.0
Mahindra Renault Logan 1.5 DLE Diesel,Mahindra,Chennai,2007,13,35000.0,Diesel,Manual,First,19.2,1461.0,65.0,5.0,2.3
Toyota Innova Crysta 2.8 GX AT,Toyota,Ahmedabad,2016,4,100200.0,Diesel,Automatic,First,11.36,2755.0,171.5,7.0,17.0
BMW 3 Series 320d Luxury Line,BMW,Bangalore,2014,6,47000.0,Diesel,Automatic,First,18.88,1995.0,184.0,5.0,25.5
Honda Jazz 1.5 S i DTEC,Honda,Jaipur,2015,5,63642.0,Diesel,Manual,First,27.3,1498.0,98.6,5.0,5.65
Honda Amaze VX i-DTEC,Honda,Kochi,2015,5,62550.0,Diesel,Manual,First,25.8,1498.0,98.6,5.0,5.6
Jaguar XF 2.2 Litre Luxury,Jaguar,Kochi,2015,5,37340.0,Diesel,Automatic,First,16.36,2179.0,187.7,5.0,29.98
Maruti Swift Dzire VDI,Maruti,Coimbatore,2016,4,38461.0,Diesel,Manual,First,26.59,1248.0,74.0,5.0,7.39
Jeep Compass 2.0 Limited,Jeep,Jaipur,2018,2,29000.0,Diesel,Manual,First,17.1,1956.0,170.0,5.0,19.0
Toyota Corolla Altis 1.8 Sport,Toyota,Pune,2010,10,31000.0,Petrol,Manual,First,12.5,1794.0,132.0,5.0,5.0
Honda City 1.5 V MT,Honda,Kolkata,2011,9,42086.0,Petrol,Manual,First,17.0,1497.0,118.0,5.0,3.35
Maruti Swift ZXI,Maruti,Chennai,2013,7,49000.0,Petrol,Manual,First,18.6,1197.0,85.8,5.0,4.45
Hyundai Verna 1.6 SX CRDI (O) AT,Hyundai,Coimbatore,2019,1,77240.0,Diesel,Automatic,First,22.32,1582.0,126.32,5.0,8.31
Mahindra Bolero ZLX,Mahindra,Jaipur,2012,8,105000.0,Diesel,Manual,Second,15.96,2523.0,62.1,7.0,6.0
Maruti Swift VDI,Maruti,Chennai,2014,6,35000.0,Diesel,Manual,First,22.9,1248.0,74.0,5.0,5.25
Hyundai Santro Xing XO,Hyundai,Chennai,2006,14,83072.0,Petrol,Manual,First,17.0,1086.0,,5.0,1.4
Audi A6 2011-2015 2.0 TDI Premium Plus,Audi,Hyderabad,2012,8,202082.0,Diesel,Automatic,First,17.68,1968.0,174.33,5.0,12.3
Ford Ikon 1.3 LXi NXt,Ford,Chennai,2004,16,129000.0,Petrol,Manual,Third,13.8,1299.0,70.0,5.0,1.5
Volkswagen Polo 1.5 TDI Highline,Volkswagen,Coimbatore,2018,2,33558.0,Diesel,Manual,First,20.14,1498.0,88.0,5.0,8.12
Mahindra Bolero VLX CRDe,Mahindra,Coimbatore,2012,8,60271.0,Diesel,Manual,First,13.6,2523.0,63.0,7.0,6.12
Honda City i DTEC VX Option,Honda,Coimbatore,2017,3,45366.0,Diesel,Manual,First,25.1,1498.0,98.6,5.0,10.88
Chevrolet Sail Hatchback 1.2 LS,Chevrolet,Kolkata,2014,6,9500.0,Petrol,Manual,First,18.2,1199.0,82.5,5.0,3.5
Hyundai i20 1.2 Spotz,Hyundai,Kochi,2016,4,42362.0,Petrol,Manual,First,18.6,1197.0,81.83,5.0,6.15
BMW X1 sDrive 20d Sportline,BMW,Chennai,2016,4,21000.0,Diesel,Automatic,First,17.05,1995.0,184.0,5.0,33.0
BMW X1 sDrive 20d Exclusive,BMW,Mumbai,2012,8,15200.0,Diesel,Automatic,First,15.06,1995.0,177.0,5.0,13.5
Toyota Fortuner 4x2 AT,Toyota,Mumbai,2015,5,43690.0,Diesel,Automatic,First,12.55,2982.0,168.5,7.0,17.11
Audi Q7 4.2 TDI Quattro Technology,Audi,Kochi,2014,6,79926.0,Diesel,Automatic,First,11.33,4134.0,335.2,7.0,29.77
Maruti Ertiga VDI,Maruti,Kolkata,2013,7,53073.0,Diesel,Manual,First,20.77,1248.0,88.76,7.0,5.95
Hyundai i20 1.2 Magna,Hyundai,Bangalore,2015,5,59000.0,Petrol,Manual,First,18.5,1197.0,80.0,5.0,5.75
Mercedes-Benz S Class 2005 2013 S 350 L,Mercedes-Benz,Bangalore,2006,14,47088.0,Petrol,Automatic,Second,10.13,3498.0,364.9,5.0,19.0
Renault Duster 85PS Diesel RxL,Renault,Ahmedabad,2014,6,55000.0,Diesel,Manual,First,20.45,1461.0,83.8,5.0,4.75
Mahindra Quanto C2,Mahindra,Hyderabad,2013,7,80430.0,Diesel,Manual,Second,17.21,1493.0,100.0,7.0,3.3
Toyota Fortuner 4x2 AT,Toyota,Delhi,2013,7,71932.0,Diesel,Automatic,First,12.55,2982.0,168.5,7.0,16.5
BMW X5 2014-2019 xDrive 30d Design Pure Experience 7 Seater,BMW,Mumbai,2014,6,19000.0,Diesel,Automatic,First,15.97,2993.0,258.0,7.0,44.0
Maruti Swift Dzire VDi,Maruti,Hyderabad,2011,9,81759.0,Diesel,Manual,First,19.3,1248.0,73.9,5.0,4.39
Maruti Swift LDI Optional,Maruti,Kochi,2018,2,52010.0,Diesel,Manual,First,25.2,1248.0,74.0,5.0,6.2
Audi A6 2011-2015 35 TFSI Technology,Audi,Kochi,2016,4,58953.0,Petrol,Automatic,First,13.53,1984.0,177.01,5.0,24.22
Mitsubishi Pajero 2.8 SFX BSIV Dual Tone,Mitsubishi,Mumbai,2008,12,93000.0,Diesel,Manual,Third,10.5,2835.0,107.2,6.0,5.45
Jaguar XF 2.2 Litre Executive,Jaguar,Delhi,2016,4,10000.0,Diesel,Automatic,First,16.36,2179.0,187.7,5.0,44.0
Toyota Innova Crysta 2.8 ZX AT,Toyota,Coimbatore,2019,1,40674.0,Diesel,Automatic,First,11.36,2755.0,171.5,7.0,24.82
Skoda Octavia Ambition 2.0 TDI AT,Skoda,Mumbai,2015,5,50000.0,Diesel,Automatic,First,19.3,1968.0,141.0,5.0,11.69
Toyota Corolla Altis VL AT,Toyota,Bangalore,2018,2,1331.0,Petrol,Automatic,First,14.28,1798.0,138.03,5.0,20.0
Maruti Omni 8 Seater BSII,Maruti,Pune,2010,10,60000.0,Petrol,Manual,First,19.7,796.0,35.0,8.0,1.45
Mercedes-Benz GLC 220d 4MATIC Style,Mercedes-Benz,Mumbai,2018,2,10003.0,Diesel,Automatic,First,17.9,2143.0,170.0,5.0,48.5
Volkswagen Vento 1.5 TDI Highline AT,Volkswagen,Mumbai,2016,4,25000.0,Diesel,Automatic,First,21.5,1498.0,108.5,5.0,9.45
Mahindra XUV500 W10 2WD,Mahindra,Ahmedabad,2015,5,73000.0,Diesel,Manual,First,16.0,2179.0,140.0,7.0,12.5
Nissan Terrano XL 85 PS,Nissan,Hyderabad,2014,6,59962.0,Diesel,Manual,First,20.45,1461.0,83.8,5.0,6.9
Hyundai Verna 1.6 SX CRDi (O),Hyundai,Jaipur,2012,8,72000.0,Diesel,Manual,Second,22.32,1582.0,126.32,5.0,5.8
BMW 5 Series 2013-2017 530d M Sport,BMW,Coimbatore,2016,4,20967.0,Diesel,Automatic,First,14.69,2993.0,258.0,5.0,44.56
Mahindra Scorpio S4 Plus,Mahindra,Bangalore,2015,5,35000.0,Diesel,Manual,Second,15.4,2179.0,120.0,7.0,8.5
Hyundai Verna 1.6 CRDi SX,Hyundai,Coimbatore,2017,3,38056.0,Diesel,Manual,First,23.9,1582.0,126.2,5.0,10.7
Audi Q7 3.0 TDI Quattro Premium Plus,Audi,Pune,2009,11,94000.0,Diesel,Automatic,Second,12.07,2967.0,241.4,7.0,12.0
Chevrolet Aveo U-VA 1.2 LT,Chevrolet,Coimbatore,2010,10,64236.0,Petrol,Manual,First,14.7,1150.0,76.0,5.0,2.44
Mahindra Bolero ZLX BSIII,Mahindra,Kolkata,2000,20,124000.0,Diesel,Manual,First,13.6,2523.0,63.0,7.0,1.95
Hyundai Xcent 1.2 Kappa S,Hyundai,Mumbai,2014,6,7400.0,Petrol,Manual,First,19.1,1197.0,82.0,5.0,4.35
Toyota Innova Crysta 2.4 GX MT 8S,Toyota,Hyderabad,2017,3,52000.0,Diesel,Manual,First,13.68,2393.0,147.8,8.0,17.5
Hyundai EON Era Plus,Hyundai,Hyderabad,2015,5,68764.0,Petrol,Manual,First,21.1,814.0,55.2,5.0,2.9
Volkswagen Polo Diesel Comfortline 1.2L,Volkswagen,Delhi,2013,7,64000.0,Diesel,Manual,First,22.07,1199.0,73.9,5.0,2.9
Maruti Vitara Brezza ZDi,Maruti,Pune,2016,4,21558.0,Diesel,Manual,First,24.3,1248.0,88.5,5.0,8.9
BMW 3 Series 320d Prestige,BMW,Mumbai,2013,7,37500.0,Diesel,Automatic,First,18.88,1995.0,184.0,5.0,16.75
Hyundai EON Sportz,Hyundai,Coimbatore,2016,4,14077.0,Petrol,Manual,First,21.1,814.0,55.2,5.0,3.95
Honda City 1.5 S MT,Honda,Mumbai,2009,11,70000.0,Petrol,Manual,First,17.0,1497.0,118.0,5.0,2.1
Honda Accord 2.4 MT,Honda,Kochi,2011,9,54316.0,Petrol,Manual,Second,12.8,2354.0,177.6,5.0,4.29
Mahindra Xylo E8,Mahindra,Hyderabad,2009,11,90764.0,Diesel,Manual,First,14.0,2498.0,112.0,8.0,3.85
BMW 3 Series 320d,BMW,Chennai,2009,11,137000.0,Diesel,Automatic,Second,13.2,1995.0,170.0,5.0,9.0
Honda City V MT,Honda,Pune,2013,7,127000.0,Petrol,Manual,Second,16.8,1497.0,116.3,5.0,4.5
Mahindra XUV500 W10 2WD,Mahindra,Kochi,2016,4,51884.0,Diesel,Manual,First,16.0,2179.0,140.0,7.0,12.46
Hyundai i20 Asta 1.4 CRDi,Hyundai,Delhi,2014,6,67407.0,Diesel,Manual,First,21.27,1396.0,88.76,5.0,4.65
Toyota Fortuner 4x2 Manual,Toyota,Hyderabad,2014,6,107825.0,Diesel,Manual,First,13.0,2982.0,168.5,7.0,20.5
Mahindra Bolero DI BSII,Mahindra,Chennai,2006,14,82453.0,Diesel,Manual,First,13.6,2523.0,63.0,8.0,2.9
Maruti Esteem Vxi - BSIII,Maruti,Chennai,2007,13,30441.0,Petrol,Manual,First,15.9,1298.0,85.0,5.0,1.45
Hyundai Santro LS zipPlus,Hyundai,Chennai,2002,18,70000.0,Petrol,Manual,Third,,1086.0,,5.0,0.65
Mini Cooper 5 DOOR D,Mini,Mumbai,2016,4,11000.0,Diesel,Automatic,First,20.7,1496.0,113.98,5.0,29.5
Audi Q3 35 TDI Quattro Premium,Audi,Hyderabad,2015,5,61000.0,Diesel,Automatic,First,15.73,1968.0,174.33,5.0,25.0
Hyundai i20 Sportz Option,Hyundai,Delhi,2013,7,48454.0,Petrol,Manual,Second,17.0,1197.0,80.0,5.0,3.5
Tata Safari Storme VX Varicor 400,Tata,Jaipur,2017,3,37000.0,Diesel,Manual,First,14.1,2179.0,154.0,7.0,11.25
Honda BR-V i-DTEC VX MT,Honda,Kochi,2017,3,32249.0,Diesel,Manual,First,21.9,1498.0,98.6,7.0,10.79
Volkswagen Jetta 2013-2015 2.0L TDI Highline,Volkswagen,Kolkata,2013,7,58000.0,Diesel,Manual,First,19.33,1968.0,138.03,5.0,5.9
Hyundai Xcent 1.2 Kappa S Option,Hyundai,Jaipur,2017,3,28360.0,Petrol,Manual,First,19.1,1197.0,81.86,5.0,5.12
Maruti Ignis 1.2 Alpha,Maruti,Mumbai,2017,3,7000.0,Petrol,Manual,First,20.89,1197.0,81.8,5.0,5.7
BMW 5 Series 2013-2017 520d Luxury Line,BMW,Coimbatore,2016,4,19658.0,Diesel,Automatic,First,18.12,1995.0,190.0,5.0,35.84
Ford Ikon 1.3 CLXi,Ford,Hyderabad,2007,13,92000.0,Petrol,Manual,First,13.8,1299.0,70.0,5.0,1.25
Hyundai i10 Sportz,Hyundai,Kolkata,2013,7,25000.0,Petrol,Manual,First,20.36,1197.0,78.9,5.0,2.65
Hyundai Verna 1.6 CRDI,Hyundai,Coimbatore,2016,4,37882.0,Diesel,Manual,First,22.32,1582.0,126.3,5.0,9.19
BMW 3 Series 320d Highline,BMW,Bangalore,2014,6,69330.0,Diesel,Automatic,First,16.07,1995.0,181.0,5.0,23.5
Mercedes-Benz E-Class 2009-2013 E200 CGI Blue Efficiency,Mercedes-Benz,Delhi,2011,9,61000.0,Petrol,Automatic,First,12.3,1796.0,185.0,5.0,12.5
Chevrolet Beat Option Pack,Chevrolet,Kolkata,2010,10,35000.0,Petrol,Manual,Second,18.6,1199.0,79.4,5.0,1.5
Hyundai Santro Xing XP,Hyundai,Jaipur,2004,16,200000.0,Petrol,Manual,First,,1086.0,,5.0,0.8
Tata Indica DLS,Tata,Jaipur,2009,11,82000.0,Diesel,Manual,Second,13.5,1405.0,,5.0,0.75
Mahindra XUV500 W8 2WD,Mahindra,Delhi,2012,8,72450.0,Diesel,Manual,First,15.1,2179.0,140.0,7.0,8.1
Maruti Ciaz ZDi Plus SHVS,Maruti,Jaipur,2017,3,36381.0,Diesel,Manual,First,28.09,1248.0,88.5,5.0,9.75
Mercedes-Benz New C-Class C 250 CDI Avantgarde,Mercedes-Benz,Coimbatore,2017,3,25559.0,Diesel,Automatic,First,19.71,2143.0,201.15,5.0,37.93
Honda City ZX CVT,Honda,Chennai,2005,15,100000.0,Petrol,Automatic,Third,16.4,1497.0,78.0,5.0,1.96
Toyota Fortuner 4x2 4 Speed AT,Toyota,Jaipur,2015,5,94000.0,Diesel,Automatic,First,11.5,2982.0,169.0,7.0,20.5
Maruti Alto K10 VXI,Maruti,Bangalore,2011,9,64357.0,Petrol,Manual,First,24.07,998.0,67.1,5.0,2.75
Jaguar XJ 2.0L Portfolio,Jaguar,Mumbai,2017,3,10501.0,Petrol,Automatic,First,9.43,1999.0,237.4,5.0,75.0
Hyundai i20 1.4 Magna ABS,Hyundai,Chennai,2009,11,47000.0,Diesel,Manual,First,21.9,1396.0,90.0,5.0,2.8
Honda BRV i-VTEC V CVT,Honda,Mumbai,2017,3,18000.0,Petrol,Automatic,First,16.0,1497.0,117.3,7.0,9.25
Toyota Corolla Executive (HE),Toyota,Chennai,2007,13,89000.0,Petrol,Manual,First,13.4,1794.0,125.0,5.0,3.0
Audi A6 2011-2015 2.0 TDI Premium Plus,Audi,Coimbatore,2014,6,49964.0,Diesel,Automatic,First,17.68,1968.0,174.33,5.0,23.89
Toyota Innova 2.5 ZX Diesel 7 Seater BSIII,Toyota,Mumbai,2014,6,35000.0,Diesel,Manual,First,12.99,2494.0,100.6,7.0,12.75
Hyundai Grand i10 CRDi Sportz,Hyundai,Jaipur,2014,6,64000.0,Diesel,Manual,First,24.0,1120.0,70.0,5.0,4.15
Volkswagen Vento IPL II Petrol Highline AT,Volkswagen,Mumbai,2013,7,36000.0,Petrol,Automatic,First,14.8,1598.0,105.0,5.0,4.65
Toyota Innova 2.5 VX (Diesel) 7 Seater BS IV,Toyota,Delhi,2012,8,78600.0,Diesel,Manual,First,12.8,2494.0,102.0,7.0,8.9
Hyundai Verna CRDi SX,Hyundai,Jaipur,2008,12,170000.0,Diesel,Manual,Second,16.8,1493.0,110.0,5.0,1.5
Maruti Ritz VDi,Maruti,Pune,2015,5,65000.0,Diesel,Manual,Second,23.2,1248.0,73.94,5.0,3.27
Audi Q7 3.0 TDI Quattro Technology,Audi,Pune,2008,12,120300.0,Diesel,Automatic,Second,12.07,2967.0,241.4,7.0,18.0
Hyundai i20 Asta Option 1.2,Hyundai,Pune,2016,4,21000.0,Petrol,Manual,First,18.6,1197.0,81.83,5.0,6.3
Maruti Vitara Brezza ZDi Plus Dual Tone,Maruti,Coimbatore,2017,3,18108.0,Diesel,Manual,First,24.3,1248.0,88.5,5.0,11.31
Honda City i VTEC S,Honda,Pune,2014,6,58407.0,Petrol,Manual,First,17.4,1497.0,117.3,5.0,6.16
Maruti Ciaz ZXi,Maruti,Pune,2014,6,49500.0,Petrol,Manual,First,20.73,1373.0,91.1,5.0,6.0
Nissan Sunny XV CVT,Nissan,Kochi,2013,7,37199.0,Petrol,Automatic,First,17.5,1498.0,99.6,5.0,5.43
Volkswagen Polo Diesel Highline 1.2L,Volkswagen,Hyderabad,2012,8,62000.0,Diesel,Manual,First,22.07,1199.0,73.9,5.0,4.65
Maruti Ertiga ZDI,Maruti,Hyderabad,2015,5,59000.0,Diesel,Manual,First,20.77,1248.0,88.8,7.0,7.5
Maruti Swift Dzire VDI,Maruti,Jaipur,2015,5,60000.0,Diesel,Manual,First,26.59,1248.0,74.0,5.0,6.25
Mercedes-Benz New C-Class C 220 CDI Elegance AT,Mercedes-Benz,Bangalore,2007,13,39037.0,Diesel,Automatic,First,14.84,2143.0,170.0,5.0,9.25
Honda Brio S MT,Honda,Mumbai,2013,7,17003.0,Petrol,Manual,First,19.4,1198.0,86.8,5.0,3.15
Hyundai i10 Magna Optional 1.1L,Hyundai,Hyderabad,2008,12,80400.0,Petrol,Manual,First,16.0,1086.0,66.7,5.0,2.3
Hyundai Verna 1.6 SX CRDi (O),Hyundai,Jaipur,2012,8,75200.0,Diesel,Manual,First,22.32,1582.0,126.32,5.0,5.25
Maruti Ciaz VDI SHVS,Maruti,Kochi,2017,3,41217.0,Diesel,Manual,First,28.09,1248.0,88.5,5.0,7.4
Ford Ikon 1.3 Flair,Ford,Pune,2006,14,98293.0,Petrol,Manual,Second,13.8,1299.0,70.0,5.0,1.55
Volkswagen Polo 1.2 MPI Highline,Volkswagen,Pune,2017,3,54000.0,Petrol,Manual,Second,16.2,1199.0,74.0,5.0,6.0
Honda Jazz 1.2 V i VTEC,Honda,Chennai,2016,4,17377.0,Petrol,Manual,First,18.7,1199.0,88.7,5.0,5.9
Honda Amaze EX i-Dtech,Honda,Bangalore,2013,7,33800.0,Diesel,Manual,Second,25.8,1498.0,98.6,5.0,4.7
Hyundai i20 Asta 1.4 CRDi,Hyundai,Hyderabad,2015,5,86157.0,Diesel,Manual,First,22.54,1396.0,88.73,5.0,6.5
Maruti Ritz VDi,Maruti,Hyderabad,2012,8,146824.0,Diesel,Manual,First,21.1,1248.0,73.9,5.0,3.55
Honda City V MT,Honda,Chennai,2014,6,55000.0,Petrol,Manual,First,16.8,1497.0,116.3,5.0,7.1
Skoda Superb 1.8 TSI MT,Skoda,Hyderabad,2010,10,53293.0,Petrol,Manual,First,13.14,1798.0,160.0,5.0,6.0
Maruti Vitara Brezza LDi Option,Maruti,Pune,2017,3,38000.0,Diesel,Manual,First,24.3,1248.0,88.5,5.0,7.99
Hyundai i20 Asta,Hyundai,Bangalore,2009,11,64000.0,Petrol,Manual,Second,17.0,1197.0,80.0,5.0,4.1
Maruti Alto K10 VXI AGS,Maruti,Hyderabad,2017,3,25058.0,Petrol,Automatic,First,24.07,998.0,67.1,5.0,3.95
Hyundai EON Era Plus,Hyundai,Kochi,2016,4,36700.0,Petrol,Manual,First,21.1,814.0,55.2,5.0,4.38
Hyundai i10 Sportz,Hyundai,Mumbai,2011,9,35000.0,Petrol,Manual,First,20.36,1197.0,78.9,5.0,2.75
Mercedes-Benz SLK-Class SLK 350,Mercedes-Benz,Coimbatore,2016,4,22732.0,Petrol,Automatic,First,18.1,3498.0,306.0,2.0,55.54
Audi A6 2.0 TDI Design Edition,Audi,Hyderabad,2014,6,48000.0,Diesel,Automatic,First,18.53,1968.0,187.74,5.0,29.0
Ford EcoSport 1.5 TDCi Titanium,Ford,Bangalore,2013,7,62084.0,Diesel,Manual,First,22.77,1498.0,98.59,5.0,6.6
Volkswagen Passat Highline DSG,Volkswagen,Kolkata,2012,8,39273.0,Diesel,Automatic,First,14.3,1968.0,140.0,5.0,6.99
Toyota Innova Crysta 2.4 ZX MT,Toyota,Bangalore,2017,3,64798.0,Diesel,Manual,First,13.68,2393.0,147.8,7.0,18.75
Ford Figo Diesel ZXI,Ford,Jaipur,2010,10,100002.0,Diesel,Manual,Third,20.0,1399.0,68.0,5.0,1.28
Chevrolet Aveo 1.4,Chevrolet,Pune,2006,14,78000.0,Petrol,Manual,Third,14.49,1399.0,92.7,5.0,1.2
Maruti Ritz LXi,Maruti,Coimbatore,2013,7,57717.0,Petrol,Manual,First,18.5,1197.0,85.8,5.0,4.31
Land Rover Freelander 2 SE,Land,Chennai,2011,9,109000.0,Diesel,Automatic,First,12.39,2179.0,147.51,5.0,16.5
Hyundai Grand i10 Asta,Hyundai,Coimbatore,2017,3,74515.0,Petrol,Manual,First,18.9,1197.0,82.0,5.0,5.64
Ford Endeavour 3.2 Trend AT 4X4,Ford,Coimbatore,2017,3,50484.0,Diesel,Automatic,First,10.91,3198.0,197.2,7.0,31.12
Audi Q5 2008-2012 2.0 TDI,Audi,Kochi,2013,7,13452.0,Diesel,Automatic,First,12.8,1968.0,167.6,5.0,25.46
Hyundai Verna 1.6 VTVT,Hyundai,Kochi,2017,3,37688.0,Petrol,Manual,First,17.01,1591.0,121.3,5.0,7.88
Mercedes-Benz E-Class 2015-2017 E250 CDI Avantgarde,Mercedes-Benz,Chennai,2017,3,34000.0,Diesel,Automatic,First,13.0,2143.0,204.0,5.0,36.0
Mercedes-Benz M-Class ML 350 4Matic,Mercedes-Benz,Pune,2014,6,120000.0,Diesel,Automatic,First,,2987.0,165.0,5.0,30.0
Maruti Swift Dzire ZXi,Maruti,Pune,2008,12,64000.0,Petrol,Manual,Second,17.5,1298.0,85.8,5.0,2.85
Honda City 1.3 EXI S,Honda,Delhi,2011,9,100000.0,Petrol,Manual,First,13.0,1343.0,90.0,5.0,3.5
Renault Duster 85PS Diesel RxL Optional,Renault,Jaipur,2014,6,75000.0,Diesel,Manual,First,20.46,1461.0,83.8,5.0,7.5
Mercedes-Benz New C-Class 220 CDI AT,Mercedes-Benz,Hyderabad,2012,8,86000.0,Diesel,Automatic,First,14.84,2143.0,170.0,5.0,19.0
BMW X5 xDrive 30d Design Pure Experience 5 Seater,BMW,Hyderabad,2015,5,69000.0,Diesel,Automatic,First,15.97,2993.0,258.0,5.0,54.0
Hyundai Xcent 1.2 Kappa SX Option,Hyundai,Kochi,2015,5,41721.0,Petrol,Manual,First,19.1,1197.0,82.0,5.0,4.7
Maruti Dzire AMT ZXI Plus,Maruti,Hyderabad,2017,3,13000.0,Petrol,Automatic,First,22.0,1197.0,81.8,5.0,8.5
BMW 3 Series 320d Corporate Edition,BMW,Kolkata,2013,7,38998.0,Diesel,Automatic,First,16.07,1995.0,181.0,4.0,17.0
Maruti Alto 800 LXI,Maruti,Kochi,2017,3,54250.0,Petrol,Manual,First,22.74,796.0,47.3,5.0,3.51
Audi A4 2.0 TDI 177 Bhp Premium Plus,Audi,Bangalore,2013,7,45979.0,Diesel,Automatic,Second,17.11,1968.0,174.33,5.0,19.5
Mini Cooper S,Mini,Pune,2012,8,37000.0,Petrol,Automatic,Second,13.6,1598.0,181.0,4.0,17.0
Audi Q7 3.0 TDI Quattro Premium Plus,Audi,Coimbatore,2015,5,46983.0,Diesel,Automatic,Second,12.07,2967.0,241.4,7.0,43.35
Chevrolet Beat Diesel LT,Chevrolet,Bangalore,2012,8,40700.0,Diesel,Manual,First,25.44,936.0,57.6,5.0,2.65
Maruti Wagon R LXI BS IV,Maruti,Kochi,2015,5,43828.0,Petrol,Manual,First,20.51,998.0,67.04,5.0,3.52
Nissan Terrano XV Premium 110 PS,Nissan,Kolkata,2016,4,53000.0,Diesel,Manual,First,19.01,1461.0,108.5,5.0,6.25
BMW 3 Series 320d Luxury Plus,BMW,Ahmedabad,2015,5,100000.0,Diesel,Automatic,First,18.88,1995.0,184.0,5.0,24.75
Maruti Swift Dzire VXI,Maruti,Mumbai,2015,5,19000.0,Petrol,Manual,First,20.85,1197.0,83.14,5.0,5.25
Skoda Yeti Elegance 4X2,Skoda,Jaipur,2016,4,84000.0,Diesel,Manual,First,17.72,1968.0,108.5,5.0,11.0
Ford EcoSport 1.5 Ti VCT AT Titanium,Ford,Kochi,2018,2,37630.0,Petrol,Automatic,First,15.63,1499.0,110.4,5.0,9.1
Hyundai i20 1.2 Magna,Hyundai,Chennai,2010,10,67714.0,Petrol,Manual,First,18.5,1197.0,80.0,5.0,3.25
Maruti S Cross DDiS 200 Sigma Option,Maruti,Pune,2017,3,32000.0,Diesel,Manual,First,15.0,1248.0,88.5,5.0,8.5
Hyundai Verna Transform VTVT,Hyundai,Pune,2010,10,51000.0,Petrol,Manual,First,16.2,1599.0,103.2,5.0,3.1
BMW 3 Series 320d Luxury Line,BMW,Kochi,2015,5,58390.0,Diesel,Automatic,First,18.88,1995.0,184.0,5.0,19.86
Hyundai Grand i10 1.2 CRDi Magna,Hyundai,Kolkata,2017,3,14000.0,Diesel,Manual,First,24.0,1186.0,73.97,5.0,4.9
Honda City i-VTEC V,Honda,Delhi,2014,6,55818.0,Petrol,Manual,Second,17.4,1497.0,117.3,5.0,5.7
Maruti Swift 1.3 VXi,Maruti,Chennai,2006,14,97800.0,Petrol,Manual,Third,16.1,,,,1.75
Maruti Swift VDI BSIV,Maruti,Kolkata,2012,8,52241.0,Diesel,Manual,First,25.2,1248.0,74.0,5.0,2.9
Maruti Baleno Zeta 1.3,Maruti,Coimbatore,2018,2,25433.0,Diesel,Manual,First,27.39,1248.0,74.0,5.0,7.83
Tata Safari Storme 2012-2015 LX,Tata,Kochi,2015,5,40611.0,Diesel,Manual,First,14.0,2179.0,138.1,7.0,8.15
Hyundai Accent GLS,Hyundai,Bangalore,2008,12,72000.0,Petrol,Manual,Second,13.2,1495.0,94.0,5.0,2.0
Maruti Swift LDI SP Limited Edition,Maruti,Hyderabad,2016,4,54631.0,Diesel,Manual,First,25.2,1248.0,74.0,5.0,6.25
Maruti Swift VDI BSIV,Maruti,Bangalore,2007,13,60000.0,Diesel,Manual,Second,17.8,1248.0,,5.0,3.4
Tata Nano XTA,Tata,Coimbatore,2016,4,24941.0,Petrol,Automatic,First,21.9,624.0,37.48,4.0,3.19
Maruti Ertiga VDI,Maruti,Ahmedabad,2017,3,63939.0,Diesel,Manual,First,25.47,1248.0,88.5,7.0,7.75
Maruti Celerio VXI AMT,Maruti,Delhi,2014,6,35214.0,Petrol,Automatic,Second,23.1,998.0,67.04,5.0,3.2
Maruti Swift VDI BSIV,Maruti,Delhi,2015,5,63000.0,Diesel,Manual,First,25.2,1248.0,74.0,5.0,4.9
Volkswagen Vento Petrol Highline,Volkswagen,Kochi,2012,8,121377.0,Petrol,Manual,First,15.04,1598.0,103.6,5.0,3.8
Volkswagen Jetta 2007-2011 1.9 Highline TDI,Volkswagen,Chennai,2009,11,100970.0,Diesel,Automatic,First,15.5,1896.0,105.0,5.0,4.0
Mini Cooper 5 DOOR D,Mini,Hyderabad,2014,6,60000.0,Diesel,Automatic,Second,20.7,1496.0,113.98,5.0,23.5
Tata Indica V2 DLS,Tata,Chennai,2008,12,77650.0,Diesel,Manual,First,17.2,1396.0,53.5,5.0,1.15
Hyundai Santro Xing XO,Hyundai,Hyderabad,2007,13,71297.0,Petrol,Manual,First,17.0,1086.0,,5.0,2.2
Land Rover Range Rover 3.0 D,Land,Mumbai,2008,12,55001.0,Diesel,Automatic,Second,,,,,26.5
Honda City i-VTEC CVT VX,Honda,Bangalore,2015,5,18955.0,Petrol,Automatic,First,18.0,1497.0,117.3,5.0,10.65
Jaguar XF 2.2 Litre Luxury,Jaguar,Coimbatore,2016,4,47877.0,Diesel,Automatic,First,16.36,2179.0,187.7,5.0,35.68
Mercedes-Benz E-Class 2015-2017 E250 Edition E,Mercedes-Benz,Kochi,2017,3,43368.0,Diesel,Automatic,First,15.0,2143.0,204.0,5.0,31.94
Chevrolet Cruze LTZ,Chevrolet,Chennai,2011,9,73000.0,Diesel,Manual,Third,18.3,1991.0,147.9,5.0,4.2
Mahindra XUV500 W8 2WD,Mahindra,Ahmedabad,2015,5,72007.0,Diesel,Manual,First,15.1,2179.0,140.0,7.0,9.9
Mercedes-Benz New C-Class C 200 CGI Avantgarde,Mercedes-Benz,Kochi,2014,6,56778.0,Petrol,Automatic,First,11.74,1796.0,186.0,5.0,15.46
Honda Jazz VX,Honda,Kochi,2018,2,20024.0,Petrol,Manual,First,18.2,1199.0,88.7,5.0,8.46
Toyota Etios G,Toyota,Kolkata,2013,7,42103.0,Petrol,Manual,First,16.78,1496.0,88.73,5.0,3.25
Maruti Alto LXi BSIII,Maruti,Hyderabad,2012,8,67147.0,Petrol,Manual,First,19.7,796.0,46.3,5.0,2.6
Maruti Swift VXI BSIV,Maruti,Coimbatore,2016,4,37806.0,Petrol,Manual,First,20.4,1197.0,81.8,5.0,5.2
Maruti A-Star Vxi,Maruti,Pune,2009,11,85000.0,Petrol,Manual,Third,19.0,998.0,66.1,5.0,1.8
Tata Nano Lx BSIV,Tata,Chennai,2011,9,35000.0,Petrol,Manual,First,25.4,624.0,37.48,4.0,1.6
Ford Figo Titanium Diesel,Ford,Kolkata,2015,5,72035.0,Diesel,Manual,First,25.5,1498.0,99.0,5.0,2.5
Fiat Linea Emotion,Fiat,Jaipur,2011,9,48500.0,Petrol,Manual,First,16.0,1368.0,90.0,5.0,2.5
Ford Figo Aspire 1.2 Ti-VCT Trend,Ford,Coimbatore,2017,3,28854.0,Petrol,Manual,First,18.16,1196.0,86.8,5.0,6.7
Maruti Baleno LXI,Maruti,Hyderabad,2005,15,92450.0,Petrol,Manual,First,15.4,1590.0,94.0,5.0,1.2
BMW 3 Series 320d Luxury Line,BMW,Coimbatore,2016,4,14351.0,Diesel,Automatic,First,18.88,1995.0,184.0,5.0,35.55
Chevrolet Cruze LTZ,Chevrolet,Jaipur,2017,3,51087.0,Diesel,Manual,First,17.9,1998.0,163.7,5.0,7.75
Mahindra Scorpio 2.6 DX,Mahindra,Chennai,2005,15,50000.0,Diesel,Manual,First,12.7,2609.0,116.6,8.0,1.94
Tata Indica V2 eLS,Tata,Hyderabad,2016,4,73000.0,Diesel,Manual,First,25.0,1396.0,69.0,5.0,2.2
Chevrolet Cruze LTZ AT,Chevrolet,Ahmedabad,2011,9,60000.0,Diesel,Automatic,First,18.1,1991.0,147.9,4.0,3.8
Toyota Innova 2.5 V Diesel 8-seater,Toyota,Chennai,2016,4,50000.0,Diesel,Manual,First,12.8,2494.0,102.0,8.0,15.65
Mercedes-Benz New C-Class C 220d Avantgarde Edition C,Mercedes-Benz,Coimbatore,2018,2,36797.0,Diesel,Automatic,First,19.27,2143.0,167.62,5.0,39.47
Maruti Ritz VXi,Maruti,Kolkata,2011,9,50000.0,Petrol,Manual,Second,18.5,1197.0,85.8,5.0,1.5
Toyota Innova 2.5 GX (Diesel) 8 Seater BS IV,Toyota,Ahmedabad,2013,7,94000.0,Diesel,Manual,First,12.8,2494.0,102.0,8.0,8.85
Toyota Fortuner 4x4 MT,Toyota,Bangalore,2013,7,74000.0,Diesel,Manual,Second,12.55,2982.0,168.5,7.0,17.9
Hyundai i10 Sportz AT,Hyundai,Coimbatore,2014,6,41016.0,Petrol,Automatic,Second,16.95,1197.0,78.9,5.0,5.08
Hyundai Verna 1.6 SX,Hyundai,Bangalore,2012,8,67000.0,Diesel,Manual,First,22.32,1582.0,126.32,5.0,6.25
Audi Q3 2012-2015 35 TDI Quattro Premium Plus,Audi,Bangalore,2015,5,76927.0,Diesel,Automatic,First,15.73,1968.0,174.33,5.0,22.75
Chevrolet Beat LS,Chevrolet,Kolkata,2010,10,17088.0,Petrol,Manual,First,18.6,1199.0,79.4,5.0,1.46
Ford Fiesta 1.4 Duratorq ZXI,Ford,Pune,2007,13,112808.0,Diesel,Manual,Second,17.8,1399.0,68.0,5.0,2.05
Ford Figo Diesel EXI,Ford,Coimbatore,2014,6,74980.0,Diesel,Manual,First,20.0,1399.0,68.0,5.0,4.08
Maruti Celerio VXI AT,Maruti,Hyderabad,2014,6,44600.0,Petrol,Automatic,First,23.1,998.0,67.04,5.0,4.55
Mercedes-Benz A Class A180 CDI,Mercedes-Benz,Mumbai,2013,7,37000.0,Diesel,Automatic,First,20.0,2143.0,107.3,5.0,14.0
Hyundai Creta 1.6 SX,Hyundai,Ahmedabad,2016,4,21000.0,Petrol,Manual,First,15.8,1591.0,121.3,5.0,10.9
Maruti Wagon R VXI BS IV,Maruti,Bangalore,2010,10,81245.0,Petrol,Manual,First,18.9,998.0,67.1,5.0,2.45
Mercedes-Benz E-Class 2009-2013 E 220 CDI Avantgarde,Mercedes-Benz,Delhi,2013,7,70000.0,Diesel,Automatic,First,10.0,2148.0,170.0,5.0,15.8
Ford EcoSport 1.5 Ti VCT MT Titanium BE,Ford,Mumbai,2017,3,4018.0,Petrol,Manual,First,18.88,1499.0,110.4,5.0,8.25
Renault Koleos 2.0 Diesel,Renault,Delhi,2013,7,70000.0,Diesel,Automatic,Second,13.73,1995.0,148.0,5.0,8.5
Mahindra XUV500 W10 2WD,Mahindra,Coimbatore,2016,4,56532.0,Diesel,Manual,First,16.0,2179.0,140.0,7.0,15.54
Maruti Omni E 8 Str STD,Maruti,Hyderabad,2013,7,26875.0,Petrol,Manual,First,16.8,796.0,34.2,8.0,2.35
Maruti Wagon R VXI,Maruti,Coimbatore,2015,5,72599.0,Petrol,Manual,First,22.5,998.0,67.04,5.0,4.32
Ford Endeavour XLT TDCi 4X2,Ford,Jaipur,2008,12,205000.0,Diesel,Manual,Second,13.1,2499.0,141.0,7.0,3.9
Hyundai Verna 1.6 SX,Hyundai,Hyderabad,2011,9,98000.0,Diesel,Manual,Second,22.32,1582.0,126.32,5.0,5.2
Hyundai i20 Magna 1.2,Hyundai,Mumbai,2018,2,19500.0,Petrol,Manual,First,18.6,1197.0,81.83,5.0,5.85
Maruti Ertiga ZXI,Maruti,Bangalore,2013,7,68000.0,Petrol,Manual,Second,16.02,1373.0,93.7,7.0,6.25
Mahindra XUV500 W9 AT,Mahindra,Coimbatore,2019,1,19654.0,Diesel,Automatic,First,14.0,2179.0,155.0,7.0,17.63
Maruti SX4 S Cross DDiS 200 Zeta,Maruti,Mumbai,2017,3,26000.0,Diesel,Manual,First,23.65,1248.0,88.5,5.0,9.75
Mercedes-Benz SLK-Class SLK 350,Mercedes-Benz,Bangalore,2015,5,10000.0,Petrol,Automatic,First,18.1,3498.0,306.0,2.0,55.0
Volkswagen Polo Diesel Comfortline 1.2L,Volkswagen,Hyderabad,2011,9,75020.0,Diesel,Manual,First,22.07,1199.0,73.9,5.0,4.1
Toyota Fortuner 4x4 MT,Toyota,Hyderabad,2011,9,157000.0,Diesel,Manual,First,12.55,2982.0,168.5,7.0,11.99
Mahindra XUV500 W10 2WD,Mahindra,Kochi,2017,3,43773.0,Diesel,Manual,First,16.0,2179.0,140.0,7.0,13.54
Mercedes-Benz GLE 250d,Mercedes-Benz,Mumbai,2016,4,21000.0,Diesel,Automatic,First,17.9,2143.0,201.15,5.0,56.0
Honda Jazz 1.2 VX i VTEC,Honda,Chennai,2016,4,23280.0,Petrol,Manual,First,18.7,1199.0,88.7,5.0,6.5
Maruti Swift Dzire VDI,Maruti,Pune,2013,7,88000.0,Diesel,Manual,First,23.4,1248.0,74.0,5.0,4.75
Hyundai Verna 1.6 SX VTVT,Hyundai,Hyderabad,2014,6,67000.0,Petrol,Manual,First,17.01,1591.0,121.3,5.0,5.6
Ford Endeavour 3.2 Titanium AT 4X4,Ford,Coimbatore,2017,3,59636.0,Diesel,Automatic,First,10.91,3198.0,197.0,7.0,29.2
Hyundai i20 1.2 Asta Option,Hyundai,Kolkata,2018,2,11000.0,Petrol,Manual,First,18.6,1197.0,81.83,5.0,6.35
Honda City 1.5 V MT Sunroof,Honda,Mumbai,2013,7,60669.0,Petrol,Manual,First,16.8,1497.0,116.3,5.0,4.95
Honda Amaze VX Diesel,Honda,Hyderabad,2018,2,12000.0,Diesel,Manual,First,27.4,1498.0,98.6,5.0,8.5
Hyundai Verna 1.6 SX VTVT (O),Hyundai,Kolkata,2013,7,35000.0,Petrol,Manual,First,17.1,1591.0,121.3,5.0,4.5
Honda Mobilio S i DTEC,Honda,Chennai,2015,5,65000.0,Diesel,Manual,First,24.2,1498.0,98.6,7.0,5.5
Maruti Ertiga ZDI,Maruti,Kochi,2013,7,39929.0,Diesel,Manual,First,20.77,1248.0,88.8,7.0,6.56
Maruti Alto K10 LXI,Maruti,Pune,2014,6,49000.0,Petrol,Manual,First,24.07,998.0,67.1,5.0,2.3
Toyota Qualis FS B2,Toyota,Pune,2004,16,77757.0,Diesel,Manual,Second,13.1,2446.0,75.0,10.0,3.5
Hyundai i10 Sportz,Hyundai,Kochi,2016,4,21456.0,Petrol,Manual,First,20.36,1197.0,78.9,5.0,4.55
Skoda Laura 1.9 TDI AT Ambiente,Skoda,Bangalore,2009,11,74000.0,Diesel,Automatic,Second,17.0,1896.0,105.0,5.0,7.75
Hyundai i20 Asta Option 1.2,Hyundai,Mumbai,2015,5,37000.0,Petrol,Manual,Second,18.6,1197.0,81.83,5.0,5.25
BMW 5 Series 2003-2012 530d Highline,BMW,Coimbatore,2013,7,108640.0,Diesel,Automatic,First,11.5,2993.0,235.0,5.0,23.29
BMW 3 Series 320d M Sport,BMW,Mumbai,2016,4,38000.0,Diesel,Automatic,First,22.69,1995.0,190.0,5.0,23.99
Chevrolet Aveo 1.4 LT ABS BSIV,Chevrolet,Pune,2010,10,80000.0,Petrol,Manual,First,14.49,1399.0,92.7,5.0,1.79
Mercedes-Benz E-Class 2009-2013 E250 CDI Elegance,Mercedes-Benz,Mumbai,2011,9,47000.0,Diesel,Automatic,Second,14.21,2143.0,203.0,5.0,13.9
Audi A6 2011-2015 2.0 TDI Premium Plus,Audi,Kolkata,2013,7,31000.0,Diesel,Automatic,First,17.68,1968.0,174.33,5.0,18.95
Maruti Wagon R LXI BS IV,Maruti,Kolkata,2014,6,40000.0,Petrol,Manual,First,20.51,998.0,67.04,5.0,2.49
Renault KWID RXT,Renault,Jaipur,2016,4,4152.0,Petrol,Manual,First,25.17,799.0,53.3,5.0,3.15
Volkswagen Ameo 1.5 TDI Highline,Volkswagen,Mumbai,2017,3,51000.0,Diesel,Manual,First,21.66,1498.0,108.62,5.0,6.45
Volkswagen Polo Diesel Comfortline 1.2L,Volkswagen,Ahmedabad,2013,7,55000.0,Diesel,Manual,First,22.07,1199.0,73.9,5.0,4.25
Maruti Alto 800 LXI,Maruti,Hyderabad,2014,6,58500.0,Petrol,Manual,First,22.74,796.0,47.3,5.0,2.75
Hyundai i20 Asta Option 1.2,Hyundai,Kochi,2017,3,58620.0,Petrol,Manual,First,18.6,1197.0,81.83,5.0,7.14
Toyota Etios Liva G,Toyota,Mumbai,2012,8,29605.0,Petrol,Manual,First,18.3,1197.0,,5.0,2.44
Hyundai i20 1.2 Sportz,Hyundai,Jaipur,2012,8,71172.0,Petrol,Manual,Third,17.0,1197.0,80.0,5.0,3.5
Hyundai i20 1.4 Asta,Hyundai,Chennai,2017,3,12000.0,Diesel,Manual,First,22.54,1396.0,88.73,5.0,7.3
Maruti Wagon R LXI Optional,Maruti,Kolkata,2014,6,25000.0,Petrol,Manual,First,20.51,998.0,67.04,5.0,2.75
Hyundai i20 1.4 Asta Option,Hyundai,Bangalore,2017,3,43000.0,Diesel,Manual,Second,22.54,1396.0,88.73,5.0,8.2
Volkswagen Polo GT TSI,Volkswagen,Mumbai,2015,5,57022.0,Petrol,Automatic,First,17.21,1197.0,103.6,5.0,6.51
Ford Figo Diesel Titanium,Ford,Pune,2015,5,92000.0,Diesel,Manual,First,20.0,1399.0,68.05,5.0,4.25
Maruti Swift ZXI,Maruti,Coimbatore,2014,6,33372.0,Petrol,Manual,Second,18.6,1197.0,85.8,5.0,6.21
Hyundai Grand i10 CRDi Magna,Hyundai,Kochi,2016,4,52625.0,Diesel,Manual,First,24.0,1120.0,70.0,5.0,4.58
Mahindra Xylo H4,Mahindra,Chennai,2016,4,215000.0,Diesel,Manual,First,14.02,2179.0,118.3,7.0,7.5
Maruti Alto Green LXi (CNG),Maruti,Delhi,2012,8,65537.0,CNG,Manual,First,26.83,796.0,38.4,5.0,2.1
Hyundai i10 Magna 1.1,Hyundai,Coimbatore,2014,6,60138.0,Petrol,Manual,First,19.81,1086.0,68.05,5.0,4.09
Skoda Octavia Elegance 2.0 TDI AT,Skoda,Mumbai,2014,6,84000.0,Diesel,Automatic,First,19.3,1968.0,141.0,5.0,10.75
BMW X5 2014-2019 xDrive 30d Design Pure Experience 7 Seater,BMW,Mumbai,2014,6,47000.0,Diesel,Automatic,First,15.97,2993.0,258.0,7.0,41.5
Maruti Celerio VXI AT,Maruti,Hyderabad,2014,6,33450.0,Petrol,Automatic,First,23.1,998.0,67.04,5.0,4.4
Volkswagen Vento Diesel Comfortline,Volkswagen,Jaipur,2013,7,125000.0,Diesel,Manual,Second,20.54,1598.0,103.6,5.0,6.25
BMW 3 Series 320d Highline,BMW,Pune,2011,9,99606.0,Diesel,Automatic,Second,16.07,1995.0,181.0,5.0,10.5
Maruti Ertiga ZDI,Maruti,Mumbai,2014,6,64000.0,Diesel,Manual,First,20.77,1248.0,88.8,7.0,7.25
Ford Figo Diesel ZXI,Ford,Hyderabad,2013,7,51000.0,Diesel,Manual,First,20.0,1399.0,68.05,5.0,3.2
Volkswagen Polo 1.2 MPI Highline,Volkswagen,Mumbai,2014,6,57000.0,Petrol,Manual,First,16.47,1198.0,74.0,5.0,3.95
Audi A6 3.0 TDI quattro,Audi,Coimbatore,2009,11,48040.0,Diesel,Automatic,Second,16.77,2967.0,241.38,5.0,12.07
Toyota Innova Crysta 2.4 ZX MT,Toyota,Pune,2017,3,43200.0,Diesel,Manual,First,13.68,2393.0,147.8,7.0,18.6
Hyundai Verna 1.6 CRDi EX AT,Hyundai,Delhi,2013,7,66000.0,Diesel,Automatic,First,22.32,1582.0,126.3,5.0,5.7
Hyundai Santro Xing GL Plus,Hyundai,Kolkata,2013,7,31000.0,Petrol,Manual,First,17.92,1086.0,62.1,5.0,1.75
Audi A4 2.0 TDI,Audi,Delhi,2011,9,46000.0,Diesel,Automatic,Second,16.55,1968.0,147.51,5.0,10.99
Audi A4 2.0 TDI,Audi,Kolkata,2012,8,47346.0,Diesel,Automatic,First,16.55,1968.0,147.51,5.0,14.5
Skoda Laura 1.9 TDI MT Ambiente,Skoda,Jaipur,2009,11,100000.0,Diesel,Manual,First,17.0,1896.0,105.0,5.0,3.11
Honda CR-V 2.0L 2WD AT,Honda,Coimbatore,2015,5,63856.0,Petrol,Automatic,First,13.7,1997.0,153.86,5.0,13.96
Hyundai Verna 1.6 SX CRDi (O),Hyundai,Coimbatore,2015,5,72996.0,Diesel,Manual,First,22.32,1582.0,126.32,5.0,7.11
Honda Mobilio RS i DTEC,Honda,Chennai,2014,6,23000.0,Diesel,Manual,First,24.5,1498.0,98.6,7.0,6.9
Hyundai i20 1.2 Asta Option,Hyundai,Coimbatore,2018,2,15985.0,Petrol,Manual,First,18.6,1197.0,81.83,5.0,7.77
Toyota Innova 2.5 G (Diesel) 7 Seater BS IV,Toyota,Kolkata,2011,9,98000.0,Diesel,Manual,Second,12.8,2494.0,102.0,8.0,5.5
Hyundai i20 Magna 1.2,Hyundai,Hyderabad,2014,6,70089.0,Petrol,Manual,First,18.6,1197.0,81.83,5.0,5.35
Mahindra Bolero VLX BS IV,Mahindra,Chennai,2011,9,99000.0,Diesel,Manual,Second,13.6,2523.0,63.0,7.0,4.5
Volkswagen Vento 1.5 TDI Comfortline,Volkswagen,Jaipur,2014,6,72000.0,Diesel,Manual,First,20.34,1498.0,103.2,5.0,4.75
Jaguar XF 2.2 Litre Luxury,Jaguar,Coimbatore,2015,5,44194.0,Diesel,Automatic,First,16.36,2179.0,187.7,5.0,32.8
Maruti Zen LXi - BS III,Maruti,Mumbai,2005,15,102000.0,Petrol,Manual,First,17.3,993.0,60.0,5.0,0.7
Mercedes-Benz E-Class Facelift,Mercedes-Benz,Coimbatore,2018,2,56652.0,Diesel,Automatic,First,13.0,2987.0,258.0,5.0,50.29
Toyota Fortuner 3.0 Diesel,Toyota,Mumbai,2010,10,41650.0,Diesel,Manual,Second,11.5,2982.0,171.0,7.0,10.99
Hyundai Grand i10 AT Asta,Hyundai,Coimbatore,2015,5,61717.0,Petrol,Automatic,First,18.9,1197.0,82.0,5.0,5.57
Hyundai Xcent 1.2 CRDi S,Hyundai,Jaipur,2018,2,25302.0,Diesel,Manual,First,25.4,1186.0,73.97,5.0,5.9
Hyundai Creta 1.6 VTVT S,Hyundai,Coimbatore,2016,4,47016.0,Petrol,Manual,First,15.29,1591.0,121.3,5.0,9.43
Hyundai i10 Sportz,Hyundai,Bangalore,2010,10,69000.0,Petrol,Manual,First,20.36,1197.0,78.9,5.0,2.9
Honda Brio S MT,Honda,Delhi,2016,4,32700.0,Petrol,Manual,First,19.4,1198.0,86.8,5.0,3.68
Toyota Fortuner 4x2 AT,Toyota,Coimbatore,2015,5,101337.0,Diesel,Automatic,First,12.55,2982.0,168.5,7.0,21.67
Audi A4 2.0 TDI Multitronic,Audi,Ahmedabad,2011,9,59000.0,Diesel,Automatic,First,16.55,1968.0,140.0,5.0,12.5
Toyota Innova Crysta 2.8 ZX AT,Toyota,Kochi,2018,2,41736.0,Diesel,Automatic,First,11.36,2755.0,171.5,7.0,19.92
Honda City i DTEC VX,Honda,Jaipur,2014,6,71649.0,Diesel,Manual,First,25.1,1498.0,98.6,5.0,6.75
Honda City i DTEC VX,Honda,Kochi,2015,5,80606.0,Diesel,Manual,First,25.1,1498.0,98.6,5.0,6.96
Renault KWID 1.0 RXT Optional,Renault,Jaipur,2017,3,63262.0,Petrol,Manual,First,21.7,999.0,67.0,5.0,3.25
Maruti Swift DDiS ZDI Plus,Maruti,Hyderabad,2018,2,5456.0,Diesel,Manual,First,28.4,1248.0,74.0,5.0,8.65
Maruti Celerio VXI Optional AMT,Maruti,Pune,2017,3,7500.0,Petrol,Automatic,First,23.1,998.0,67.04,5.0,5.0
Mahindra XUV500 W8 2WD,Mahindra,Delhi,2011,9,66000.0,Diesel,Manual,First,15.1,2179.0,140.0,7.0,5.5
Hyundai i10 Magna,Hyundai,Jaipur,2010,10,66770.0,Petrol,Manual,Second,20.36,1197.0,78.9,5.0,2.6
Hyundai i10 Magna 1.1,Hyundai,Kochi,2014,6,58472.0,Petrol,Manual,First,19.81,1086.0,68.05,5.0,3.41
Maruti Dzire VXI,Maruti,Kolkata,2011,9,46687.0,Petrol,Manual,First,22.0,1197.0,81.8,5.0,2.7
Maruti Grand Vitara AT,Maruti,Chennai,2008,12,77000.0,Petrol,Automatic,Fourth & Above,9.7,1995.0,163.5,5.0,5.5
Audi TT 40 TFSI,Audi,Kolkata,2012,8,7000.0,Petrol,Automatic,First,14.33,1984.0,226.6,4.0,35.0
Mercedes-Benz New C-Class C 200 CGI,Mercedes-Benz,Mumbai,2011,9,48000.0,Petrol,Automatic,Second,14.74,1991.0,184.0,5.0,9.75
Nissan Sunny 2011-2014 Diesel XV,Nissan,Mumbai,2013,7,47000.0,Diesel,Manual,First,21.64,1461.0,84.8,5.0,4.25
Maruti Wagon R LXI,Maruti,Ahmedabad,2015,5,51530.0,Petrol,Manual,First,18.9,998.0,67.1,5.0,3.2
Maruti Swift Dzire ZDI,Maruti,Bangalore,2014,6,25789.0,Diesel,Manual,Second,23.4,1248.0,74.0,5.0,6.85
Honda Amaze S i-Dtech,Honda,Delhi,2015,5,48000.0,Diesel,Manual,First,25.8,1498.0,98.6,5.0,4.5
Maruti Swift ZDI,Maruti,Delhi,2012,8,52000.0,Diesel,Manual,First,28.4,1248.0,74.0,5.0,3.55
Hyundai Accent Executive CNG,Hyundai,Hyderabad,2010,10,95637.0,CNG,Manual,Second,13.2,1495.0,93.7,5.0,1.9
Mahindra Scorpio LX 2.6 Turbo,Mahindra,Hyderabad,2008,12,131000.0,Diesel,Manual,First,10.5,2609.0,120.0,7.0,3.6
Mercedes-Benz E-Class E250 CDI Avantgrade,Mercedes-Benz,Kochi,2015,5,42076.0,Diesel,Automatic,First,13.0,2143.0,201.1,5.0,21.8
Toyota Fortuner 4x2 Manual,Toyota,Mumbai,2012,8,76000.0,Diesel,Manual,Second,13.0,2982.0,168.5,7.0,13.5
Datsun redi-GO T Option,Datsun,Bangalore,2016,4,20487.0,Petrol,Manual,First,22.7,799.0,53.64,5.0,2.66
Honda City V MT,Honda,Delhi,2010,10,43000.0,Petrol,Manual,Second,16.8,1497.0,116.3,5.0,3.75
Toyota Camry Hybrid,Toyota,Pune,2018,2,17000.0,Petrol,Automatic,First,19.16,2494.0,158.2,5.0,32.0
Honda City i DTec V,Honda,Coimbatore,2016,4,60805.0,Diesel,Manual,First,26.0,1498.0,98.6,5.0,8.07
Volkswagen Jetta 2012-2014 2.0L TDI Trendline,Volkswagen,Kochi,2012,8,58775.0,Diesel,Manual,First,19.33,1968.0,138.1,5.0,5.64
Audi A6 2011-2015 2.0 TDI,Audi,Hyderabad,2013,7,70181.0,Diesel,Automatic,First,17.68,1968.0,174.33,5.0,23.99
Maruti Ertiga VDI,Maruti,Coimbatore,2016,4,85827.0,Diesel,Manual,First,20.77,1248.0,88.76,7.0,7.5
Mercedes-Benz New C-Class C 220 CDI Style,Mercedes-Benz,Jaipur,2016,4,58205.0,Diesel,Automatic,First,19.27,2143.0,167.62,5.0,27.0
Maruti Swift Dzire Vdi BSIV,Maruti,Mumbai,2008,12,91000.0,Diesel,Manual,Second,19.3,1248.0,73.9,5.0,2.85
Renault Duster 110PS Diesel RxZ Pack,Renault,Pune,2012,8,74000.0,Diesel,Manual,First,19.01,1461.0,108.45,5.0,6.35
Maruti Ritz VDi,Maruti,Hyderabad,2010,10,79324.0,Diesel,Manual,First,21.1,1248.0,73.9,5.0,3.3
Maruti Swift Dzire VXI,Maruti,Bangalore,2013,7,38623.0,Petrol,Manual,First,19.1,1197.0,85.8,5.0,5.0
Maruti Swift ZDi,Maruti,Coimbatore,2014,6,59923.0,Diesel,Manual,First,22.9,1248.0,74.0,5.0,6.46
Hyundai EON Sportz,Hyundai,Jaipur,2017,3,23360.0,Petrol,Manual,First,21.1,814.0,55.2,5.0,3.75
Maruti Zen VXI BSII,Maruti,Kochi,2003,17,61495.0,Petrol,Manual,Third,17.3,993.0,60.0,5.0,1.52
Maruti Eeco 7 Seater Standard,Maruti,Coimbatore,2012,8,56661.0,Petrol,Manual,First,15.1,1196.0,73.0,7.0,3.61
Audi Q5 30 TDI quattro Premium,Audi,Coimbatore,2017,3,40318.0,Diesel,Automatic,First,14.16,1968.0,174.3,5.0,43.74
Audi Q3 2.0 TDI,Audi,Chennai,2014,6,60000.0,Diesel,Automatic,First,15.73,1968.0,174.33,5.0,20.0
Smart Fortwo CDI AT,Smart,Pune,2008,12,103000.0,Diesel,Automatic,Second,,799.0,,2.0,3.0
Maruti Swift Dzire VDi,Maruti,Hyderabad,2010,10,130000.0,Diesel,Manual,First,19.3,1248.0,73.9,5.0,3.65
Tata Sumo DX,Tata,Mumbai,2013,7,20000.0,Diesel,Manual,First,14.07,1978.0,83.1,10.0,5.25
BMW X5 2014-2019 xDrive 30d Design Pure Experience 7 Seater,BMW,Hyderabad,2016,4,76000.0,Diesel,Automatic,First,15.97,2993.0,258.0,7.0,58.0
Honda City i-VTEC CVT VX,Honda,Mumbai,2015,5,30000.0,Petrol,Automatic,First,18.0,1497.0,117.3,5.0,8.65
Tata Indigo eCS eLX BS IV,Tata,Delhi,2015,5,150000.0,Diesel,Manual,First,25.0,1396.0,69.01,5.0,2.5
Volkswagen Vento TSI,Volkswagen,Chennai,2014,6,28000.0,Petrol,Automatic,First,16.93,1197.0,103.6,5.0,7.75
Maruti Celerio VXI,Maruti,Bangalore,2015,5,74000.0,Petrol,Manual,First,23.1,998.0,67.04,5.0,4.15
Toyota Fortuner 3.0 Diesel,Toyota,Delhi,2011,9,75000.0,Diesel,Manual,First,11.5,2982.0,171.0,7.0,10.85
Mitsubishi Outlander 2.4,Mitsubishi,Delhi,2010,10,76000.0,Petrol,Automatic,Second,11.3,2360.0,170.0,5.0,5.53
Volkswagen Jetta 2007-2011 1.9 Highline TDI,Volkswagen,Pune,2014,6,64889.0,Diesel,Automatic,First,15.5,1896.0,105.0,5.0,11.5
Porsche Cayman 2009-2012 S,Porsche,Hyderabad,2010,10,10000.0,Petrol,Manual,First,9.0,3436.0,,2.0,40.0
Hyundai Creta 1.6 CRDi SX,Hyundai,Kolkata,2015,5,43000.0,Diesel,Manual,First,19.67,1582.0,126.2,5.0,9.25
Skoda Fabia 1.2 MPI Ambiente Petrol,Skoda,Pune,2011,9,47490.0,Petrol,Manual,First,17.5,1198.0,75.0,5.0,2.29
Ford EcoSport 1.5 TDCi Titanium,Ford,Chennai,2015,5,80000.0,Diesel,Manual,First,22.77,1498.0,98.59,5.0,7.0
Maruti Zen Estilo 1.1 LXI BSIII,Maruti,Bangalore,2007,13,60000.0,Petrol,Manual,Second,18.2,1061.0,64.0,5.0,1.65
Maruti Ciaz 1.4 Delta,Maruti,Ahmedabad,2017,3,6006.0,Petrol,Manual,First,20.73,1373.0,91.1,5.0,8.25
Mercedes-Benz New C-Class C 200 Avantgarde Edition C,Mercedes-Benz,Kochi,2011,9,71703.0,Petrol,Automatic,First,14.74,1991.0,181.03,5.0,9.14
Honda Amaze SX i-VTEC,Honda,Hyderabad,2016,4,33000.0,Petrol,Manual,First,17.8,1198.0,86.7,5.0,6.5
Toyota Etios GD,Toyota,Kolkata,2012,8,60000.0,Diesel,Manual,First,23.59,1364.0,,5.0,2.95
Renault Duster 85PS Diesel RxL,Renault,Jaipur,2015,5,91000.0,Diesel,Manual,First,19.87,1461.0,83.8,5.0,5.75
Maruti Wagon R LXI LPG BSIV,Maruti,Hyderabad,2012,8,72000.0,LPG,Manual,First,26.2,998.0,58.2,5.0,2.85
Volkswagen Polo Petrol Highline 1.2L,Volkswagen,Kolkata,2011,9,43000.0,Petrol,Manual,Second,16.47,1198.0,73.9,5.0,2.1
Hyundai Creta 1.6 SX Plus Diesel,Hyundai,Coimbatore,2017,3,63770.0,Diesel,Manual,First,19.67,1582.0,126.2,5.0,13.55
Jaguar XF Diesel,Jaguar,Kolkata,2012,8,43510.0,Diesel,Automatic,First,14.74,2993.0,270.9,5.0,20.5
Jeep Compass 2.0 Limited 4X4,Jeep,Mumbai,2017,3,52000.0,Diesel,Manual,First,16.3,1956.0,170.0,5.0,20.0
Land Rover Range Rover Evoque 2.0 TD4 HSE Dynamic,Land,Kochi,2018,2,31427.0,Diesel,Automatic,First,15.68,1999.0,177.0,5.0,59.72
Maruti Baleno Alpha Diesel,Maruti,Kolkata,2016,4,29000.0,Diesel,Manual,First,27.39,1248.0,74.0,5.0,6.5
Maruti Ciaz ZDi SHVS,Maruti,Ahmedabad,2016,4,56000.0,Diesel,Manual,First,28.09,1248.0,88.5,5.0,7.5
Maruti SX4 Vxi BSIII,Maruti,Jaipur,2007,13,76000.0,Petrol,Manual,Second,15.0,1586.0,104.68,5.0,2.15
Hyundai Elantra CRDi SX,Hyundai,Coimbatore,2015,5,53615.0,Diesel,Manual,First,22.7,1582.0,126.24,5.0,8.44
Mitsubishi Pajero Sport 4X4,Mitsubishi,Bangalore,2013,7,132000.0,Diesel,Manual,First,13.5,2477.0,175.56,7.0,12.49
Volkswagen Ameo 1.2 MPI Comfortline,Volkswagen,Pune,2017,3,14800.0,Petrol,Manual,First,17.0,1198.0,73.75,5.0,5.48
Maruti Ritz VXi,Maruti,Hyderabad,2013,7,35433.0,Petrol,Manual,First,18.5,1197.0,85.8,5.0,4.2
Hyundai Verna CRDi SX,Hyundai,Hyderabad,2013,7,82966.0,Diesel,Manual,First,16.8,1493.0,110.0,5.0,7.2
Maruti Swift Dzire Tour LDI,Maruti,Jaipur,2014,6,96000.0,Diesel,Manual,First,23.4,1248.0,74.0,5.0,4.8
Mahindra KUV 100 mFALCON D75 K6,Mahindra,Kochi,2017,3,39528.0,Diesel,Manual,First,25.32,1198.0,77.0,6.0,5.83
Toyota Innova Crysta 2.4 ZX MT,Toyota,Coimbatore,2018,2,92056.0,Diesel,Manual,First,13.68,2393.0,147.8,7.0,18.39
Maruti Baleno Delta 1.2,Maruti,Pune,2016,4,14930.0,Petrol,Manual,First,21.4,1197.0,83.1,5.0,5.85
Honda Jazz VX Diesel,Honda,Mumbai,2016,4,38000.0,Diesel,Manual,First,27.3,1498.0,98.6,5.0,6.21
Hyundai i20 1.2 Asta,Hyundai,Delhi,2013,7,71000.0,Petrol,Manual,First,17.0,1197.0,80.0,5.0,3.65
Hyundai i20 Sportz Diesel,Hyundai,Delhi,2012,8,71000.0,Diesel,Manual,First,23.0,1396.0,90.0,5.0,3.7
Mercedes-Benz New C-Class C 220d Avantgarde Edition C,Mercedes-Benz,Pune,2015,5,50000.0,Diesel,Automatic,First,19.27,2143.0,167.62,5.0,30.0
Hyundai Xcent 1.2 Kappa Base,Hyundai,Kochi,2016,4,48163.0,Petrol,Manual,First,19.1,1197.0,82.0,5.0,4.85
Hyundai Grand i10 AT Asta,Hyundai,Coimbatore,2017,3,19168.0,Petrol,Automatic,First,18.9,1197.0,82.0,5.0,6.93
Maruti Alto 800 VXI,Maruti,Kolkata,2016,4,26000.0,Petrol,Manual,First,22.74,796.0,47.3,5.0,2.6
Chevrolet Sail Hatchback 1.2 LS,Chevrolet,Kolkata,2014,6,37400.0,Petrol,Manual,First,18.2,1199.0,82.5,5.0,1.89
Mercedes-Benz C-Class Progressive C 220d,Mercedes-Benz,Mumbai,2018,2,8682.0,Diesel,Automatic,First,,1950.0,194.0,5.0,39.5
Skoda Superb Elegance 1.8 TSI AT,Skoda,Mumbai,2012,8,95000.0,Petrol,Automatic,First,13.7,1798.0,157.75,5.0,10.0
Audi A4 2.0 TDI,Audi,Kolkata,2009,11,34000.0,Diesel,Automatic,First,16.55,1968.0,147.51,5.0,9.95
Toyota Innova 2.5 G (Diesel) 7 Seater BS IV,Toyota,Mumbai,2014,6,95000.0,Diesel,Manual,Second,12.8,2494.0,102.0,8.0,9.45
Mercedes-Benz CLA 200 CDI Sport,Mercedes-Benz,Coimbatore,2017,3,13689.0,Diesel,Automatic,First,17.9,2143.0,136.0,5.0,28.25
Hyundai i10 Era,Hyundai,Jaipur,2008,12,84000.0,Petrol,Manual,Second,19.81,1086.0,68.05,5.0,1.8
Maruti Swift Dzire VXi,Maruti,Kolkata,2008,12,47000.0,Petrol,Manual,Second,17.5,1298.0,85.8,5.0,1.4
Skoda Rapid 1.5 TDI AT Ambition,Skoda,Ahmedabad,2015,5,60001.0,Diesel,Automatic,First,21.66,1498.0,103.52,5.0,7.25
Maruti Ritz VDi,Maruti,Hyderabad,2012,8,96000.0,Diesel,Manual,First,21.1,1248.0,73.9,5.0,3.6
Hyundai Accent GLS 1.6,Hyundai,Jaipur,2004,16,47300.0,Petrol,Manual,Second,14.4,1599.0,94.0,5.0,1.2
Honda Amaze SX i-VTEC,Honda,Coimbatore,2014,6,28246.0,Petrol,Manual,Second,17.8,1198.0,86.7,5.0,4.94
Maruti Wagon R LXI,Maruti,Delhi,2007,13,65000.0,Petrol,Manual,Second,18.9,998.0,67.1,5.0,1.25
Volkswagen Polo Diesel Comfortline 1.2L,Volkswagen,Chennai,2013,7,68000.0,Diesel,Manual,Second,22.07,1199.0,73.9,5.0,4.8
Ford Endeavour 2.2 Trend AT 4X2,Ford,Kochi,2019,1,11209.0,Diesel,Automatic,First,12.62,2198.0,158.0,7.0,31.15
Hyundai i20 1.2 Sportz,Hyundai,Pune,2011,9,41980.0,Petrol,Manual,Second,17.0,1197.0,80.0,5.0,3.3
Chevrolet Beat Diesel PS,Chevrolet,Bangalore,2012,8,65000.0,Diesel,Manual,First,25.44,936.0,57.6,5.0,2.4
Honda Civic 2010-2013 1.8 V MT,Honda,Kolkata,2010,10,38000.0,Petrol,Manual,First,14.8,1799.0,130.2,5.0,2.0
Maruti Wagon R VXI BS IV,Maruti,Pune,2014,6,51000.0,Petrol,Manual,First,20.51,998.0,67.04,5.0,3.1
Skoda Rapid 1.6 MPI Ambition Plus,Skoda,Kochi,2014,6,33855.0,Petrol,Manual,First,15.0,1598.0,103.6,5.0,5.09
Maruti Baleno Vxi - BSIII,Maruti,Pune,2006,14,146000.0,Petrol,Manual,Second,15.4,1590.0,94.0,5.0,1.05
Ford EcoSport 1.5 TDCi Titanium,Ford,Bangalore,2015,5,47037.0,Diesel,Manual,Second,22.77,1498.0,98.59,5.0,7.0
Hyundai Accent GLE,Hyundai,Ahmedabad,2010,10,58000.0,Petrol,Manual,Second,13.2,1495.0,94.0,5.0,2.5
BMW 5 Series 520d Luxury Line,BMW,Mumbai,2012,8,61240.0,Diesel,Automatic,First,22.48,1995.0,190.0,5.0,17.5
Maruti Alto K10 2010-2014 VXI,Maruti,Chennai,2011,9,91211.0,Petrol,Manual,First,20.92,998.0,67.1,5.0,2.1
Audi Q3 2012-2015 2.0 TDI Quattro Premium Plus,Audi,Bangalore,2013,7,84000.0,Diesel,Automatic,First,15.73,1968.0,174.33,5.0,17.75
Maruti Wagon R LXI DUO BSIII,Maruti,Mumbai,2008,12,64226.0,LPG,Manual,First,17.3,1061.0,57.5,5.0,1.45
Toyota Corolla H4,Toyota,Bangalore,2005,15,67000.0,Petrol,Automatic,Second,11.3,1794.0,125.0,5.0,2.45
Volvo XC60 D5,Volvo,Pune,2011,9,106976.0,Diesel,Automatic,First,13.5,2400.0,215.0,5.0,13.8
Honda Jazz 1.5 VX i DTEC,Honda,Kolkata,2016,4,27210.0,Diesel,Manual,First,27.3,1498.0,98.6,5.0,5.85
Maruti Ciaz 1.3 Alpha,Maruti,Delhi,2017,3,26322.0,Diesel,Manual,First,28.09,1248.0,88.5,5.0,8.9
Maruti Swift VXI BSIV,Maruti,Mumbai,2016,4,9107.0,Petrol,Manual,First,20.4,1197.0,81.8,5.0,5.15
Mercedes-Benz New C-Class C 220 CDI Avantgarde,Mercedes-Benz,Kochi,2015,5,63983.0,Diesel,Automatic,First,19.27,2143.0,170.0,5.0,16.56
Maruti Wagon R VXI Minor,Maruti,Chennai,2010,10,134000.0,Petrol,Manual,Second,18.9,1061.0,67.0,5.0,1.65
Mercedes-Benz A Class A180 Sport,Mercedes-Benz,Pune,2015,5,11000.0,Petrol,Automatic,First,15.5,1595.0,120.7,5.0,16.0
Hyundai Santro Xing GL,Hyundai,Pune,2008,12,93000.0,Petrol,Manual,First,,1086.0,62.0,5.0,1.45
Maruti Swift Dzire AMT ZDI,Maruti,Coimbatore,2017,3,24852.0,Diesel,Automatic,First,26.59,1248.0,74.0,5.0,8.08
Hyundai Grand i10 AT Asta,Hyundai,Pune,2014,6,37632.0,Petrol,Automatic,First,18.9,1197.0,82.0,5.0,4.5
Nissan Sunny 2011-2014 XV Special Edition,Nissan,Chennai,2013,7,55000.0,Petrol,Manual,Second,16.95,1498.0,97.7,5.0,4.3
Maruti A-Star Lxi,Maruti,Hyderabad,2010,10,81448.0,Petrol,Manual,First,19.0,998.0,66.1,5.0,2.6
Renault KWID RXT Optional,Renault,Hyderabad,2018,2,1900.0,Petrol,Manual,First,25.17,799.0,53.3,5.0,4.45
Hyundai Verna 1.6 SX VTVT (O) AT,Hyundai,Coimbatore,2012,8,54957.0,Petrol,Automatic,First,17.1,1591.0,121.4,5.0,5.37
Maruti Wagon R LXI Minor,Maruti,Chennai,2008,12,55000.0,Petrol,Manual,Second,18.9,1061.0,67.0,5.0,1.75
BMW 3 Series 320d Sport Line,BMW,Kolkata,2013,7,21983.0,Diesel,Automatic,First,18.88,1995.0,184.0,5.0,16.5
BMW 5 Series 2003-2012 520d,BMW,Delhi,2013,7,76000.0,Diesel,Automatic,First,18.48,1995.0,177.0,5.0,19.0
Tata Indigo CS eVX,Tata,Jaipur,2016,4,65000.0,Diesel,Manual,First,25.0,1396.0,69.01,5.0,2.8
Hyundai i20 Sportz 1.4 CRDi,Hyundai,Hyderabad,2015,5,26000.0,Diesel,Manual,First,22.54,1396.0,88.73,5.0,6.2
Maruti Omni E MPI STD BS IV,Maruti,Kochi,2019,1,11571.0,Petrol,Manual,First,16.8,796.0,34.2,8.0,3.8
Maruti Swift ZDi,Maruti,Hyderabad,2014,6,81000.0,Diesel,Manual,First,25.2,1248.0,74.0,5.0,6.1
Ford Ecosport Signature Edition Diesel,Ford,Coimbatore,2019,1,23154.0,Diesel,Manual,First,23.0,1498.0,98.96,5.0,11.65
Honda Brio VX AT,Honda,Mumbai,2014,6,26856.0,Petrol,Automatic,First,16.5,1198.0,86.8,5.0,4.15
Toyota Innova Crysta 2.4 GX MT,Toyota,Chennai,2017,3,67489.0,Diesel,Manual,First,13.68,2393.0,147.8,7.0,16.5
Mahindra Scorpio 2.6 LX,Mahindra,Bangalore,2008,12,176000.0,Diesel,Manual,Second,10.5,2179.0,120.0,8.0,4.3
Hyundai i20 1.2 Magna,Hyundai,Kolkata,2010,10,18000.0,Petrol,Manual,First,18.5,1197.0,80.0,5.0,2.25
Hyundai Verna 1.6 SX,Hyundai,Ahmedabad,2014,6,63003.0,Diesel,Manual,First,22.32,1582.0,126.32,5.0,6.75
Mahindra XUV500 W6 2WD,Mahindra,Chennai,2014,6,80000.0,Diesel,Manual,First,15.1,2179.0,140.0,7.0,9.4
Volkswagen Vento 1.5 TDI Comfortline,Volkswagen,Coimbatore,2014,6,56658.0,Diesel,Manual,First,20.64,1498.0,108.5,5.0,5.39
Maruti Swift Dzire VDI Optional,Maruti,Kochi,2019,1,18592.0,Diesel,Manual,First,26.59,1248.0,74.0,5.0,8.51
Tata Manza Aura Safire BS IV,Tata,Pune,2010,10,75695.0,Petrol,Manual,First,13.7,1368.0,88.8,5.0,1.85
Maruti Swift VDI,Maruti,Kolkata,2012,8,82000.0,Diesel,Manual,Second,22.9,1248.0,74.0,5.0,2.5
Volkswagen Polo Diesel Highline 1.2L,Volkswagen,Chennai,2013,7,60000.0,Diesel,Manual,First,22.07,1199.0,73.9,5.0,4.75
Honda City 1.5 V MT,Honda,Pune,2009,11,138000.0,Petrol,Manual,Second,17.0,1497.0,118.0,5.0,3.5
Hyundai i20 Asta (o) 1.4 CRDi (Diesel),Hyundai,Bangalore,2014,6,67000.0,Diesel,Manual,First,23.0,1396.0,90.0,5.0,5.5
Honda City 1.5 V MT,Honda,Coimbatore,2012,8,42750.0,Petrol,Manual,First,17.0,1497.0,118.0,5.0,6.33
Chevrolet Beat Diesel,Chevrolet,Kochi,2014,6,52398.0,Diesel,Manual,First,25.44,936.0,57.6,5.0,2.47
Chevrolet Spark 1.0 LS,Chevrolet,Kochi,2014,6,36657.0,Petrol,Manual,First,16.2,995.0,62.1,5.0,3.3
Tata New Safari DICOR 2.2 EX 4x2,Tata,Delhi,2011,9,77000.0,Diesel,Manual,Second,11.57,2179.0,138.1,7.0,3.5
Mercedes-Benz GL-Class 350 CDI Blue Efficiency,Mercedes-Benz,Delhi,2014,6,85000.0,Diesel,Automatic,First,11.3,2987.0,254.8,7.0,38.75
BMW 5 Series 2003-2012 530d Highline,BMW,Pune,2008,12,112500.0,Diesel,Automatic,First,11.5,2993.0,235.0,5.0,7.99
Toyota Fortuner 2.8 4WD MT,Toyota,Kochi,2013,7,105072.0,Diesel,Manual,First,14.24,2755.0,174.5,7.0,13.28
BMW X1 sDrive 18i,BMW,Pune,2012,8,80000.0,Petrol,Automatic,First,11.25,1995.0,150.0,5.0,9.5
Renault Captur 1.5 Diesel Platine Mono,Renault,Kochi,2019,1,3102.0,Diesel,Manual,First,20.37,1461.0,108.45,5.0,14.01
Hyundai Xcent 1.1 CRDi S,Hyundai,Coimbatore,2016,4,14656.0,Diesel,Manual,First,24.4,1120.0,71.0,5.0,6.99
BMW 3 Series 320d,BMW,Hyderabad,2010,10,105000.0,Diesel,Automatic,Second,13.2,1995.0,170.0,5.0,11.0
BMW 5 Series 2010-2013 525i,BMW,Hyderabad,2008,12,61000.0,Petrol,Automatic,Second,10.8,2497.0,215.0,5.0,11.0
Nissan Micra XE,Nissan,Pune,2010,10,85046.0,Petrol,Manual,Second,18.06,1198.0,75.0,5.0,2.3
Jaguar XF 2.2 Litre Luxury,Jaguar,Delhi,2014,6,48000.0,Diesel,Automatic,First,16.36,2179.0,187.7,5.0,26.5
Land Rover Range Rover TDV8 (Diesel),Land,Bangalore,2011,9,55000.0,Diesel,Automatic,First,10.2,4367.0,308.0,7.0,67.0
Jeep Compass 1.4 Limited Option,Jeep,Mumbai,2017,3,4000.0,Petrol,Automatic,First,16.0,1368.0,160.0,5.0,17.75
Honda CR-V 2.4 AT,Honda,Delhi,2010,10,94000.0,Petrol,Automatic,Second,10.1,2354.0,152.0,5.0,4.8
Maruti Swift VXI,Maruti,Coimbatore,2013,7,61110.0,Petrol,Manual,First,18.6,1197.0,85.8,5.0,4.57
Hyundai Xcent 1.1 CRDi S,Hyundai,Chennai,2016,4,80000.0,Diesel,Manual,First,24.4,1120.0,71.0,5.0,3.5
Nissan Terrano XV Premium 110 PS,Nissan,Kochi,2015,5,43190.0,Diesel,Manual,First,19.01,1461.0,108.5,5.0,7.61
Audi A4 35 TDI Technology,Audi,Hyderabad,2015,5,45000.0,Diesel,Automatic,First,18.25,1968.0,187.74,5.0,25.0
Hyundai Grand i10 Asta Option,Hyundai,Coimbatore,2016,4,44178.0,Petrol,Manual,First,18.9,1197.0,82.0,5.0,5.88
Toyota Innova 2.5 G (Diesel) 8 Seater,Toyota,Hyderabad,2015,5,84415.0,Diesel,Manual,First,12.99,2494.0,100.6,8.0,13.5
Hyundai i20 1.2 Magna,Hyundai,Kolkata,2015,5,35000.0,Petrol,Manual,First,18.5,1197.0,80.0,5.0,4.6
Ford EcoSport 1.5 TDCi Titanium,Ford,Kolkata,2013,7,44000.0,Diesel,Manual,First,22.77,1498.0,98.59,5.0,4.9
Honda City 1.5 S MT,Honda,Hyderabad,2012,8,67635.0,Petrol,Manual,First,17.0,1497.0,118.0,5.0,5.25
Ford EcoSport 1.5 Petrol Titanium Plus AT,Ford,Coimbatore,2018,2,18385.0,Petrol,Automatic,First,14.8,1497.0,121.36,5.0,12.41
Volkswagen Polo Diesel Highline 1.2L,Volkswagen,Kolkata,2014,6,35000.0,Diesel,Manual,First,22.07,1199.0,73.9,5.0,3.8
Mercedes-Benz New C-Class C 220 CDI Avantgarde,Mercedes-Benz,Mumbai,2010,10,49000.0,Diesel,Automatic,First,19.27,2143.0,170.0,5.0,8.95
Ford Ecosport 1.5 DV5 MT Titanium,Ford,Hyderabad,2013,7,69000.0,Diesel,Manual,First,22.7,1498.0,89.84,5.0,7.2
Tata Indigo GLE,Tata,Hyderabad,2017,3,23228.0,Petrol,Manual,First,14.4,1396.0,65.0,5.0,4.5
Maruti Swift Dzire LDI,Maruti,Delhi,2014,6,68462.0,Diesel,Manual,First,26.59,1248.0,74.0,5.0,4.15
Maruti S-Cross Zeta DDiS 200 SH,Maruti,Coimbatore,2016,4,74611.0,Diesel,Manual,First,25.1,1248.0,88.5,5.0,7.94
Renault Duster 110PS Diesel RxZ Pack,Renault,Pune,2014,6,90000.0,Diesel,Manual,First,19.01,1461.0,108.45,5.0,7.25
Maruti Wagon R VXI,Maruti,Delhi,2016,4,22000.0,Petrol,Manual,First,18.9,998.0,67.1,5.0,3.7
Hyundai Santro Xing GL,Hyundai,Hyderabad,2010,10,58163.0,Petrol,Manual,First,,1086.0,62.0,5.0,2.45
Chevrolet Beat Diesel LT,Chevrolet,Chennai,2011,9,109500.0,Diesel,Manual,Third,25.44,936.0,57.6,5.0,1.5
Mahindra XUV500 W4 1.99 mHawk,Mahindra,Delhi,2017,3,13363.0,Diesel,Manual,First,16.0,1997.0,140.0,7.0,12.0
Hyundai i10 Era 1.1,Hyundai,Delhi,2012,8,51000.0,Petrol,Manual,Second,19.81,1086.0,68.05,5.0,2.2
Tata New Safari DICOR 2.2 EX 4x4,Tata,Hyderabad,2007,13,103000.0,Diesel,Manual,First,13.93,2179.0,138.0,7.0,3.6
Hyundai i10 Sportz,Hyundai,Kolkata,2009,11,43002.0,Petrol,Manual,First,20.36,1197.0,78.9,5.0,1.92
Toyota Innova Crysta 2.8 ZX AT,Toyota,Bangalore,2016,4,108000.0,Diesel,Automatic,First,11.36,2755.0,171.5,7.0,20.5
Skoda Laura Elegance MT,Skoda,Jaipur,2010,10,82407.0,Diesel,Manual,First,17.5,1896.0,106.0,5.0,4.25
Hyundai Grand i10 Sportz,Hyundai,Kolkata,2013,7,29000.0,Petrol,Manual,First,18.9,1197.0,82.0,5.0,3.2
Toyota Etios Liva GD,Toyota,Pune,2012,8,225000.0,Diesel,Manual,Second,23.59,1364.0,,5.0,2.6
Maruti Swift Dzire VDI,Maruti,Kolkata,2014,6,45000.0,Diesel,Manual,First,23.4,1248.0,74.0,5.0,3.85
Hyundai i20 Asta 1.4 CRDi (Diesel),Hyundai,Kochi,2010,10,93401.0,Diesel,Manual,First,23.0,1396.0,90.0,5.0,3.48
Ford Figo 2015-2019 1.5D Trend MT,Ford,Hyderabad,2017,3,95802.0,Diesel,Manual,Second,25.83,1498.0,99.0,5.0,4.55
Maruti Ertiga VDI,Maruti,Pune,2016,4,130000.0,Diesel,Manual,First,25.47,1248.0,88.5,7.0,7.0
Maruti Ertiga ZDI,Maruti,Ahmedabad,2013,7,67443.0,Diesel,Manual,First,20.77,1248.0,88.8,7.0,5.75
Honda City 1.5 V AT Sunroof,Honda,Kochi,2016,4,47681.0,Petrol,Automatic,First,16.8,1497.0,116.3,5.0,8.73
Maruti Alto LXi BSIII,Maruti,Hyderabad,2009,11,35000.0,Petrol,Manual,First,19.7,796.0,46.3,5.0,1.7
Ford Endeavour 3.2 Titanium AT 4X4,Ford,Hyderabad,2016,4,68000.0,Diesel,Automatic,First,10.91,3198.0,197.0,7.0,29.5
Maruti Vitara Brezza ZDi Plus,Maruti,Kochi,2019,1,34688.0,Diesel,Manual,First,24.3,1248.0,88.5,5.0,10.49
Porsche Boxster S tiptronic,Porsche,Kolkata,2015,5,10512.0,Petrol,Automatic,First,8.6,2706.0,265.0,2.0,64.0
Maruti Swift ZDi,Maruti,Pune,2016,4,58000.0,Diesel,Manual,First,22.9,1248.0,74.0,5.0,7.55
Tata Zest Revotron 1.2 XT,Tata,Mumbai,2014,6,40000.0,Petrol,Manual,First,17.57,1193.0,88.7,5.0,3.95
Hyundai i20 1.2 Sportz Option,Hyundai,Bangalore,2010,10,61000.0,Petrol,Manual,Fourth & Above,17.0,1197.0,80.0,5.0,3.25
Skoda Fabia 1.4 TDI Active,Skoda,Mumbai,2009,11,86000.0,Diesel,Manual,First,19.4,1422.0,70.0,5.0,2.75
Toyota Corolla Altis D-4D J,Toyota,Kolkata,2015,5,45000.0,Diesel,Manual,First,21.43,1364.0,87.2,5.0,7.35
Volkswagen Ameo 1.2 MPI Comfortline,Volkswagen,Ahmedabad,2017,3,55000.0,Petrol,Manual,First,17.0,1198.0,73.75,5.0,4.7
Hyundai Creta 1.6 VTVT S,Hyundai,Kochi,2016,4,36855.0,Petrol,Manual,Second,15.29,1591.0,121.3,5.0,8.77
Hyundai i10 Magna 1.2,Hyundai,Kochi,2013,7,46821.0,Petrol,Manual,First,20.36,1197.0,78.9,5.0,3.42
Chevrolet Beat LS,Chevrolet,Kolkata,2015,5,120000.0,Petrol,Manual,First,18.6,1199.0,76.8,5.0,2.5
Jaguar XF 3.0 Litre S Premium Luxury,Jaguar,Kolkata,2012,8,29000.0,Diesel,Automatic,First,14.74,2993.0,270.9,5.0,20.0
Nissan Terrano XL,Nissan,Mumbai,2014,6,40000.0,Petrol,Manual,First,13.24,1598.0,102.5,5.0,5.25
Audi Q3 2012-2015 2.0 TDI Quattro Premium Plus,Audi,Delhi,2013,7,60000.0,Diesel,Automatic,Second,15.73,1968.0,174.33,5.0,14.5
Hyundai i10 Asta AT,Hyundai,Mumbai,2011,9,64984.0,Petrol,Automatic,First,16.95,1197.0,78.9,5.0,3.45
Maruti Alto K10 VXI AGS,Maruti,Pune,2015,5,73204.0,Petrol,Automatic,First,24.07,998.0,67.1,5.0,3.3
Audi Q7 4.2 TDI Quattro Technology,Audi,Bangalore,2014,6,50000.0,Diesel,Automatic,First,11.33,4134.0,335.2,7.0,51.0
Maruti Vitara Brezza VDi,Maruti,Kolkata,2017,3,35000.0,Diesel,Manual,First,24.3,1248.0,88.5,5.0,6.5
Hyundai EON D Lite Plus,Hyundai,Hyderabad,2013,7,17729.0,Petrol,Manual,First,21.1,814.0,55.2,5.0,3.65
Mahindra XUV300 W8 Diesel,Mahindra,Chennai,2012,8,97000.0,Diesel,Manual,First,20.0,1497.0,115.0,5.0,7.25
Hyundai Verna CRDi 1.6 SX Option,Hyundai,Kochi,2014,6,89614.0,Diesel,Manual,First,22.0,1582.0,126.2,5.0,6.01
Maruti Wagon R VXI,Maruti,Kolkata,2015,5,14000.0,Petrol,Manual,First,18.9,998.0,67.1,5.0,2.8
Hyundai i20 Sportz Option,Hyundai,Chennai,2012,8,50000.0,Petrol,Manual,First,17.0,1197.0,80.0,5.0,4.0
Honda City i VTEC V,Honda,Delhi,2014,6,62505.0,Petrol,Manual,First,17.4,1497.0,117.3,5.0,5.95
Toyota Innova 2.5 V Diesel 7-seater,Toyota,Chennai,2011,9,248000.0,Diesel,Manual,Second,12.8,2494.0,102.0,7.0,9.2
Hyundai Verna CRDi SX,Hyundai,Pune,2012,8,94900.0,Diesel,Manual,First,16.8,1493.0,110.0,5.0,5.35
Tata Hexa XT,Tata,Delhi,2017,3,55000.0,Diesel,Manual,First,17.6,2179.0,153.86,7.0,12.0
Audi Q7 3.0 TDI Quattro Premium Plus,Audi,Coimbatore,2015,5,53735.0,Diesel,Automatic,Second,12.07,2967.0,241.4,7.0,38.94
Maruti Wagon R VXI,Maruti,Coimbatore,2008,12,53934.0,Petrol,Manual,Second,18.9,998.0,67.1,5.0,2.69
BMW 5 Series 2013-2017 525d Luxury Line,BMW,Bangalore,2013,7,58500.0,Diesel,Automatic,Second,17.09,1995.0,218.0,5.0,27.5
Honda Amaze EX i-Vtech,Honda,Kolkata,2014,6,48000.0,Petrol,Manual,First,18.0,1198.0,86.7,5.0,2.75
Maruti Alto 800 2016-2019 LXI,Maruti,Mumbai,2016,4,24000.0,Petrol,Manual,First,24.7,796.0,47.3,5.0,2.8
Hyundai Verna 1.6 SX VTVT,Hyundai,Mumbai,2016,4,52001.0,Petrol,Manual,First,17.01,1591.0,121.3,5.0,6.45
Tata Tiago 1.2 Revotron XZ,Tata,Coimbatore,2018,2,9565.0,Petrol,Manual,First,23.84,1199.0,84.0,5.0,5.88
Maruti Swift LXI,Maruti,Pune,2013,7,32953.0,Petrol,Manual,First,18.6,1197.0,85.8,5.0,4.65
Hyundai EON Era,Hyundai,Jaipur,2014,6,18000.0,Petrol,Manual,First,21.1,814.0,55.2,5.0,2.5
Mercedes-Benz E-Class E 220 d,Mercedes-Benz,Kochi,2018,2,20446.0,Petrol,Automatic,First,12.6,1950.0,191.34,5.0,51.35
Hyundai i20 Magna 1.4 CRDi,Hyundai,Hyderabad,2016,4,33016.0,Diesel,Manual,First,22.54,1396.0,88.73,5.0,6.85
Toyota Etios VD,Toyota,Chennai,2012,8,48000.0,Diesel,Manual,First,23.59,1364.0,67.05,5.0,5.25
Toyota Corolla Altis Diesel D4DG,Toyota,Coimbatore,2014,6,72022.0,Diesel,Manual,First,21.43,1364.0,87.2,5.0,9.23
Mini Cooper 5 DOOR D,Mini,Ahmedabad,2014,6,34000.0,Diesel,Automatic,First,20.7,1496.0,113.98,5.0,22.0
Volkswagen Polo 1.5 TDI Highline,Volkswagen,Hyderabad,2014,6,69000.0,Diesel,Manual,First,20.14,1498.0,88.8,5.0,5.19
Skoda Superb Elegance 1.8 TSI AT,Skoda,Pune,2009,11,108000.0,Petrol,Automatic,First,13.7,1798.0,157.75,5.0,4.35
Mercedes-Benz E-Class 2009-2013 E 220 CDI Avantgarde,Mercedes-Benz,Hyderabad,2013,7,34700.0,Diesel,Automatic,First,10.0,2148.0,170.0,5.0,24.5
Maruti Swift VDi BSIII W/ ABS,Maruti,Pune,2015,5,79000.0,Diesel,Manual,First,17.8,1248.0,75.0,5.0,5.75
Honda City i VTEC CVT VX,Honda,Kochi,2016,4,58197.0,Petrol,Automatic,First,18.0,1497.0,117.3,5.0,9.19
BMW 7 Series 2007-2012 740Li,BMW,Pune,2008,12,66000.0,Petrol,Automatic,Second,8.45,2979.0,321.0,5.0,10.75
Hyundai i10 Magna AT,Hyundai,Bangalore,2009,11,60000.0,Petrol,Automatic,First,19.2,1197.0,80.0,5.0,2.99
Maruti Swift Dzire VDI,Maruti,Kolkata,2014,6,57000.0,Diesel,Manual,First,26.59,1248.0,74.0,5.0,3.89
Honda City i DTec VX,Honda,Coimbatore,2018,2,45555.0,Diesel,Manual,First,26.0,1498.0,98.6,5.0,11.73
Maruti Omni 8 Seater BSIV,Maruti,Coimbatore,2016,4,55137.0,Petrol,Manual,First,14.0,796.0,35.0,5.0,3.11
Skoda Superb 2009-2014 Elegance 2.0 TDI MT,Skoda,Jaipur,2014,6,93325.0,Diesel,Manual,Second,17.2,1968.0,138.1,5.0,14.45
Maruti Ertiga SHVS VDI,Maruti,Ahmedabad,2018,2,38000.0,Diesel,Manual,First,24.52,1248.0,88.5,7.0,8.7
Hyundai Grand i10 CRDi Magna,Hyundai,Kochi,2016,4,57738.0,Diesel,Manual,First,24.0,1120.0,70.0,5.0,5.04
Maruti Ciaz VDi Plus SHVS,Maruti,Jaipur,2017,3,38282.0,Diesel,Manual,First,28.09,1248.0,88.5,5.0,8.5
Mercedes-Benz New C-Class C 220 CDI Avantgarde,Mercedes-Benz,Delhi,2014,6,64000.0,Diesel,Automatic,First,19.27,2143.0,170.0,5.0,15.65
Fiat Avventura MULTIJET Emotion,Fiat,Mumbai,2015,5,32000.0,Diesel,Manual,First,20.5,1248.0,91.72,5.0,5.65
Mercedes-Benz E-Class 2009-2013 E 250 Elegance,Mercedes-Benz,Bangalore,2010,10,83000.0,Petrol,Automatic,First,10.93,2497.0,204.0,5.0,16.5
Maruti Zen Estilo LXI Green (CNG),Maruti,Ahmedabad,2011,9,76000.0,CNG,Manual,First,26.3,998.0,67.1,5.0,2.0
Volkswagen Vento Petrol Highline,Volkswagen,Pune,2012,8,67200.0,Petrol,Manual,First,15.04,1598.0,103.6,5.0,3.9
BMW 3 Series 320d Luxury Line,BMW,Jaipur,2013,7,62655.0,Diesel,Automatic,First,18.88,1995.0,184.0,5.0,14.5
BMW 5 Series 2013-2017 530d M Sport,BMW,Bangalore,2015,5,16900.0,Diesel,Automatic,First,14.69,2993.0,258.0,5.0,44.0
Hyundai Grand i10 1.2 Kappa Magna,Hyundai,Delhi,2017,3,8471.0,Petrol,Manual,First,18.9,1197.0,81.86,5.0,5.0
Toyota Innova Crysta 2.8 ZX AT,Toyota,Hyderabad,2016,4,69000.0,Diesel,Automatic,First,11.36,2755.0,171.5,7.0,19.75
Renault Duster 110PS Diesel RxZ AMT,Renault,Coimbatore,2017,3,30090.0,Diesel,Automatic,First,19.6,1461.0,108.45,5.0,11.44
Tata Indica Vista Aura 1.3 Quadrajet,Tata,Chennai,2011,9,120000.0,Diesel,Manual,First,18.0,1248.0,75.0,5.0,1.75
Maruti Swift VDI BSIV,Maruti,Bangalore,2013,7,23000.0,Diesel,Manual,First,17.8,1248.0,,5.0,5.6
Mercedes-Benz E-Class 2009-2013 E 200 CGI Avantgarde,Mercedes-Benz,Kochi,2016,4,35939.0,Petrol,Manual,First,12.3,1796.0,185.0,5.0,30.42
Mahindra XUV500 W8 4WD,Mahindra,Coimbatore,2013,7,116694.0,Diesel,Manual,First,15.1,2179.0,140.0,7.0,9.57
Mahindra Bolero ZLX,Mahindra,Mumbai,2016,4,40448.0,Diesel,Manual,First,15.96,2523.0,62.1,7.0,3.5
Maruti Vitara Brezza ZDi,Maruti,Coimbatore,2018,2,64456.0,Diesel,Manual,First,24.3,1248.0,88.5,5.0,10.46
Fiat Avventura MULTIJET Emotion,Fiat,Pune,2014,6,52782.0,Diesel,Manual,First,20.5,1248.0,91.72,5.0,4.85
Honda Amaze S Petrol,Honda,Kochi,2016,4,51672.0,Petrol,Manual,First,19.5,1199.0,88.76,5.0,5.68
Skoda Superb Elegance 1.8 TSI AT,Skoda,Mumbai,2015,5,56073.0,Petrol,Automatic,First,13.7,1798.0,157.75,5.0,13.25
Jaguar XF 3.0 Litre S Premium Luxury,Jaguar,Bangalore,2011,9,65000.0,Diesel,Automatic,First,14.74,2993.0,270.9,5.0,16.0
Maruti Wagon R VXI BSIII,Maruti,Chennai,2013,7,79000.0,Petrol,Manual,First,18.9,998.0,67.1,5.0,3.0
Hyundai Santro Xing XL eRLX Euro III,Hyundai,Kolkata,2007,13,43206.0,Petrol,Manual,First,17.0,1086.0,,5.0,0.99
Toyota Corolla Altis VL,Toyota,Mumbai,2010,10,70200.0,Petrol,Automatic,First,14.53,1798.0,138.1,5.0,5.0
Maruti Swift VXi BSIV,Maruti,Delhi,2016,4,42000.0,Petrol,Manual,First,16.1,1197.0,85.0,5.0,4.75
Volkswagen Polo 1.2 MPI Highline,Volkswagen,Bangalore,2014,6,62000.0,Petrol,Manual,First,16.47,1198.0,74.0,5.0,5.35
Hyundai Grand i10 1.2 Kappa Asta,Hyundai,Hyderabad,2017,3,20000.0,Petrol,Manual,First,18.9,1197.0,81.86,5.0,5.98
Maruti SX4 ZDI,Maruti,Chennai,2011,9,80000.0,Diesel,Manual,Third,21.5,1248.0,88.8,5.0,3.5
Hyundai Grand i10 1.2 Kappa Magna,Hyundai,Kochi,2018,2,50234.0,Petrol,Manual,First,18.9,1197.0,81.86,5.0,4.77
Maruti Baleno Delta 1.2,Maruti,Delhi,2016,4,50003.0,Petrol,Manual,First,21.4,1197.0,83.1,5.0,5.45
Tata Tigor 1.2 Revotron XTA,Tata,Ahmedabad,2018,2,1000.0,Petrol,Automatic,First,20.3,1199.0,84.0,5.0,6.85
Maruti Swift Dzire AMT ZDI,Maruti,Jaipur,2016,4,54897.0,Diesel,Automatic,First,26.59,1248.0,74.0,5.0,7.3
Tata Indica GLS BS IV,Tata,Pune,2007,13,108995.0,Petrol,Manual,First,15.3,1193.0,65.3,5.0,1.25
Maruti SX4 S Cross DDiS 320 Zeta,Maruti,Chennai,2015,5,73000.0,Diesel,Manual,First,22.7,1598.0,118.0,5.0,8.25
Maruti Swift VXI BSIII,Maruti,Ahmedabad,2008,12,65000.0,Petrol,Manual,First,16.1,1298.0,88.2,5.0,2.71
Hyundai Xcent 1.2 Kappa SX,Hyundai,Kolkata,2016,4,32000.0,Petrol,Manual,First,19.1,1197.0,82.0,5.0,3.6
Hyundai i20 1.2 Magna,Hyundai,Ahmedabad,2010,10,65000.0,Petrol,Manual,First,18.5,1197.0,80.0,5.0,3.0
Maruti Celerio VXI AT,Maruti,Hyderabad,2016,4,21600.0,Petrol,Automatic,First,23.1,998.0,67.04,5.0,4.65
Mercedes-Benz New C-Class C 220 CDI Elegance AT,Mercedes-Benz,Mumbai,2010,10,39000.0,Diesel,Automatic,First,14.84,2143.0,170.0,5.0,9.5
Maruti Swift Dzire VXi,Maruti,Mumbai,2011,9,58075.0,Petrol,Manual,First,17.5,1298.0,85.8,5.0,2.95
Volkswagen Vento Petrol Trendline,Volkswagen,Mumbai,2011,9,58000.0,Petrol,Manual,First,15.04,1598.0,103.6,5.0,3.0
Maruti Swift ZDi,Maruti,Hyderabad,2015,5,58000.0,Diesel,Manual,First,25.2,1248.0,74.0,5.0,5.95
Toyota Corolla Altis VL,Toyota,Delhi,2008,12,89000.0,Petrol,Automatic,First,14.53,1798.0,138.1,5.0,4.0
Honda Civic 2006-2010 1.8 V MT,Honda,Delhi,2008,12,72000.0,Petrol,Manual,First,13.5,1799.0,130.0,5.0,2.5
Ford EcoSport 1.5 Ti VCT AT Titanium BE,Ford,Kolkata,2017,3,1800.0,Petrol,Automatic,First,16.05,1499.0,110.4,5.0,11.37
Fiat Linea Emotion Pack (Diesel),Fiat,Pune,2010,10,172050.0,Diesel,Manual,Second,19.0,1248.0,93.0,5.0,2.25
Hyundai i10 Era,Hyundai,Jaipur,2013,7,46230.0,Petrol,Manual,First,19.81,1086.0,68.05,5.0,3.1
Volvo XC60 D5 Inscription,Volvo,Kochi,2014,6,86925.0,Diesel,Automatic,First,11.2,2400.0,215.0,5.0,17.18
Hyundai i20 1.2 Asta,Hyundai,Jaipur,2018,2,5000.0,Petrol,Manual,First,18.6,1197.0,81.83,5.0,6.5
Honda City i DTEC S,Honda,Ahmedabad,2014,6,66000.0,Diesel,Manual,First,26.0,1498.0,98.6,5.0,5.7
Toyota Innova 2.5 VX (Diesel) 8 Seater BS IV,Toyota,Ahmedabad,2013,7,119000.0,Diesel,Manual,First,12.99,2494.0,100.0,8.0,8.0
Renault KWID RXT,Renault,Chennai,2016,4,45000.0,Petrol,Manual,First,25.17,799.0,53.3,5.0,2.6
Maruti A-Star Vxi,Maruti,Hyderabad,2009,11,66149.0,Petrol,Manual,First,19.0,998.0,66.1,5.0,2.45
Mercedes-Benz B Class B180,Mercedes-Benz,Kochi,2014,6,42070.0,Petrol,Automatic,First,14.8,1595.0,120.7,5.0,11.57
Maruti Wagon R LXI BS IV,Maruti,Kolkata,2012,8,35503.0,Petrol,Manual,First,18.9,998.0,67.1,5.0,2.3
Maruti Swift VDI BSIV,Maruti,Jaipur,2016,4,41460.0,Diesel,Manual,First,25.2,1248.0,74.0,5.0,5.9
Hyundai Verna VTVT 1.6 AT SX Option,Hyundai,Mumbai,2015,5,40600.0,Petrol,Automatic,First,17.0,1591.0,121.3,5.0,7.2
Hyundai Verna CRDi 1.6 AT SX Option,Hyundai,Ahmedabad,2013,7,87000.0,Diesel,Automatic,First,22.0,1582.0,126.2,5.0,5.9
Honda City V MT,Honda,Chennai,2014,6,30000.0,Petrol,Manual,Second,16.8,1497.0,116.3,5.0,6.0
Hyundai i10 Magna Optional 1.1L,Hyundai,Kolkata,2010,10,27089.0,Petrol,Manual,First,16.0,1086.0,66.7,5.0,1.95
Toyota Etios GD SP,Toyota,Coimbatore,2016,4,53702.0,Diesel,Manual,First,23.59,1364.0,67.04,5.0,6.55
Volvo S60 D4 Momentum,Volvo,Hyderabad,2015,5,51000.0,Diesel,Automatic,First,27.03,1969.0,190.0,5.0,25.0
Ford Figo Diesel EXI,Ford,Kolkata,2012,8,36542.0,Diesel,Manual,First,20.0,1399.0,68.05,5.0,2.65
Mercedes-Benz E-Class 2015-2017 E350 CDI Avantgrade,Mercedes-Benz,Mumbai,2017,3,15000.0,Diesel,Automatic,First,13.0,2987.0,265.0,5.0,69.5
BMW 3 Series 320d Luxury Line,BMW,Chennai,2012,8,65000.0,Diesel,Automatic,First,22.69,1995.0,190.0,5.0,14.0
Maruti Alto 800 VXI,Maruti,Pune,2014,6,32000.0,Petrol,Manual,Second,22.74,796.0,47.3,5.0,2.1
Toyota Innova Crysta 2.4 VX MT,Toyota,Hyderabad,2017,3,24393.0,Diesel,Manual,First,13.68,2393.0,147.8,7.0,20.4
Volkswagen Polo 1.0 MPI Trendline,Volkswagen,Hyderabad,2019,1,1000.0,Petrol,Manual,First,18.78,999.0,75.0,5.0,5.68
Nissan Terrano XL,Nissan,Mumbai,2014,6,28238.0,Petrol,Manual,First,13.24,1598.0,102.5,5.0,5.55
Mitsubishi Pajero Sport 4X4,Mitsubishi,Mumbai,2013,7,59000.0,Diesel,Manual,First,13.5,2477.0,175.56,7.0,12.75
Honda Civic 2010-2013 1.8 S MT,Honda,Mumbai,2012,8,92000.0,Petrol,Manual,Second,14.8,1799.0,130.2,5.0,3.35
Maruti Alto 800 LXI,Maruti,Kolkata,2013,7,56840.0,Petrol,Manual,First,22.74,796.0,47.3,5.0,1.55
Volkswagen Vento Diesel Highline,Volkswagen,Coimbatore,2013,7,62746.0,Diesel,Manual,Second,20.54,1598.0,103.6,5.0,5.9
Land Rover Freelander 2 HSE,Land,Hyderabad,2012,8,96000.0,Diesel,Automatic,First,12.35,2179.0,187.74,5.0,18.98
Honda CR-V 2.0L 2WD MT,Honda,Mumbai,2014,6,24000.0,Petrol,Manual,First,13.7,1997.0,153.86,5.0,11.51
Maruti Ertiga VDI,Maruti,Mumbai,2016,4,54000.0,Diesel,Manual,First,20.77,1248.0,88.76,7.0,7.75
Toyota Innova 2.5 GX (Diesel) 7 Seater,Toyota,Chennai,2016,4,90000.0,Diesel,Manual,First,12.99,2494.0,100.6,7.0,13.9
Tata Manza Aura Safire,Tata,Kolkata,2010,10,40000.0,Petrol,Manual,First,15.0,1368.0,90.0,5.0,1.35
Audi Q7 35 TDI Quattro Premium Plus,Audi,Mumbai,2015,5,65938.0,Diesel,Automatic,Second,12.07,2967.0,241.4,7.0,38.0
Hyundai Verna 1.6 SX VTVT (O) AT,Hyundai,Mumbai,2017,3,16100.0,Petrol,Automatic,First,17.1,1591.0,121.4,5.0,11.6
Volkswagen Vento 1.5 Highline Plus AT 16 Alloy,Volkswagen,Hyderabad,2017,3,3600.0,Diesel,Automatic,First,21.5,1498.0,108.5,5.0,12.25
Honda City 1.5 S MT,Honda,Jaipur,2011,9,52000.0,Petrol,Manual,First,17.0,1497.0,118.0,5.0,3.8
Ford Figo Diesel Titanium,Ford,Mumbai,2014,6,54000.0,Diesel,Manual,First,20.0,1399.0,68.05,5.0,3.25
Honda Jazz 1.2 VX i VTEC,Honda,Mumbai,2016,4,15399.0,Petrol,Manual,First,18.7,1199.0,88.7,5.0,6.4
Volkswagen Polo Petrol Highline 1.2L,Volkswagen,Bangalore,2012,8,75000.0,Petrol,Manual,Second,16.47,1198.0,73.9,5.0,3.95
Honda City i-VTEC S,Honda,Delhi,2010,10,76752.0,Petrol,Manual,First,17.4,1497.0,117.3,5.0,3.57
Honda City ZX GXi,Honda,Mumbai,2005,15,56000.0,Petrol,Manual,Second,17.7,1497.0,78.0,5.0,1.25
Maruti Wagon R LXI CNG,Maruti,Pune,2015,5,70000.0,CNG,Manual,First,26.2,998.0,58.2,5.0,3.65
Honda CR-V 2.4L 4WD AT AVN,Honda,Kolkata,2013,7,46125.0,Petrol,Automatic,Second,12.0,2354.0,187.4,5.0,12.5
BMW 5 Series 2013-2017 520d Luxury Line,BMW,Ahmedabad,2014,6,35000.0,Diesel,Automatic,Second,18.12,1995.0,190.0,5.0,23.0
Ambassador Classic Nova Diesel,Ambassador,Chennai,2003,17,80000.0,Diesel,Manual,Third,12.8,1489.0,35.5,5.0,1.35
Mahindra Scorpio VLX 2.2 mHawk BSIII,Mahindra,Coimbatore,2012,8,62729.0,Diesel,Manual,First,12.05,2179.0,120.0,8.0,6.32
Volkswagen Vento Diesel Comfortline,Volkswagen,Kolkata,2012,8,34000.0,Diesel,Manual,First,20.54,1598.0,103.6,5.0,3.4
Maruti Zen VX,Maruti,Jaipur,1999,21,70000.0,Petrol,Manual,Second,17.3,993.0,60.0,5.0,0.77
Maruti 800 DX BSII,Maruti,Jaipur,2009,11,32000.0,Petrol,Manual,First,16.1,796.0,37.0,4.0,0.9
Toyota Corolla Altis 1.8 VL CVT,Toyota,Delhi,2017,3,21000.0,Petrol,Automatic,First,14.28,1798.0,138.03,5.0,18.0
BMW 3 Series 328i Sport Line,BMW,Pune,2013,7,49000.0,Petrol,Automatic,First,14.59,1997.0,245.0,5.0,19.0
Ford Ikon 1.3 Flair,Ford,Chennai,2007,13,40000.0,Petrol,Manual,Third,13.8,1299.0,70.0,5.0,1.1
Chevrolet Beat LT,Chevrolet,Pune,2012,8,78000.0,Petrol,Manual,Second,18.6,1199.0,79.4,5.0,2.0
Toyota Corolla Altis 1.4 DG,Toyota,Ahmedabad,2012,8,52000.0,Diesel,Manual,First,21.43,1364.0,86.79,5.0,6.5
Mahindra XUV500 W4,Mahindra,Bangalore,2014,6,65213.0,Diesel,Manual,First,16.0,2179.0,140.0,7.0,9.45
Hyundai Xcent 1.1 CRDi Base,Hyundai,Mumbai,2016,4,170000.0,Diesel,Manual,First,24.4,1120.0,71.0,5.0,4.0
Mercedes-Benz E-Class 2015-2017 E250 CDI Avantgarde,Mercedes-Benz,Kochi,2017,3,36884.0,Diesel,Automatic,First,13.0,2143.0,204.0,5.0,32.25
Hyundai i10 Sportz,Hyundai,Pune,2009,11,62500.0,Petrol,Manual,First,20.36,1197.0,78.9,5.0,2.1
Toyota Corolla Altis VL AT,Toyota,Mumbai,2015,5,68000.0,Petrol,Automatic,Second,14.28,1798.0,138.03,5.0,9.75
Toyota Corolla 1.8 J,Toyota,Kolkata,2014,6,40748.0,Petrol,Manual,First,14.53,1798.0,138.0,5.0,6.3
Audi Q3 2.0 TDI Quattro,Audi,Hyderabad,2013,7,60000.0,Diesel,Automatic,First,17.32,1968.0,184.0,5.0,21.0
Hyundai i20 Magna Optional 1.4 CRDi,Hyundai,Mumbai,2014,6,12400.0,Diesel,Manual,First,21.9,1396.0,88.8,5.0,4.65
Mercedes-Benz New C-Class C 220d Avantgarde Edition C,Mercedes-Benz,Mumbai,2013,7,87000.0,Diesel,Automatic,Second,19.27,2143.0,167.62,5.0,17.0
Maruti Ritz VDi,Maruti,Pune,2013,7,20248.0,Diesel,Manual,First,21.1,1248.0,73.9,5.0,4.35
Hyundai Creta 1.6 SX Plus Diesel,Hyundai,Coimbatore,2017,3,52383.0,Diesel,Manual,First,19.67,1582.0,126.2,5.0,14.82
Jaguar XE 2.0L Diesel Prestige,Jaguar,Delhi,2018,2,1000.0,Diesel,Automatic,First,13.6,1999.0,177.0,5.0,40.0
Mahindra Xylo D4,Mahindra,Chennai,2016,4,85000.0,Diesel,Manual,First,14.95,2489.0,93.7,7.0,6.15
Toyota Innova 2.5 G (Diesel) 7 Seater,Toyota,Ahmedabad,2014,6,47000.0,Diesel,Manual,First,12.99,2494.0,100.6,7.0,11.25
Toyota Camry 2.5 Hybrid,Toyota,Pune,2018,2,17585.0,Petrol,Automatic,First,19.16,2494.0,157.7,5.0,32.0
Audi Q5 3.0 TDI Quattro,Audi,Coimbatore,2018,2,32496.0,Diesel,Automatic,First,13.22,2967.0,241.4,5.0,45.62
Maruti Swift VDI,Maruti,Kochi,2017,3,34613.0,Diesel,Manual,First,28.4,1248.0,74.0,5.0,6.24
Maruti Ertiga VDI Limited Edition,Maruti,Chennai,2015,5,153000.0,Diesel,Manual,First,20.77,1248.0,88.76,7.0,4.8
Maruti Swift VXi BSIV,Maruti,Chennai,2014,6,54000.0,Petrol,Manual,Second,16.1,1197.0,85.0,5.0,4.5
Hyundai i10 Sportz,Hyundai,Kochi,2015,5,16900.0,Petrol,Manual,First,20.36,1197.0,78.9,5.0,3.87
Hyundai i10 Sportz,Hyundai,Delhi,2013,7,62334.0,Petrol,Manual,First,20.36,1197.0,78.9,5.0,2.75
Maruti Baleno Sigma 1.2,Maruti,Kochi,2018,2,23714.0,Petrol,Manual,First,21.4,1197.0,83.1,5.0,6.57
Hyundai Accent Executive,Hyundai,Jaipur,2010,10,52325.0,Petrol,Manual,First,16.36,1495.0,93.7,5.0,2.0
Honda Brio S MT,Honda,Ahmedabad,2012,8,50000.0,Petrol,Manual,First,19.4,1198.0,86.8,5.0,3.65
Maruti Swift ZDi,Maruti,Hyderabad,2016,4,55746.0,Diesel,Manual,First,22.9,1248.0,74.0,5.0,6.95
Hyundai Xcent 1.2 VTVT S,Hyundai,Bangalore,2014,6,54000.0,Petrol,Manual,First,20.14,1197.0,81.86,5.0,5.5
Mahindra XUV500 W8 2WD,Mahindra,Kolkata,2013,7,43000.0,Diesel,Manual,First,16.0,2179.0,140.0,7.0,7.0
Mercedes-Benz E-Class E250 CDI Avantgrade,Mercedes-Benz,Delhi,2014,6,40000.0,Diesel,Automatic,First,13.0,2143.0,201.1,5.0,24.0
Land Rover Freelander 2 TD4 S,Land,Bangalore,2010,10,125000.0,Diesel,Automatic,Second,,2179.0,115.0,5.0,11.0
Mercedes-Benz New C-Class C 220 CDI Avantgarde,Mercedes-Benz,Bangalore,2016,4,51944.0,Diesel,Automatic,First,19.27,2143.0,170.0,5.0,32.5
Hyundai i20 Asta 1.4 CRDi,Hyundai,Kochi,2015,5,46950.0,Diesel,Manual,First,21.27,1396.0,88.76,5.0,6.45
Skoda Octavia Elegance 2.0 TDI AT,Skoda,Mumbai,2015,5,23000.0,Diesel,Automatic,First,19.3,1968.0,141.0,5.0,15.75
Honda City 1.5 S MT,Honda,Mumbai,2014,6,54546.0,Petrol,Manual,First,17.0,1497.0,118.0,5.0,5.5
Toyota Fortuner 4x2 AT,Toyota,Kochi,2015,5,51535.0,Diesel,Automatic,First,12.55,2982.0,168.5,7.0,19.03
Audi Q3 2.0 TDI Quattro,Audi,Kolkata,2013,7,45000.0,Diesel,Automatic,First,17.32,1968.0,184.0,5.0,15.25
Maruti Alto K10 2010-2014 VXI,Maruti,Hyderabad,2012,8,46004.0,Petrol,Manual,First,20.92,998.0,67.1,5.0,2.4
Tata Indigo eCS LX BSIV,Tata,Chennai,2011,9,124000.0,Diesel,Manual,First,23.03,1396.0,69.0,5.0,2.3
Audi A4 2.0 TDI 177 Bhp Premium Plus,Audi,Kochi,2014,6,77395.0,Diesel,Automatic,First,17.11,1968.0,174.33,5.0,14.35
Maruti Alto 800 2016-2019 CNG LXI,Maruti,Mumbai,2018,2,10600.0,CNG,Manual,First,33.44,796.0,40.3,4.0,3.5
Honda City i-VTEC CVT VX,Honda,Kochi,2018,2,22974.0,Petrol,Automatic,First,18.0,1497.0,117.3,5.0,11.97
Hyundai Santro GLS I - Euro II,Hyundai,Jaipur,2009,11,89000.0,Petrol,Manual,Second,,999.0,,5.0,1.6
Toyota Fortuner 2.8 2WD MT,Toyota,Ahmedabad,2015,5,65012.0,Diesel,Manual,First,14.24,2755.0,174.5,7.0,18.9
Hyundai Grand i10 Sportz,Hyundai,Ahmedabad,2017,3,17125.0,Petrol,Manual,First,18.9,1197.0,82.0,5.0,5.4
Maruti Eeco 7 Seater Standard,Maruti,Hyderabad,2015,5,90413.0,Petrol,Manual,First,15.1,1196.0,73.0,7.0,2.95
Volkswagen Polo Petrol Highline 1.2L,Volkswagen,Bangalore,2013,7,37000.0,Petrol,Manual,First,16.47,1198.0,73.9,5.0,5.1
Maruti Wagon R LXI Minor,Maruti,Jaipur,2006,14,65000.0,Petrol,Manual,First,18.9,1061.0,67.0,5.0,1.5
Honda City 1.5 V MT,Honda,Bangalore,2011,9,66000.0,Petrol,Manual,First,17.0,1497.0,118.0,5.0,4.9
Honda Civic 2010-2013 1.8 S MT,Honda,Mumbai,2010,10,86000.0,Petrol,Manual,First,14.8,1799.0,130.2,5.0,2.9
Honda City 1.5 EXI,Honda,Pune,2005,15,98437.0,Petrol,Manual,First,13.0,1493.0,100.0,5.0,1.15
Hyundai i20 1.2 Magna,Hyundai,Kolkata,2010,10,18000.0,Petrol,Manual,First,18.5,1197.0,80.0,5.0,2.3
Hyundai Grand i10 CRDi Sportz Celebration Edition,Hyundai,Kochi,2018,2,35070.0,Diesel,Manual,First,24.0,1120.0,70.0,5.0,5.99
Volkswagen Vento Petrol Highline AT,Volkswagen,Pune,2011,9,42000.0,Petrol,Automatic,Third,14.4,1598.0,103.6,5.0,3.4
Hyundai i10 Sportz 1.2,Hyundai,Kolkata,2009,11,40000.0,Petrol,Manual,First,20.36,1197.0,78.9,5.0,1.7
Hyundai i20 Asta,Hyundai,Kolkata,2009,11,43000.0,Petrol,Manual,First,17.0,1197.0,80.0,5.0,1.99
Chevrolet Beat LS,Chevrolet,Pune,2012,8,65000.0,Petrol,Manual,First,18.6,1199.0,79.4,5.0,2.5
Volkswagen Polo Diesel Highline 1.2L,Volkswagen,Hyderabad,2013,7,74000.0,Diesel,Manual,First,22.07,1199.0,73.9,5.0,4.85
Ford Figo Petrol LXI,Ford,Hyderabad,2010,10,51192.0,Petrol,Manual,First,15.6,1196.0,70.0,5.0,2.65
Audi TT 2.0 TFSI,Audi,Kochi,2014,6,14262.0,Petrol,Automatic,First,9.9,1984.0,207.8,2.0,27.35
Honda City i DTEC VX,Honda,Jaipur,2015,5,66339.0,Diesel,Manual,Second,25.1,1498.0,98.6,5.0,6.9
Ford Figo Diesel Titanium,Ford,Hyderabad,2013,7,90200.0,Diesel,Manual,First,20.0,1399.0,68.05,5.0,3.5
Toyota Innova 2.5 ZX Diesel 7 Seater,Toyota,Delhi,2015,5,57854.0,Diesel,Manual,First,12.99,2494.0,100.6,7.0,12.5
Maruti Ciaz 1.4 AT Alpha,Maruti,Delhi,2017,3,32000.0,Petrol,Automatic,First,19.12,1373.0,91.1,5.0,9.2
Hyundai Grand i10 AT Asta,Hyundai,Mumbai,2015,5,29631.0,Petrol,Automatic,First,18.9,1197.0,82.0,5.0,4.9
Honda City 1.3 DX,Honda,Delhi,2009,11,55005.0,Petrol,Manual,First,12.8,,,,3.2
Ford EcoSport 1.0 Ecoboost Titanium Plus BE,Ford,Kochi,2014,6,54173.0,Petrol,Manual,First,18.88,999.0,123.24,5.0,5.55
Skoda Octavia Ambition 1.8 TSI AT,Skoda,Ahmedabad,2014,6,50000.0,Petrol,Automatic,First,14.7,1798.0,177.6,5.0,13.5
Fiat Linea Emotion (Diesel),Fiat,Kolkata,2010,10,145000.0,Diesel,Manual,First,20.4,1248.0,91.7,5.0,2.6
Maruti Swift Lxi BSIII,Maruti,Jaipur,2015,5,78000.0,Petrol,Manual,First,16.1,1298.0,88.2,5.0,4.5
Land Rover Discovery 4 TDV6 SE,Land,Delhi,2013,7,65000.0,Diesel,Automatic,Second,11.8,2993.0,180.0,7.0,34.0
Toyota Innova 2.5 V Diesel 7-seater,Toyota,Hyderabad,2012,8,120000.0,Diesel,Manual,First,12.8,2494.0,102.0,7.0,12.0
Maruti Swift LDI,Maruti,Mumbai,2015,5,14000.0,Diesel,Manual,First,28.4,1248.0,74.0,5.0,5.25
Audi A6 2011-2015 2.0 TDI Premium Plus,Audi,Kochi,2014,6,57456.0,Diesel,Automatic,First,17.68,1968.0,174.33,5.0,21.56
BMW 5 Series 520d Luxury Line,BMW,Coimbatore,2012,8,44450.0,Diesel,Automatic,First,22.48,1995.0,190.0,5.0,24.68
Hyundai i20 Magna Optional 1.2,Hyundai,Delhi,2013,7,63777.0,Petrol,Manual,First,18.5,1197.0,82.9,5.0,3.67
BMW X1 M Sport sDrive 20d,BMW,Mumbai,2016,4,31000.0,Diesel,Automatic,First,17.05,1995.0,190.0,5.0,29.5
Toyota Etios G,Toyota,Delhi,2012,8,60000.0,Petrol,Manual,First,17.6,1496.0,88.73,5.0,3.1
Tata Indigo LX,Tata,Ahmedabad,2015,5,78008.0,Diesel,Manual,First,17.0,1405.0,70.0,5.0,2.9
Mercedes-Benz M-Class ML 350 4Matic,Mercedes-Benz,Bangalore,2014,6,33000.0,Diesel,Automatic,Second,,2987.0,165.0,5.0,43.0
Volkswagen Beetle 2.0,Volkswagen,Mumbai,2009,11,27078.0,Petrol,Automatic,First,10.98,1984.0,114.4,4.0,15.95
Volkswagen Polo GT TDI,Volkswagen,Hyderabad,2011,9,57275.0,Diesel,Manual,First,19.7,1598.0,103.6,5.0,4.5
Hyundai Grand i10 CRDi Magna,Hyundai,Delhi,2014,6,45000.0,Diesel,Manual,First,24.0,1120.0,70.0,5.0,3.49
Maruti Swift VDI BSIV,Maruti,Delhi,2014,6,57319.0,Diesel,Manual,First,25.2,1248.0,74.0,5.0,4.25
Hyundai Verna CRDi 1.4 E,Hyundai,Chennai,2008,12,121097.0,Diesel,Manual,Second,24.0,1396.0,88.76,5.0,1.9
BMW 5 Series 2003-2012 525d,BMW,Mumbai,2011,9,89000.0,Diesel,Automatic,First,16.73,1995.0,218.0,5.0,16.57
Honda City 1.5 S MT,Honda,Bangalore,2012,8,72000.0,Petrol,Manual,First,17.0,1497.0,118.0,5.0,5.75
Audi A4 2.0 TDI,Audi,Delhi,2013,7,36000.0,Diesel,Automatic,Second,16.55,1968.0,147.51,5.0,14.0
Fiat Linea Classic Plus 1.3 Multijet,Fiat,Jaipur,2013,7,86000.0,Diesel,Manual,Second,19.5,1248.0,75.0,5.0,2.5
Honda City 1.3 EXI,Honda,Ahmedabad,2002,18,85000.0,Petrol,Manual,First,13.0,1343.0,90.0,5.0,1.2
Fiat Petra 1.2 EL,Fiat,Pune,2005,15,120000.0,Petrol,Manual,Second,15.5,1242.0,,5.0,0.85
BMW 3 Series 320d Luxury Line,BMW,Kochi,2013,7,37613.0,Diesel,Automatic,First,22.69,1995.0,190.0,5.0,13.95
Ford Fiesta 1.4 Duratec EXI,Ford,Chennai,2007,13,100000.0,Petrol,Manual,First,16.6,1388.0,68.0,5.0,1.6
Tata Nano XTA,Tata,Coimbatore,2016,4,5240.0,Petrol,Automatic,First,21.9,624.0,37.48,4.0,3.6
Maruti Eeco 5 STR With AC Plus HTR CNG,Maruti,Mumbai,2018,2,20000.0,CNG,Manual,First,15.1,1196.0,73.0,5.0,4.5
Maruti Ignis 1.2 Delta,Maruti,Coimbatore,2019,1,16862.0,Petrol,Manual,First,20.89,1197.0,81.8,5.0,6.06
Maruti Swift Dzire ZXi,Maruti,Coimbatore,2013,7,59254.0,Petrol,Manual,Second,17.5,1298.0,85.8,5.0,5.29
Ford Ecosport 1.5 DV5 MT Titanium,Ford,Jaipur,2014,6,60000.0,Diesel,Manual,First,22.7,1498.0,89.84,5.0,5.75
Maruti Swift 1.3 ZXI,Maruti,Hyderabad,2015,5,50295.0,Petrol,Manual,First,16.1,,,,5.8
Maruti Swift Dzire VXI,Maruti,Coimbatore,2014,6,47674.0,Petrol,Manual,First,19.1,1197.0,85.8,5.0,5.72
Hyundai i10 Sportz AT,Hyundai,Kochi,2014,6,61517.0,Petrol,Automatic,First,16.95,1197.0,78.9,5.0,4.39
Mahindra XUV500 W6 2WD,Mahindra,Coimbatore,2016,4,62946.0,Diesel,Manual,First,15.1,2179.0,140.0,7.0,11.05
Hyundai i20 Magna 1.4 CRDi,Hyundai,Delhi,2015,5,66823.0,Diesel,Manual,Second,22.54,1396.0,88.73,5.0,4.83
Maruti Wagon R CNG LXI,Maruti,Pune,2013,7,79494.0,CNG,Manual,First,33.54,998.0,67.04,5.0,2.96
Hyundai i20 Asta 1.4 CRDi,Hyundai,Chennai,2012,8,107000.0,Diesel,Manual,Second,21.27,1396.0,88.76,5.0,4.5
BMW 7 Series 730Ld,BMW,Mumbai,2011,9,55000.0,Diesel,Automatic,Second,16.46,2993.0,258.0,5.0,19.5
Skoda Rapid 1.6 MPI AT Style Plus,Skoda,Mumbai,2017,3,24000.0,Petrol,Automatic,First,14.3,1598.0,103.52,5.0,8.75
Audi Q7 45 TDI Quattro Technology,Audi,Mumbai,2016,4,20002.0,Diesel,Automatic,First,14.75,2967.0,245.0,7.0,67.0
Honda City i VTEC VX,Honda,Kochi,2016,4,54317.0,Petrol,Manual,First,17.4,1497.0,117.3,5.0,8.4
Hyundai Xcent 1.2 Kappa SX,Hyundai,Mumbai,2016,4,10200.0,Petrol,Manual,First,19.1,1197.0,82.0,5.0,4.99
Honda City i DTec E,Honda,Coimbatore,2016,4,24337.0,Diesel,Manual,First,26.0,1498.0,98.6,5.0,8.18
Honda Brio S Option MT,Honda,Pune,2012,8,79000.0,Petrol,Manual,First,18.4,1198.0,86.8,5.0,2.9
Maruti Ciaz ZDi Plus SHVS,Maruti,Jaipur,2015,5,40500.0,Diesel,Manual,First,28.09,1248.0,88.5,5.0,7.1
Maruti Swift Dzire VDI Optional,Maruti,Pune,2016,4,23000.0,Diesel,Manual,First,26.59,1248.0,74.0,5.0,7.05
Honda CR-V 2.4L 4WD AT,Honda,Pune,2015,5,63050.0,Petrol,Automatic,First,11.1,2354.0,158.8,5.0,17.5
Toyota Corolla Altis 2008-2013 1.8 VL AT,Toyota,Mumbai,2008,12,78000.0,Petrol,Automatic,Second,14.53,1794.0,138.1,5.0,3.41
Maruti Baleno Vxi,Maruti,Pune,2005,15,70000.0,Petrol,Manual,First,,1590.0,,5.0,1.3
Honda City 1.5 V MT,Honda,Coimbatore,2012,8,66245.0,Petrol,Manual,First,17.0,1497.0,118.0,5.0,5.68
Mahindra Scorpio LX BS IV,Mahindra,Bangalore,2007,13,74112.0,Diesel,Manual,First,12.05,2179.0,120.0,9.0,4.1
Skoda Laura 1.8 TSI Ambiente,Skoda,Delhi,2011,9,87670.0,Petrol,Manual,First,13.4,1798.0,157.8,5.0,4.0
BMW 3 Series 320d Sport Line,BMW,Hyderabad,2015,5,10000.0,Diesel,Automatic,First,18.88,1995.0,184.0,5.0,30.0
Maruti SX4 Zxi BSIII,Maruti,Chennai,2007,13,62493.0,Petrol,Manual,First,15.0,1586.0,104.68,5.0,1.8
Maruti Ciaz VXi Plus,Maruti,Kochi,2015,5,44620.0,Petrol,Manual,First,20.73,1373.0,91.1,5.0,6.93
Land Rover Range Rover 3.6 TDV8 Vogue SE Diesel,Land,Bangalore,2012,8,66538.0,Diesel,Automatic,First,10.2,4367.0,308.0,7.0,70.0
Toyota Innova 2.5 G (Diesel) 7 Seater BS IV,Toyota,Ahmedabad,2013,7,60000.0,Diesel,Manual,First,12.99,2494.0,100.0,7.0,7.9
Hyundai Santro Xing GL,Hyundai,Kochi,2011,9,20842.0,Petrol,Manual,First,,1086.0,62.0,5.0,2.78
Hyundai Santa Fe 4WD AT,Hyundai,Chennai,2014,6,110000.0,Diesel,Automatic,First,13.01,2199.0,194.3,7.0,14.4
Mercedes-Benz New C-Class C250 Avantgarde,Mercedes-Benz,Mumbai,2011,9,45000.0,Petrol,Automatic,Second,11.74,1796.0,186.0,5.0,13.5
Maruti Wagon R LXI CNG,Maruti,Mumbai,2014,6,40000.0,CNG,Manual,Second,26.6,998.0,58.16,5.0,3.15
Maruti Alto LXi,Maruti,Coimbatore,2012,8,49008.0,Petrol,Manual,First,19.7,796.0,46.3,5.0,2.88
Maruti Alto 800 2016-2019 LXI,Maruti,Kolkata,2016,4,31000.0,Petrol,Manual,First,24.7,796.0,47.3,5.0,2.15
Nissan Sunny 2011-2014 XV,Nissan,Pune,2013,7,8000.0,Petrol,Manual,First,16.95,1498.0,97.7,5.0,3.75
Maruti Alto 800 2016-2019 VXI,Maruti,Mumbai,2019,1,171.0,Petrol,Manual,First,24.7,796.0,47.3,5.0,3.6
Maruti Alto K10 VXI,Maruti,Kolkata,2018,2,2100.0,Petrol,Manual,First,24.07,998.0,67.1,5.0,3.6
Hyundai Grand i10 1.2 Kappa Sportz AT,Hyundai,Coimbatore,2018,2,20667.0,Petrol,Automatic,First,18.9,1197.0,81.86,5.0,7.55
Honda Mobilio S i DTEC,Honda,Kolkata,2015,5,50000.0,Diesel,Manual,First,24.2,1498.0,98.6,7.0,4.7
Tata Manza Aqua Quadrajet,Tata,Jaipur,2010,10,100030.0,Diesel,Manual,Second,18.8,1248.0,90.0,5.0,1.6
Chevrolet Optra Magnum 2.0 LT,Chevrolet,Pune,2011,9,75372.0,Diesel,Manual,First,16.52,1991.0,123.7,5.0,3.34
Honda City i VTEC CVT VX,Honda,Kochi,2016,4,60475.0,Petrol,Automatic,First,18.0,1497.0,117.3,5.0,9.1
Hyundai Grand i10 1.2 Kappa Sportz,Hyundai,Kochi,2019,1,18453.0,Petrol,Manual,First,18.9,1197.0,81.86,5.0,6.17
Hyundai Verna CRDi 1.6 SX,Hyundai,Hyderabad,2008,12,96578.0,Diesel,Manual,First,22.0,1582.0,126.2,5.0,2.5
Nissan Micra XL,Nissan,Kolkata,2016,4,31001.0,Petrol,Manual,First,18.44,1198.0,75.0,5.0,3.0
Hyundai Verna 1.6 SX,Hyundai,Jaipur,2012,8,65900.0,Diesel,Manual,First,22.32,1582.0,126.32,5.0,5.75
Hyundai Creta 1.6 VTVT E Plus,Hyundai,Bangalore,2017,3,26246.0,Petrol,Manual,First,15.29,1591.0,121.3,5.0,10.75
Maruti Wagon R VXI BS IV,Maruti,Jaipur,2013,7,62700.0,Petrol,Manual,Second,20.51,998.0,67.04,5.0,2.85
Honda Accord 2.4 Elegance A/T,Honda,Chennai,2008,12,90000.0,Petrol,Automatic,First,10.2,2354.0,180.0,5.0,6.5
Honda City 1.5 S AT,Honda,Bangalore,2016,4,36000.0,Petrol,Automatic,First,16.8,1497.0,118.0,5.0,9.45
Maruti Baleno Alpha 1.3,Maruti,Delhi,2016,4,46000.0,Diesel,Manual,First,27.39,1248.0,74.0,5.0,6.75
Honda City i DTec V,Honda,Coimbatore,2017,3,73003.0,Diesel,Manual,First,26.0,1498.0,98.6,5.0,7.75
Hyundai i20 Era 1.4 CRDi,Hyundai,Kochi,2014,6,46566.0,Diesel,Manual,First,22.54,1396.0,88.76,5.0,4.4
Mercedes-Benz E-Class 2015-2017 E350 Edition E,Mercedes-Benz,Jaipur,2015,5,41493.0,Diesel,Automatic,First,13.0,2987.0,265.0,5.0,42.0
Nissan Terrano XV 110 PS,Nissan,Kochi,2014,6,103788.0,Diesel,Manual,First,19.01,1461.0,108.5,5.0,5.67
Renault Duster 110PS Diesel RxZ AMT,Renault,Bangalore,2016,4,45000.0,Diesel,Automatic,First,19.6,1461.0,108.45,5.0,11.5
Maruti Wagon R LXI Minor,Maruti,Pune,2009,11,120000.0,Petrol,Manual,First,18.9,998.0,67.1,5.0,1.69
Hyundai Getz 1.5 CRDi GVS,Hyundai,Jaipur,2009,11,97359.0,Diesel,Manual,Second,17.1,1493.0,110.0,5.0,1.8
Maruti Ritz LXi,Maruti,Mumbai,2016,4,62000.0,Petrol,Manual,First,18.5,1197.0,85.8,5.0,3.2
Honda City 1.5 GXI,Honda,Pune,2004,16,115000.0,Petrol,Manual,Second,,,,,1.5
BMW 5 Series 520d Sport Line,BMW,Kochi,2019,1,18373.0,Diesel,Automatic,First,22.48,1995.0,187.74,5.0,45.86
Volkswagen Polo 1.2 MPI Highline,Volkswagen,Hyderabad,2016,4,60453.0,Petrol,Manual,First,16.47,1198.0,74.0,5.0,5.1
Maruti Swift VDI BSIV,Maruti,Pune,2013,7,37000.0,Diesel,Manual,First,17.8,1248.0,,5.0,4.85
Ford Figo Petrol ZXI,Ford,Mumbai,2010,10,69009.0,Petrol,Manual,Second,15.6,1196.0,70.0,5.0,2.4
BMW 3 Series 320d Luxury Line,BMW,Hyderabad,2013,7,30000.0,Diesel,Automatic,First,18.88,1995.0,184.0,5.0,22.0
Hyundai Verna 1.6 SX CRDi (O),Hyundai,Delhi,2012,8,70707.0,Diesel,Manual,First,22.32,1582.0,126.32,5.0,4.28
Renault Duster 85PS Diesel RxL,Renault,Coimbatore,2015,5,64677.0,Diesel,Manual,First,20.45,1461.0,83.8,5.0,5.67
Hyundai Grand i10 1.2 Kappa Magna AT,Hyundai,Bangalore,2018,2,3000.0,Petrol,Automatic,First,18.9,1197.0,81.86,5.0,6.2
BMW X1 sDrive20d,BMW,Bangalore,2013,7,49000.0,Diesel,Automatic,Second,17.05,1995.0,184.0,5.0,14.49
Maruti Ritz VDi,Maruti,Pune,2010,10,71000.0,Diesel,Manual,First,21.1,1248.0,73.9,5.0,3.0
Hyundai i10 Era 1.1 iTech SE,Hyundai,Jaipur,2010,10,52000.0,Petrol,Manual,Second,19.81,1086.0,68.05,5.0,2.25
BMW X5 2014-2019 xDrive 30d Design Pure Experience 7 Seater,BMW,Kochi,2016,4,35659.0,Diesel,Automatic,First,15.97,2993.0,258.0,7.0,43.78
Honda City V MT Exclusive,Honda,Kochi,2019,1,5377.0,Petrol,Manual,First,16.8,1497.0,116.3,5.0,11.45
Mahindra Ssangyong Rexton RX7,Mahindra,Delhi,2014,6,65000.0,Diesel,Automatic,First,11.18,2696.0,184.0,7.0,10.5
Ford Ecosport 1.5 DV5 MT Titanium Optional,Ford,Coimbatore,2015,5,92708.0,Diesel,Manual,First,22.7,1498.0,89.84,5.0,7.48
Maruti Alto LXi,Maruti,Coimbatore,2010,10,48105.0,Petrol,Manual,First,19.7,796.0,46.3,5.0,3.1
Volkswagen Polo 1.2 MPI Highline,Volkswagen,Mumbai,2011,9,46759.0,Petrol,Manual,First,16.47,1198.0,74.0,5.0,2.55
Volkswagen Polo Diesel Comfortline 1.2L,Volkswagen,Jaipur,2013,7,62000.0,Diesel,Manual,First,22.07,1199.0,73.9,5.0,3.5
Volkswagen Polo Diesel Highline 1.2L,Volkswagen,Kolkata,2012,8,35175.0,Diesel,Manual,First,22.07,1199.0,73.9,5.0,2.59
Maruti Ertiga ZDI,Maruti,Kolkata,2013,7,70000.0,Diesel,Manual,First,20.77,1248.0,88.8,7.0,5.45
Ford EcoSport 1.5 TDCi Ambiente,Ford,Kolkata,2017,3,30000.0,Diesel,Manual,First,22.77,1498.0,98.59,5.0,6.0
Toyota Innova Crysta 2.8 ZX AT,Toyota,Kolkata,2016,4,66618.0,Diesel,Automatic,First,11.36,2755.0,171.5,7.0,15.49
BMW 5 Series 523i Sedan,BMW,Mumbai,2010,10,69300.0,Petrol,Automatic,Second,10.8,2497.0,150.0,5.0,12.5
Maruti Swift Dzire Tour LDI,Maruti,Kolkata,2017,3,148000.0,Diesel,Manual,First,23.4,1248.0,74.0,5.0,4.75
Ford Ecosport 1.0 Ecoboost Platinum Edition,Ford,Mumbai,2017,3,22000.0,Petrol,Manual,First,18.88,999.0,123.24,5.0,7.85
Hyundai Verna CRDi SX,Hyundai,Ahmedabad,2013,7,75000.0,Diesel,Manual,First,16.8,1493.0,110.0,5.0,6.0
Tata Zest Revotron 1.2T XM,Tata,Mumbai,2016,4,43706.0,Petrol,Manual,First,17.57,1193.0,88.7,5.0,4.0
Audi A7 2011-2015 3.0 TDI Quattro,Audi,Mumbai,2011,9,42000.0,Diesel,Automatic,First,14.4,2967.0,241.4,5.0,28.75
Tata Indica Vista Quadrajet VX,Tata,Pune,2012,8,65000.0,Diesel,Manual,First,22.3,1248.0,74.0,5.0,2.5
Maruti Swift Dzire VDI,Maruti,Delhi,2015,5,76128.0,Diesel,Manual,First,26.59,1248.0,74.0,5.0,5.5
Fiat Linea Emotion,Fiat,Kolkata,2010,10,39852.0,Petrol,Manual,First,16.0,1368.0,90.0,5.0,1.59
Hyundai i20 1.2 Spotz,Hyundai,Mumbai,2017,3,18673.0,Petrol,Manual,First,18.6,1197.0,81.83,5.0,6.22
Hyundai EON Era Plus,Hyundai,Kolkata,2016,4,11583.0,Petrol,Manual,First,21.1,814.0,55.2,5.0,2.75
Hyundai Santro Xing XL,Hyundai,Chennai,2007,13,82000.0,Petrol,Manual,Second,,1086.0,,5.0,1.35
Mercedes-Benz GLA Class 200 CDI SPORT,Mercedes-Benz,Pune,2017,3,50000.0,Diesel,Automatic,First,17.9,2143.0,136.0,5.0,25.0
Maruti Celerio VXI,Maruti,Delhi,2014,6,77000.0,Petrol,Manual,First,23.1,998.0,67.04,5.0,2.8
Chevrolet Beat LT,Chevrolet,Mumbai,2014,6,54890.0,Petrol,Manual,Second,17.8,1199.0,76.8,5.0,2.45
Honda Jazz 1.2 V AT i VTEC Privilege,Honda,Pune,2016,4,21000.0,Petrol,Automatic,First,19.0,1199.0,88.7,5.0,6.35
BMW 3 Series 320d Highline,BMW,Mumbai,2009,11,58557.0,Diesel,Automatic,Third,16.07,1995.0,181.0,5.0,8.0
Renault Duster 110PS Diesel RxL,Renault,Bangalore,2014,6,70000.0,Diesel,Manual,First,19.01,1461.0,108.45,5.0,8.25
Ford Figo 2015-2019 1.5P Titanium AT,Ford,Mumbai,2017,3,16000.0,Petrol,Automatic,First,17.01,1499.0,110.4,5.0,5.95
Toyota Innova Crysta 2.4 VX MT,Toyota,Kochi,2018,2,8899.0,Diesel,Manual,First,13.68,2393.0,147.8,7.0,19.92
Chevrolet Beat Diesel LS,Chevrolet,Kochi,2016,4,83629.0,Diesel,Manual,First,25.44,936.0,56.3,5.0,3.15
Volkswagen Polo GTI,Volkswagen,Chennai,2014,6,35059.0,Petrol,Automatic,First,17.21,1798.0,189.0,4.0,5.75
Ford Endeavour 3.2 Trend AT 4X4,Ford,Kochi,2018,2,30552.0,Diesel,Automatic,First,10.91,3198.0,197.2,7.0,32.44
Hyundai Verna 1.6 SX CRDI (O) AT,Hyundai,Kochi,2016,4,44875.0,Diesel,Automatic,Second,22.32,1582.0,126.32,5.0,8.01
Ford Figo 2015-2019 1.2P Titanium Opt MT,Ford,Coimbatore,2017,3,25095.0,Petrol,Manual,First,18.16,1196.0,86.8,5.0,6.48
Maruti 800 AC,Maruti,Jaipur,2007,13,59000.0,Petrol,Manual,First,16.1,796.0,37.0,4.0,0.75
Honda City i DTEC V,Honda,Kolkata,2014,6,36000.0,Diesel,Manual,First,26.0,1498.0,98.6,5.0,5.0
Mahindra XUV500 W8 2WD,Mahindra,Mumbai,2012,8,37000.0,Diesel,Manual,First,16.0,2179.0,140.0,7.0,7.75
Ford Figo Diesel ZXI,Ford,Chennai,2010,10,90000.0,Diesel,Manual,First,20.0,1399.0,68.0,5.0,2.6
Ford EcoSport 1.5 Petrol Titanium,Ford,Pune,2018,2,17000.0,Petrol,Manual,First,17.0,1497.0,121.36,5.0,9.2
Hyundai i20 Asta 1.2,Hyundai,Mumbai,2015,5,42575.0,Petrol,Manual,First,18.6,1197.0,81.83,5.0,5.05
Toyota Innova 2.5 G (Diesel) 7 Seater BS IV,Toyota,Hyderabad,2012,8,131000.0,Diesel,Manual,First,12.99,2494.0,100.0,7.0,9.6
Renault Duster 85PS Diesel RxL Optional,Renault,Mumbai,2013,7,74000.0,Diesel,Manual,First,20.46,1461.0,83.8,5.0,5.5
Toyota Innova 2.5 VX (Diesel) 8 Seater,Toyota,Mumbai,2013,7,47234.0,Diesel,Manual,First,12.99,2494.0,100.6,8.0,9.35
Honda City 1.5 S MT,Honda,Delhi,2009,11,231673.0,Petrol,Manual,First,17.0,1497.0,118.0,5.0,2.6
Maruti Alto K10 VXI,Maruti,Hyderabad,2016,4,10000.0,Petrol,Manual,First,24.07,998.0,67.1,5.0,3.5
Nissan Micra Active XL Petrol,Nissan,Kochi,2016,4,49389.0,Petrol,Manual,First,19.49,1198.0,67.04,5.0,4.26
Maruti Celerio VXI AT,Maruti,Chennai,2016,4,12000.0,Petrol,Automatic,Second,23.1,998.0,67.04,5.0,4.25
Mercedes-Benz New C-Class 200 Kompressor,Mercedes-Benz,Hyderabad,2010,10,65000.0,Petrol,Manual,Second,11.7,1796.0,178.0,5.0,11.75
Ford Fiesta Diesel Style,Ford,Chennai,2013,7,177000.0,Diesel,Manual,First,23.5,1498.0,88.7,5.0,3.5
Hyundai Verna 1.6 VTVT S,Hyundai,Jaipur,2015,5,89000.0,Petrol,Manual,First,17.01,1591.0,121.3,5.0,7.5
Hyundai i20 1.4 Asta (AT),Hyundai,Chennai,2009,11,72000.0,Petrol,Automatic,Third,15.0,1396.0,100.0,5.0,3.25
Maruti Swift Dzire VXi,Maruti,Chennai,2012,8,49000.0,Petrol,Manual,First,17.5,1298.0,85.8,5.0,4.9
Mercedes-Benz New C-Class C 220CDIBE Avantgarde Command,Mercedes-Benz,Hyderabad,2014,6,51355.0,Diesel,Automatic,First,14.84,2143.0,170.0,5.0,27.0
Hyundai Elite i20 Petrol Asta,Hyundai,Kochi,2017,3,13460.0,Petrol,Manual,First,18.6,1197.0,81.86,5.0,8.91
Hyundai Verna 1.6 VTVT EX AT,Hyundai,Kochi,2014,6,35642.0,Petrol,Automatic,First,17.01,1591.0,121.4,5.0,6.69
Chevrolet Cruze LTZ,Chevrolet,Kochi,2014,6,52895.0,Diesel,Manual,First,17.3,1998.0,163.7,5.0,6.02
Toyota Corolla Altis 1.8 G,Toyota,Mumbai,2010,10,93000.0,Petrol,Manual,First,14.28,1798.0,138.03,5.0,4.5
Maruti A-Star Vxi,Maruti,Pune,2011,9,70000.0,Petrol,Manual,First,19.0,998.0,66.1,5.0,2.0
Nissan Micra Diesel XV Premium,Nissan,Kolkata,2012,8,32048.0,Diesel,Manual,First,23.08,1461.0,63.1,5.0,2.4
Tata Nano LX,Tata,Pune,2013,7,4700.0,Petrol,Manual,First,25.4,624.0,37.48,4.0,1.2
Maruti Swift Dzire Tour LDI,Maruti,Delhi,2014,6,71800.0,Diesel,Manual,First,23.4,1248.0,74.0,5.0,2.9
Land Rover Range Rover Sport 2005 2012 Sport,Land,Coimbatore,2008,12,69078.0,Petrol,Manual,First,,,,,40.88
Audi Q3 2.0 TDI Quattro,Audi,Ahmedabad,2016,4,45000.0,Diesel,Automatic,First,17.32,1968.0,184.0,5.0,27.0
Honda Amaze VX i-DTEC,Honda,Chennai,2016,4,15388.0,Diesel,Manual,First,25.8,1498.0,98.6,5.0,7.5
Chevrolet Optra 1.6 LS,Chevrolet,Mumbai,2004,16,98798.0,Petrol,Manual,First,14.7,1599.0,104.0,5.0,1.5
Audi Q5 2.0 TDI Premium Plus,Audi,Hyderabad,2016,4,43000.0,Diesel,Automatic,First,14.16,1968.0,174.3,5.0,39.5
Maruti Ritz VDi,Maruti,Hyderabad,2012,8,85112.0,Diesel,Manual,First,23.2,1248.0,73.94,5.0,3.39
Mahindra Scorpio S6 7 Seater,Mahindra,Kochi,2018,2,37804.0,Diesel,Manual,First,15.4,2179.0,120.0,7.0,12.4
Maruti Ciaz ZDi SHVS,Maruti,Chennai,2014,6,45000.0,Diesel,Manual,First,28.09,1248.0,88.5,5.0,6.85
Toyota Corolla Altis Aero D 4D J,Toyota,Pune,2011,9,116000.0,Diesel,Manual,Second,21.43,1364.0,138.0,5.0,5.75
Tata Indica V2 eLS,Tata,Chennai,2015,5,100073.0,Diesel,Manual,Second,25.0,1396.0,69.0,5.0,2.0
Maruti 800 Std BSIII,Maruti,Jaipur,2006,14,165000.0,Petrol,Manual,First,16.1,796.0,37.0,4.0,0.9
Volkswagen Polo 1.2 MPI Highline,Volkswagen,Kolkata,2015,5,22000.0,Petrol,Manual,First,16.47,1198.0,74.0,5.0,3.8
Hyundai Elantra 2.0 SX Option AT,Hyundai,Delhi,2017,3,9500.0,Petrol,Automatic,First,14.62,1999.0,149.92,5.0,16.35
Toyota Fortuner 4x2 4 Speed AT,Toyota,Hyderabad,2012,8,152000.0,Diesel,Automatic,First,11.5,2982.0,169.0,7.0,16.5
Maruti Baleno Zeta 1.2,Maruti,Coimbatore,2019,1,17705.0,Petrol,Manual,First,21.4,1197.0,83.1,5.0,8.7
Maruti Baleno Zeta 1.2,Maruti,Mumbai,2016,4,12000.0,Petrol,Manual,First,21.4,1197.0,83.1,5.0,6.1
Mini Cooper Countryman D,Mini,Hyderabad,2013,7,51000.0,Diesel,Automatic,First,23.8,1998.0,112.0,5.0,21.94
Mercedes-Benz S Class 2005 2013 320 CDI,Mercedes-Benz,Chennai,2009,11,42000.0,Diesel,Automatic,Second,13.0,2987.0,210.0,5.0,22.0
Maruti Alto K10 LXI,Maruti,Delhi,2015,5,51000.0,Petrol,Manual,First,20.92,998.0,67.1,5.0,2.65
Maruti Swift VXI Optional,Maruti,Kochi,2017,3,42527.0,Petrol,Manual,First,20.4,1197.0,81.8,5.0,5.27
Chevrolet Sail LT ABS,Chevrolet,Kolkata,2014,6,45000.0,Diesel,Manual,First,22.1,1248.0,74.0,5.0,2.48
Toyota Innova 2.5 G (Diesel) 8 Seater BS IV,Toyota,Kolkata,2011,9,70000.0,Diesel,Manual,First,12.8,2494.0,102.0,8.0,6.0
Toyota Fortuner 3.0 Diesel,Toyota,Mumbai,2009,11,92000.0,Diesel,Manual,First,11.5,2982.0,171.0,7.0,8.9
BMW 3 Series 320d Sport Line,BMW,Hyderabad,2012,8,57156.0,Diesel,Automatic,Second,18.88,1995.0,184.0,5.0,18.0
Skoda Octavia Ambition 1.4 TSI MT,Skoda,Coimbatore,2016,4,53211.0,Petrol,Manual,First,16.8,1395.0,138.02,5.0,11.64
Toyota Fortuner 3.0 Diesel,Toyota,Kolkata,2019,1,80000.0,Diesel,Manual,First,11.5,2982.0,171.0,7.0,8.99
Volkswagen Jetta 2007-2011 1.9 Highline TDI,Volkswagen,Bangalore,2009,11,74000.0,Diesel,Automatic,First,15.5,1896.0,105.0,5.0,5.25
Hyundai i20 1.4 CRDi Asta,Hyundai,Kolkata,2011,9,37000.0,Diesel,Manual,First,23.0,1396.0,90.0,5.0,2.95
Tata Manza Club Class Quadrajet90 LX,Tata,Mumbai,2013,7,64000.0,Diesel,Manual,Second,21.02,1248.0,88.76,5.0,2.65
Volkswagen Vento Petrol Highline,Volkswagen,Pune,2013,7,57197.0,Petrol,Manual,First,15.04,1598.0,103.6,5.0,4.0
Hyundai Creta 1.6 SX Automatic Diesel,Hyundai,Chennai,2016,4,55000.0,Diesel,Automatic,First,17.6,1582.0,126.2,5.0,12.5
Maruti Ritz VXI,Maruti,Mumbai,2014,6,33000.0,Petrol,Manual,First,21.1,1197.0,85.8,5.0,3.25
Honda CR-V 2.0L 2WD MT,Honda,Delhi,2008,12,70000.0,Petrol,Manual,First,13.1,1997.0,141.1,5.0,4.0
Mahindra XUV500 W8 2WD,Mahindra,Delhi,2012,8,75000.0,Diesel,Manual,Second,15.1,2179.0,140.0,7.0,6.25
Volkswagen Ameo 1.5 TDI Comfortline,Volkswagen,Jaipur,2016,4,58095.0,Diesel,Manual,First,21.66,1498.0,108.62,5.0,5.8
Tata Zest Revotron 1.2 XT,Tata,Kolkata,2015,5,7445.0,Petrol,Manual,First,17.57,1193.0,88.7,5.0,5.0
Jaguar XJ 3.0L Portfolio LWB,Jaguar,Kochi,2016,4,17652.0,Diesel,Automatic,First,12.9,2993.0,270.88,5.0,58.73
Toyota Corolla Altis 1.8 VL CVT,Toyota,Kochi,2018,2,28321.0,Petrol,Automatic,First,14.28,1798.0,138.03,5.0,17.49
Maruti A-Star Vxi,Maruti,Pune,2011,9,69000.0,Petrol,Manual,Second,19.0,998.0,66.1,5.0,1.95
Honda Accord VTi-L (AT),Honda,Mumbai,2007,13,80000.0,Petrol,Automatic,First,11.1,2354.0,142.0,5.0,3.0
Hyundai i20 Asta (o),Hyundai,Delhi,2014,6,42365.0,Petrol,Manual,First,17.0,1197.0,80.0,5.0,5.5
Toyota Fortuner 4x2 AT,Toyota,Delhi,2013,7,123000.0,Diesel,Automatic,First,12.55,2982.0,168.5,7.0,16.5
Mercedes-Benz New C-Class C 200 CGI Avantgarde,Mercedes-Benz,Mumbai,2011,9,40000.0,Petrol,Automatic,Second,11.74,1796.0,186.0,5.0,14.5
Maruti Baleno Alpha 1.3,Maruti,Hyderabad,2016,4,30112.0,Diesel,Manual,First,27.39,1248.0,74.0,5.0,7.79
Maruti Ertiga VDI,Maruti,Kochi,2017,3,43775.0,Diesel,Manual,First,20.77,1248.0,88.76,7.0,8.27
Land Rover Range Rover Sport SE,Land,Kochi,2019,1,26013.0,Diesel,Automatic,First,12.65,2993.0,255.0,5.0,97.07
Chevrolet Optra Magnum 1.6 LT ABS BS3,Chevrolet,Mumbai,2012,8,56000.0,Petrol,Manual,First,12.9,1598.0,102.5,5.0,2.15
Honda Civic 2006-2010 1.8 V AT,Honda,Hyderabad,2008,12,95000.0,Petrol,Automatic,Second,12.9,1799.0,130.0,5.0,3.0
BMW X3 xDrive20d,BMW,Coimbatore,2014,6,41089.0,Diesel,Automatic,First,16.09,1995.0,184.0,5.0,28.79
Skoda Laura Ambition 2.0 TDI CR AT,Skoda,Mumbai,2011,9,41988.0,Diesel,Automatic,First,20.0,1968.0,138.1,5.0,5.45
Maruti Swift Dzire VDI,Maruti,Delhi,2013,7,72486.0,Diesel,Manual,First,23.4,1248.0,74.0,5.0,3.95
Volvo V40 Cross Country D3,Volvo,Pune,2013,7,92000.0,Diesel,Automatic,First,23.3,1984.0,150.0,5.0,16.0
Maruti Swift Dzire ZXi,Maruti,Delhi,2013,7,40000.0,Petrol,Manual,First,17.5,1298.0,85.8,5.0,4.25
Land Rover Range Rover 2.2L Pure,Land,Bangalore,2014,6,56000.0,Diesel,Automatic,First,12.7,2179.0,187.7,5.0,34.5
Honda Accord 2.4 AT,Honda,Mumbai,2008,12,125000.0,Petrol,Automatic,Third,11.7,2354.0,177.6,5.0,2.6
Toyota Innova 2.5 G (Diesel) 8 Seater,Toyota,Kochi,2017,3,29219.0,Diesel,Manual,First,12.99,2494.0,100.6,8.0,13.48
Toyota Fortuner 4x4 MT,Toyota,Hyderabad,2018,2,39927.0,Diesel,Manual,First,12.55,2982.0,168.5,7.0,32.1
Honda Jazz 1.2 E i VTEC,Honda,Kochi,2018,2,38593.0,Petrol,Manual,First,18.7,1199.0,88.7,5.0,6.17
Honda City 1.5 V MT,Honda,Kolkata,2015,5,32000.0,Petrol,Manual,First,17.0,1497.0,118.0,5.0,5.5
Maruti Dzire AMT ZDI Plus,Maruti,Hyderabad,2017,3,28226.0,Diesel,Automatic,First,28.4,1248.0,73.75,5.0,9.15
Nissan Sunny 2011-2014 Diesel XL,Nissan,Pune,2014,6,95000.0,Diesel,Manual,First,21.64,1461.0,84.8,5.0,4.5
Toyota Innova 2.5 G (Diesel) 8 Seater,Toyota,Chennai,2014,6,194000.0,Diesel,Manual,First,12.99,2494.0,100.6,8.0,10.5
Honda Brio S MT,Honda,Coimbatore,2016,4,14821.0,Petrol,Manual,First,19.4,1198.0,86.8,5.0,5.37
Volkswagen Vento Petrol Trendline,Volkswagen,Bangalore,2012,8,52000.0,Petrol,Manual,First,15.04,1598.0,103.6,5.0,5.45
Mahindra XUV500 W4,Mahindra,Mumbai,2016,4,33000.0,Diesel,Manual,First,16.0,2179.0,140.0,7.0,9.25
Ford EcoSport 1.5 Diesel Titanium Plus,Ford,Chennai,2016,4,29200.0,Diesel,Manual,First,23.0,1498.0,98.96,5.0,7.7
Skoda Yeti Ambition 4X2,Skoda,Hyderabad,2012,8,99754.0,Diesel,Manual,First,17.72,1968.0,108.49,5.0,7.99
Hyundai i10 Sportz,Hyundai,Chennai,2012,8,49000.0,Petrol,Manual,First,20.36,1197.0,78.9,5.0,3.0
Toyota Innova 2.5 G (Diesel) 8 Seater BS IV,Toyota,Hyderabad,2005,15,299322.0,Diesel,Manual,First,12.8,2494.0,102.0,8.0,4.0
Tata Zest Quadrajet 1.3 XT,Tata,Coimbatore,2018,2,38310.0,Diesel,Manual,First,20.65,1248.0,88.7,5.0,6.69
Maruti Swift VDI,Maruti,Delhi,2014,6,56000.0,Diesel,Manual,First,22.9,1248.0,74.0,5.0,4.25
Skoda Rapid 1.5 TDI AT Style,Skoda,Kolkata,2017,3,31300.0,Diesel,Automatic,First,21.72,1498.0,108.4,5.0,10.5
Toyota Innova Crysta 2.4 VX MT 8S,Toyota,Coimbatore,2019,1,11241.0,Diesel,Manual,First,13.68,2393.0,147.8,8.0,22.55
Hyundai Verna 1.6 SX VTVT,Hyundai,Pune,2014,6,48000.0,Petrol,Manual,Second,17.01,1591.0,121.3,5.0,5.2
Honda City i VTEC VX Option,Honda,Coimbatore,2019,1,23882.0,Petrol,Manual,First,17.4,1497.0,117.3,5.0,11.87
Honda City i DTEC SV,Honda,Hyderabad,2014,6,65000.0,Diesel,Manual,First,26.0,1498.0,98.6,5.0,6.99
Volkswagen Vento Diesel Highline,Volkswagen,Jaipur,2011,9,50000.0,Diesel,Manual,First,20.54,1598.0,103.6,5.0,5.0
Audi Q5 2008-2012 3.0 TDI,Audi,Chennai,2014,6,25000.0,Diesel,Automatic,First,12.19,2967.0,236.0,5.0,44.0
Maruti Alto 800 LXI,Maruti,Chennai,2015,5,21000.0,Petrol,Manual,First,22.74,796.0,47.3,5.0,2.79
Tata Manza ELAN Quadrajet BS IV,Tata,Pune,2012,8,148000.0,Diesel,Manual,Second,21.12,1248.0,88.8,5.0,2.9
Hyundai Creta 1.6 SX Plus Dual Tone Petrol,Hyundai,Delhi,2016,4,68000.0,Petrol,Manual,First,15.29,1591.0,121.3,5.0,9.85
Mercedes-Benz GL-Class 2007 2012 350 CDI Luxury,Mercedes-Benz,Bangalore,2014,6,52000.0,Diesel,Automatic,First,12.0,2987.0,224.0,7.0,49.0
Mahindra Thar CRDe,Mahindra,Jaipur,2016,4,19000.0,Diesel,Manual,First,16.55,2498.0,105.0,6.0,9.25
Hyundai Verna 1.6 CRDI,Hyundai,Mumbai,2011,9,74000.0,Diesel,Manual,Second,22.32,1582.0,126.3,5.0,3.75
Ford Aspire Titanium Diesel,Ford,Coimbatore,2017,3,30279.0,Diesel,Manual,First,26.1,1498.0,99.0,5.0,7.29
Mini Cooper 3 DOOR D,Mini,Mumbai,2016,4,20000.0,Diesel,Automatic,First,20.7,1496.0,113.98,4.0,23.5
Maruti Omni 8 Seater BSIV,Maruti,Hyderabad,2013,7,34834.0,Petrol,Manual,First,14.0,796.0,35.0,5.0,2.6
Mahindra Verito 1.5 D4 BSIV,Mahindra,Pune,2015,5,90000.0,Diesel,Manual,Second,21.03,1461.0,65.0,5.0,3.1
Mercedes-Benz E-Class 2009-2013 E250 CDI Elegance,Mercedes-Benz,Coimbatore,2016,4,38730.0,Diesel,Automatic,First,14.21,2143.0,203.0,5.0,29.98
Renault Duster 110PS Diesel RxZ,Renault,Kochi,2016,4,57390.0,Diesel,Manual,First,19.01,1461.0,108.45,5.0,6.73
Maruti Swift Dzire Tour LDI,Maruti,Kolkata,2016,4,100000.0,Diesel,Manual,First,23.4,1248.0,74.0,5.0,3.5
Volkswagen Polo Petrol Highline 1.2L,Volkswagen,Kolkata,2011,9,50000.0,Petrol,Manual,First,16.47,1198.0,73.9,5.0,2.35
Mahindra XUV500 W10 2WD,Mahindra,Coimbatore,2017,3,64961.0,Diesel,Manual,First,16.0,2179.0,140.0,7.0,16.13
Volkswagen Polo 1.2 MPI Highline,Volkswagen,Coimbatore,2014,6,72465.0,Petrol,Manual,First,16.47,1198.0,74.0,5.0,5.9
Maruti Ritz VXI,Maruti,Hyderabad,2012,8,68776.0,Petrol,Manual,First,21.1,1197.0,85.8,5.0,3.9
Chevrolet Optra 1.6 Elite,Chevrolet,Pune,2005,15,150000.0,Petrol,Manual,First,14.7,1598.0,,5.0,1.5
Toyota Innova 2.5 GX 7 STR BSIV,Toyota,Delhi,2012,8,68000.0,Diesel,Manual,First,12.8,2494.0,102.0,7.0,6.95
Honda City i DTec SV,Honda,Delhi,2015,5,33000.0,Diesel,Manual,First,26.0,1498.0,98.6,5.0,7.0
Volkswagen Ameo 1.2 MPI Highline,Volkswagen,Coimbatore,2017,3,22389.0,Petrol,Manual,First,17.0,1198.0,73.75,5.0,7.23
Maruti SX4 ZDI Leather,Maruti,Mumbai,2012,8,90000.0,Diesel,Manual,First,21.5,1248.0,88.8,5.0,3.81
Maruti Swift ZXI,Maruti,Chennai,2012,8,42000.0,Petrol,Manual,Third,18.6,1197.0,85.8,5.0,4.5
Hyundai Creta 1.6 CRDi SX,Hyundai,Pune,2017,3,38767.0,Diesel,Manual,First,19.67,1582.0,126.2,5.0,12.6
Audi Q7 35 TDI Quattro Technology,Audi,Bangalore,2015,5,21000.0,Diesel,Automatic,First,12.07,2967.0,241.4,7.0,48.0
Maruti Alto LXi BSIII,Maruti,Coimbatore,2010,10,59136.0,Petrol,Manual,First,19.7,796.0,46.3,5.0,2.96
Honda Amaze SX i-DTEC,Honda,Kolkata,2014,6,36000.0,Diesel,Manual,First,25.8,1498.0,98.6,5.0,3.25
Volkswagen Passat Diesel Highline 2.0 TDI,Volkswagen,Chennai,2011,9,95000.0,Diesel,Automatic,Second,18.33,1968.0,167.7,5.0,8.5
Hyundai Elantra CRDi SX AT,Hyundai,Mumbai,2013,7,51000.0,Diesel,Automatic,First,19.5,1582.0,126.24,5.0,8.75
Maruti Wagon R VXI BS IV,Maruti,Kochi,2011,9,36411.0,Petrol,Manual,First,18.9,998.0,67.1,5.0,3.08
Land Rover Discovery Sport TD4 HSE 7S,Land,Mumbai,2017,3,40000.0,Diesel,Automatic,First,12.81,1999.0,148.31,7.0,41.5
Honda City i VTEC SV,Honda,Pune,2016,4,27300.0,Petrol,Manual,First,17.8,1497.0,117.3,5.0,7.0
Mercedes-Benz New C-Class C 200 Avantgarde Edition C,Mercedes-Benz,Kochi,2011,9,29813.0,Petrol,Automatic,Second,14.74,1991.0,181.03,5.0,11.5
Maruti Wagon R LX BS IV,Maruti,Pune,2011,9,71000.0,Petrol,Manual,First,20.51,998.0,67.04,5.0,2.6
Hyundai Verna 1.6 CRDI,Hyundai,Kolkata,2014,6,32000.0,Diesel,Manual,First,22.32,1582.0,126.3,5.0,4.3
Maruti Ertiga VXI CNG,Maruti,Mumbai,2017,3,19234.0,CNG,Manual,First,17.5,1373.0,80.46,7.0,8.35
Volkswagen Tiguan 2.0 TDI Highline,Volkswagen,Jaipur,2017,3,50510.0,Diesel,Automatic,First,17.06,1968.0,141.0,5.0,24.9
BMW X1 sDrive 20d Exclusive,BMW,Pune,2011,9,102000.0,Diesel,Automatic,First,15.06,1995.0,177.0,5.0,13.75
Hyundai Grand i10 1.2 CRDi Sportz Option,Hyundai,Kolkata,2014,6,42277.0,Diesel,Manual,First,24.0,1186.0,73.97,5.0,3.85
Mercedes-Benz E-Class E250 CDI Avantgrade,Mercedes-Benz,Mumbai,2014,6,46000.0,Diesel,Automatic,First,13.0,2143.0,201.1,5.0,23.25
Mahindra Bolero ZLX,Mahindra,Chennai,2012,8,35000.0,Diesel,Manual,First,13.6,2523.0,,7.0,7.0
Hyundai Grand i10 Asta Option,Hyundai,Bangalore,2015,5,50000.0,Petrol,Manual,First,18.9,1197.0,82.0,5.0,5.75
Hyundai i10 Magna 1.2,Hyundai,Mumbai,2008,12,62000.0,Petrol,Manual,Second,20.36,1197.0,78.9,5.0,1.65
Volkswagen Jetta 2012-2014 2.0L TDI Comfortline,Volkswagen,Mumbai,2012,8,78000.0,Diesel,Manual,First,19.33,1968.0,138.1,5.0,6.5
Skoda Yeti Elegance,Skoda,Chennai,2011,9,79000.0,Diesel,Manual,First,17.67,1968.0,138.08,5.0,7.5
Audi Q7 45 TDI Quattro Premium Plus,Audi,Kochi,2019,1,6773.0,Diesel,Automatic,First,14.75,2967.0,245.0,7.0,72.94
Toyota Fortuner 3.0 Diesel,Toyota,Chennai,2010,10,135000.0,Diesel,Manual,Second,11.5,2982.0,171.0,7.0,11.0
Maruti Wagon R VXI Minor ABS,Maruti,Kochi,2013,7,36716.0,Petrol,Manual,First,18.9,1061.0,67.0,5.0,3.02
Hyundai EON Era,Hyundai,Coimbatore,2013,7,65060.0,Petrol,Manual,First,21.1,814.0,55.2,5.0,3.32
Honda Brio S MT,Honda,Delhi,2013,7,33000.0,Petrol,Manual,First,19.4,1198.0,86.8,5.0,3.24
Maruti Alto 800 VXI,Maruti,Kolkata,2015,5,11110.0,Petrol,Manual,First,22.74,796.0,47.3,5.0,2.35
Mahindra Bolero ZLX,Mahindra,Jaipur,2013,7,63000.0,Diesel,Manual,First,15.96,2523.0,62.1,7.0,5.5
Honda City i VTEC SV,Honda,Mumbai,2015,5,27030.0,Petrol,Manual,First,17.8,1497.0,117.3,5.0,6.75
Skoda Rapid 1.6 MPI Elegance Black Package,Skoda,Mumbai,2015,5,19600.0,Petrol,Manual,First,15.0,1598.0,103.52,5.0,6.15
Maruti Swift VVT VXI,Maruti,Pune,2016,4,27755.0,Petrol,Manual,First,22.0,1197.0,81.8,5.0,5.45
Hyundai EON Magna Plus,Hyundai,Hyderabad,2013,7,20000.0,Petrol,Manual,Second,21.1,814.0,55.2,5.0,2.3
Maruti Swift Dzire ZXI,Maruti,Kochi,2015,5,24782.0,Petrol,Manual,First,20.85,1197.0,83.14,5.0,6.21
Nissan Micra XV CVT,Nissan,Coimbatore,2014,6,47303.0,Petrol,Automatic,First,19.34,1198.0,76.0,5.0,5.21
Audi Q7 4.2 FSI quattro,Audi,Delhi,2008,12,71000.0,Petrol,Automatic,First,8.3,4134.0,250.0,7.0,11.99
Maruti Swift Vdi BSIII,Maruti,Pune,2010,10,135000.0,Diesel,Manual,First,17.8,1248.0,75.0,5.0,3.1
Tata Xenon XT EX 4X2,Tata,Jaipur,2017,3,1000.0,Diesel,Manual,First,13.49,2179.0,138.03,5.0,7.5
Volkswagen Polo 1.5 TDI Comfortline,Volkswagen,Kolkata,2016,4,29000.0,Diesel,Manual,First,20.14,1498.0,88.8,5.0,4.0
Honda City i VTEC SV,Honda,Kochi,2016,4,36367.0,Petrol,Manual,First,17.8,1497.0,117.3,5.0,7.73
Honda City i VTEC V,Honda,Bangalore,2015,5,38000.0,Petrol,Manual,First,17.4,1497.0,117.3,5.0,7.8
Maruti 800 AC BSIII,Maruti,Hyderabad,2011,9,83969.0,Petrol,Manual,First,16.1,796.0,37.0,4.0,1.3
Volkswagen Polo 1.5 TDI Trendline,Volkswagen,Jaipur,2014,6,82621.0,Diesel,Manual,First,20.14,1498.0,88.8,5.0,4.42
Chevrolet Captiva LTZ VCDi,Chevrolet,Pune,2009,11,89000.0,Diesel,Automatic,First,12.5,1991.0,147.9,7.0,4.0
Mahindra XUV500 W10 2WD,Mahindra,Kolkata,2016,4,54000.0,Diesel,Manual,First,16.0,2179.0,140.0,7.0,13.0
Honda Amaze VX i-DTEC,Honda,Kochi,2015,5,61691.0,Diesel,Manual,First,25.8,1498.0,98.6,5.0,5.38
Hyundai i20 1.2 Sportz Option,Hyundai,Chennai,2011,9,32200.0,Petrol,Manual,Second,17.0,1197.0,80.0,5.0,3.25
Maruti Wagon R AMT VXI,Maruti,Jaipur,2016,4,68630.0,Petrol,Automatic,First,20.51,998.0,67.0,5.0,3.87
Volkswagen Jetta 2013-2015 2.0L TDI Highline AT,Volkswagen,Mumbai,2014,6,61000.0,Diesel,Automatic,Second,16.96,1968.0,138.03,5.0,8.25
Maruti Ciaz 1.4 Zeta,Maruti,Mumbai,2018,2,32644.0,Petrol,Manual,First,20.73,1373.0,91.1,5.0,9.28
Mahindra Scorpio 2009-2014 VLX 4WD AT 7S BSIV,Mahindra,Delhi,2012,8,85000.0,Diesel,Automatic,First,11.79,2179.0,120.0,7.0,6.25
Chevrolet Aveo U-VA 1.2 LS,Chevrolet,Mumbai,2008,12,75000.0,Petrol,Manual,Second,15.26,1150.0,74.9,5.0,1.15
Maruti Ciaz ZXi Option,Maruti,Kochi,2016,4,40347.0,Petrol,Manual,First,20.73,1373.0,91.2,5.0,7.8
Hyundai i20 1.4 CRDi Asta,Hyundai,Hyderabad,2012,8,60788.0,Diesel,Manual,First,23.0,1396.0,90.0,5.0,4.5
Honda Jazz 1.2 SV i VTEC,Honda,Kochi,2018,2,18664.0,Petrol,Manual,First,18.7,1199.0,88.7,5.0,7.56
Mahindra XUV500 W10 2WD,Mahindra,Coimbatore,2017,3,57847.0,Diesel,Manual,First,16.0,2179.0,140.0,7.0,16.08
Hyundai i20 1.2 Sportz,Hyundai,Bangalore,2012,8,52237.0,Petrol,Manual,First,17.0,1197.0,80.0,5.0,4.5
Hyundai Verna 1.6 SX,Hyundai,Chennai,2012,8,128000.0,Diesel,Manual,First,22.32,1582.0,126.32,5.0,5.0
Hyundai i10 Era 1.1,Hyundai,Delhi,2011,9,54000.0,Petrol,Manual,First,19.81,1086.0,68.05,5.0,2.2
Maruti Celerio VXI AT,Maruti,Bangalore,2014,6,49800.0,Petrol,Automatic,First,23.1,998.0,67.04,5.0,4.0
Skoda Fabia 1.2 TDI Ambition,Skoda,Kolkata,2012,8,98000.0,Diesel,Manual,First,20.86,1199.0,73.9,5.0,2.51
Maruti Swift VDI BSIV,Maruti,Delhi,2015,5,60095.0,Diesel,Manual,First,25.2,1248.0,74.0,5.0,4.75
Hyundai i10 Magna(O) with Sun Roof,Hyundai,Pune,2008,12,68000.0,Petrol,Manual,Second,16.0,1086.0,66.7,5.0,2.0
Hyundai i10 Magna 1.2,Hyundai,Jaipur,2010,10,81402.0,Petrol,Manual,Second,20.36,1197.0,78.9,5.0,2.1
Ford Ecosport 1.5 Ti VCT AT Titanium,Ford,Mumbai,2013,7,38000.0,Petrol,Automatic,First,16.5,1499.0,110.0,5.0,6.25
Mercedes-Benz E-Class 2009-2013 E350 CDI Avantgarde,Mercedes-Benz,Kochi,2011,9,92239.0,Diesel,Automatic,Second,11.5,2987.0,210.0,5.0,10.6
Maruti Swift VDI BSIV,Maruti,Ahmedabad,2017,3,49224.0,Diesel,Manual,First,25.2,1248.0,74.0,5.0,6.0
Maruti 800 Std BSIII,Maruti,Jaipur,2004,16,12000.0,Petrol,Manual,Second,16.1,796.0,37.0,4.0,0.45
Maruti Swift Lxi BSIII,Maruti,Pune,2010,10,54898.0,Petrol,Manual,Third,16.1,1298.0,88.2,5.0,2.5
Hyundai Creta 1.6 SX Plus Dual Tone Petrol,Hyundai,Mumbai,2018,2,2500.0,Petrol,Manual,First,15.29,1591.0,121.3,5.0,12.75
BMW X1 M Sport sDrive 20d,BMW,Kochi,2017,3,32838.0,Diesel,Automatic,First,17.05,1995.0,190.0,5.0,30.29
Ford Ikon 1.3 Flair,Ford,Hyderabad,2006,14,27076.0,Petrol,Manual,First,13.8,1299.0,70.0,5.0,1.6
Ford Ecosport 1.5 DV5 MT Titanium Optional,Ford,Kochi,2017,3,75445.0,Diesel,Manual,First,22.7,1498.0,89.84,5.0,7.54
Maruti Ciaz VXi Plus,Maruti,Kochi,2015,5,46601.0,Petrol,Manual,First,20.73,1373.0,91.1,5.0,6.84
Volkswagen Passat Diesel Highline 2.0 TDI,Volkswagen,Kolkata,2012,8,72000.0,Diesel,Automatic,First,18.33,1968.0,167.7,5.0,6.0
Honda Jazz 1.5 VX i DTEC,Honda,Pune,2017,3,27000.0,Diesel,Manual,First,27.3,1498.0,98.6,5.0,8.0
Audi A4 35 TDI Premium,Audi,Coimbatore,2016,4,68193.0,Diesel,Automatic,First,17.11,1968.0,174.33,5.0,24.74
Hyundai Grand i10 CRDi Sportz Celebration Edition,Hyundai,Kochi,2017,3,34429.0,Diesel,Manual,First,24.0,1120.0,70.0,5.0,5.5
Mercedes-Benz GL-Class 2007 2012 350 CDI Luxury,Mercedes-Benz,Delhi,2013,7,46000.0,Diesel,Automatic,First,12.0,2987.0,224.0,7.0,36.0
Toyota Innova 2.5 G (Diesel) 7 Seater,Toyota,Coimbatore,2013,7,80544.0,Diesel,Manual,First,12.99,2494.0,100.6,7.0,11.79
Nissan Sunny 2011-2014 XL,Nissan,Jaipur,2011,9,42000.0,Petrol,Manual,Second,16.95,1498.0,97.7,5.0,3.0
Skoda Laura Ambiente 2.0 TDI CR AT,Skoda,Bangalore,2011,9,94821.0,Diesel,Automatic,Second,20.0,1968.0,138.1,5.0,6.75
Chevrolet Aveo 1.4 LS,Chevrolet,Jaipur,2006,14,100000.0,Petrol,Manual,First,14.49,1399.0,92.7,5.0,1.4
Honda Mobilio V i DTEC,Honda,Mumbai,2014,6,57000.0,Diesel,Manual,First,24.2,1498.0,98.6,7.0,5.75
Maruti Ritz VDi,Maruti,Hyderabad,2010,10,79894.0,Diesel,Manual,First,21.1,1248.0,73.9,5.0,3.4
Volkswagen Polo Petrol Highline 1.2L,Volkswagen,Coimbatore,2011,9,44748.0,Petrol,Manual,Second,16.47,1198.0,73.9,5.0,4.89
Nissan Terrano XL,Nissan,Mumbai,2013,7,31000.0,Petrol,Manual,First,13.24,1598.0,102.5,5.0,4.95
Maruti A-Star AT Vxi Aktiv,Maruti,Coimbatore,2013,7,60587.0,Petrol,Automatic,Second,16.98,998.0,66.1,5.0,3.49
Toyota Etios Liva GD,Toyota,Pune,2011,9,32000.0,Diesel,Manual,First,23.59,1364.0,,5.0,3.85
Honda City 1.5 S MT,Honda,Pune,2014,6,43772.0,Petrol,Manual,First,17.0,1497.0,118.0,5.0,6.35
Hyundai Grand i10 AT Asta,Hyundai,Coimbatore,2017,3,23576.0,Petrol,Automatic,First,18.9,1197.0,82.0,5.0,7.08
Jaguar XE 2.0L Diesel Prestige,Jaguar,Hyderabad,2017,3,4000.0,Diesel,Automatic,First,13.6,1999.0,177.0,5.0,38.0
Mahindra Scorpio VLX,Mahindra,Kolkata,2012,8,62000.0,Diesel,Manual,First,12.05,2179.0,120.0,8.0,6.25
Mercedes-Benz New C-Class C 200 Kompressor Elegance AT,Mercedes-Benz,Mumbai,2011,9,36000.0,Petrol,Automatic,First,11.74,1796.0,186.0,5.0,10.15
Skoda Superb Elegance 1.8 TSI AT,Skoda,Delhi,2014,6,80000.0,Petrol,Automatic,First,13.7,1798.0,157.75,5.0,10.75
Chevrolet Cruze LTZ AT,Chevrolet,Pune,2012,8,137008.0,Diesel,Automatic,First,18.1,1991.0,147.9,4.0,4.65
Mahindra Scorpio VLX,Mahindra,Delhi,2010,10,61001.0,Diesel,Manual,First,12.05,2179.0,120.0,8.0,4.75
Hyundai Verna 1.6 SX VTVT (O),Hyundai,Coimbatore,2015,5,52191.0,Petrol,Manual,First,17.1,1591.0,121.3,5.0,7.78
Hyundai i20 1.4 Asta CRDi with AVN,Hyundai,Hyderabad,2016,4,77076.0,Diesel,Manual,First,23.0,1396.0,90.0,5.0,6.75
Honda City ZX CVT,Honda,Hyderabad,2008,12,56000.0,Petrol,Automatic,First,16.4,1497.0,78.0,5.0,2.99
Hyundai i10 Magna,Hyundai,Kolkata,2013,7,21000.0,Petrol,Manual,First,20.36,1197.0,78.9,5.0,2.35
Honda Amaze S i-Dtech,Honda,Delhi,2013,7,89429.0,Diesel,Manual,First,25.8,1498.0,98.6,5.0,3.65
Maruti Wagon R LXI,Maruti,Delhi,2012,8,45631.0,Petrol,Manual,Second,22.5,998.0,67.04,5.0,2.74
Honda Brio S MT,Honda,Jaipur,2013,7,53959.0,Petrol,Manual,First,19.4,1198.0,86.8,5.0,3.5
Hyundai i20 1.2 Sportz Option,Hyundai,Kochi,2014,6,55804.0,Petrol,Manual,First,17.0,1197.0,80.0,5.0,4.76
Volkswagen Vento 2013-2015 1.6 Comfortline,Volkswagen,Kochi,2016,4,25899.0,Petrol,Manual,First,15.04,1598.0,103.2,5.0,6.2
Skoda Octavia Rider 1.9 TDI MT,Skoda,Pune,2008,12,82000.0,Diesel,Manual,Second,18.7,1896.0,66.0,5.0,2.35
Mercedes-Benz E-Class 2015-2017 E250 CDI Avantgarde,Mercedes-Benz,Mumbai,2014,6,52000.0,Diesel,Automatic,First,13.0,2143.0,204.0,5.0,24.5
Renault Duster Petrol RxL,Renault,Pune,2013,7,20000.0,Petrol,Manual,First,13.24,1598.0,102.57,5.0,6.0
Hyundai EON Sportz,Hyundai,Hyderabad,2017,3,31829.0,Petrol,Manual,First,21.1,814.0,55.2,5.0,3.65
Maruti Swift VXI,Maruti,Coimbatore,2016,4,18094.0,Petrol,Manual,Second,18.6,1197.0,85.8,5.0,6.26
Nissan Micra Diesel,Nissan,Jaipur,2011,9,80000.0,Diesel,Manual,Second,19.5,1461.0,,5.0,2.1
Audi Q5 3.0 TDI Quattro Technology,Audi,Mumbai,2015,5,11964.0,Diesel,Automatic,First,13.22,2967.0,241.4,5.0,32.95
Hyundai i20 1.2 Spotz,Hyundai,Coimbatore,2018,2,22684.0,Petrol,Manual,First,18.6,1197.0,81.83,5.0,7.8
Honda Brio S MT,Honda,Bangalore,2014,6,43521.0,Petrol,Manual,First,19.4,1198.0,86.8,5.0,4.25
Maruti Swift Dzire ZXi,Maruti,Kochi,2014,6,49386.0,Petrol,Manual,First,17.5,1298.0,85.8,5.0,4.86
Hyundai Grand i10 1.2 Kappa Magna,Hyundai,Delhi,2017,3,12248.0,Petrol,Manual,First,18.9,1197.0,81.86,5.0,4.9
Mahindra Xylo E8 ABS BS IV,Mahindra,Coimbatore,2014,6,67771.0,Diesel,Manual,First,11.68,2498.0,112.0,8.0,7.06
Volkswagen Polo GTI,Volkswagen,Delhi,2015,5,60007.0,Petrol,Automatic,First,17.21,1798.0,189.0,4.0,4.5
Maruti Alto K10 VXI,Maruti,Coimbatore,2011,9,48624.0,Petrol,Manual,First,24.07,998.0,67.1,5.0,3.22
Volkswagen Polo Diesel Comfortline 1.2L,Volkswagen,Kolkata,2014,6,30000.0,Diesel,Manual,First,22.07,1199.0,73.9,5.0,3.25
Hyundai Grand i10 Sportz,Hyundai,Delhi,2016,4,81605.0,Petrol,Manual,First,18.9,1197.0,82.0,5.0,4.53
Mercedes-Benz New C-Class C 220 CDI Elegance AT,Mercedes-Benz,Coimbatore,2017,3,32642.0,Diesel,Automatic,First,14.84,2143.0,170.0,5.0,34.78
Hyundai Verna 1.6 SX VTVT AT,Hyundai,Pune,2014,6,34200.0,Petrol,Automatic,First,15.74,1591.0,121.3,5.0,6.5
Fiat Punto EVO 1.2 Emotion,Fiat,Chennai,2010,10,72204.0,Petrol,Manual,First,15.7,1172.0,67.0,5.0,2.25
Toyota Innova 2.5 VX (Diesel) 8 Seater BS IV,Toyota,Pune,2011,9,156347.0,Diesel,Manual,Second,12.99,2494.0,100.0,8.0,8.0
Mahindra TUV 300 2015-2019 mHAWK100 T8 AMT,Mahindra,Kochi,2017,3,47357.0,Diesel,Automatic,First,18.49,1493.0,100.0,7.0,8.37
Volkswagen Polo 1.5 TDI Comfortline,Volkswagen,Coimbatore,2015,5,61738.0,Diesel,Manual,First,20.14,1498.0,88.8,5.0,5.39
BMW 5 Series 520d Luxury Line,BMW,Kochi,2018,2,32586.0,Diesel,Automatic,First,22.48,1995.0,190.0,5.0,37.3
Mercedes-Benz GLE 350d,Mercedes-Benz,Coimbatore,2018,2,40129.0,Diesel,Automatic,First,11.57,2987.0,254.79,5.0,70.8
Mercedes-Benz M-Class ML 350 CDI,Mercedes-Benz,Mumbai,2012,8,51000.0,Diesel,Automatic,First,11.74,2987.0,254.8,5.0,22.25
Hyundai Grand i10 1.2 Kappa Sportz,Hyundai,Kochi,2018,2,10393.0,Petrol,Manual,First,18.9,1197.0,81.86,5.0,6.03
Skoda Superb Elegance 1.8 TSI AT,Skoda,Mumbai,2011,9,46000.0,Petrol,Automatic,First,13.7,1798.0,157.75,5.0,4.9
Hyundai i10 Sportz AT,Hyundai,Chennai,2013,7,21000.0,Petrol,Automatic,First,16.95,1197.0,78.9,5.0,3.96
Hyundai i20 1.4 CRDi Asta,Hyundai,Hyderabad,2011,9,113562.0,Diesel,Manual,First,23.0,1396.0,90.0,5.0,4.6
Mahindra Scorpio VLX,Mahindra,Mumbai,2011,9,100010.0,Diesel,Manual,Second,12.05,2179.0,120.0,8.0,5.5
Honda Brio V MT,Honda,Mumbai,2013,7,63107.0,Petrol,Manual,First,19.4,1198.0,86.8,5.0,3.25
Hyundai i20 1.2 Magna Executive,Hyundai,Jaipur,2017,3,58500.0,Petrol,Manual,First,18.6,1197.0,81.83,5.0,6.25
Ford Endeavour 4x2 XLT Limited Edition,Ford,Pune,2007,13,90000.0,Diesel,Manual,Fourth & Above,10.9,2499.0,143.0,7.0,3.0
Hyundai Verna CRDi SX,Hyundai,Chennai,2011,9,108242.0,Diesel,Manual,First,16.8,1493.0,110.0,5.0,4.25
Toyota Fortuner 3.0 Diesel,Toyota,Pune,2011,9,146300.0,Diesel,Manual,First,11.5,2982.0,171.0,7.0,12.25
BMW X1 sDrive20d,BMW,Pune,2011,9,62943.0,Diesel,Automatic,Second,17.05,1995.0,184.0,5.0,10.95
Toyota Fortuner 4x2 AT,Toyota,Delhi,2013,7,65000.0,Diesel,Automatic,First,12.55,2982.0,168.5,7.0,16.5
Honda Amaze V CVT Petrol,Honda,Pune,2018,2,1700.0,Petrol,Automatic,First,19.0,1199.0,88.76,5.0,7.8
Hyundai i10 Era 1.1,Hyundai,Kochi,2013,7,34697.0,Petrol,Manual,First,19.81,1086.0,68.05,5.0,3.7
Hyundai i20 1.2 Sportz,Hyundai,Hyderabad,2012,8,58000.0,Petrol,Manual,First,17.0,1197.0,80.0,5.0,4.0
BMW 3 Series 320d GT Luxury Line,BMW,Mumbai,2015,5,32500.0,Diesel,Automatic,First,19.59,1995.0,187.74,5.0,26.75
Audi Q3 35 TDI Quattro Premium Plus,Audi,Coimbatore,2016,4,58661.0,Diesel,Automatic,First,15.17,1968.0,181.0,5.0,28.03
Maruti Swift VXI Optional,Maruti,Kochi,2017,3,37124.0,Petrol,Manual,First,20.4,1197.0,81.8,5.0,5.44
Maruti Baleno Delta Automatic,Maruti,Delhi,2017,3,44000.0,Petrol,Automatic,First,21.4,1197.0,83.1,5.0,6.2
Hyundai Accent GLE,Hyundai,Kolkata,2005,15,45200.0,Petrol,Manual,First,13.2,1495.0,94.0,5.0,0.9
Maruti Ritz LXi,Maruti,Mumbai,2016,4,11000.0,Petrol,Manual,First,18.5,1197.0,85.8,5.0,3.95
Tata Nano Lx,Tata,Pune,2011,9,65000.0,Petrol,Manual,Second,26.0,624.0,35.0,4.0,0.44
Ford Figo Diesel EXI,Ford,Ahmedabad,2012,8,55005.0,Diesel,Manual,First,20.0,1399.0,68.0,5.0,2.75
Volkswagen Passat Diesel Highline 2.0 TDI,Volkswagen,Hyderabad,2011,9,81650.0,Diesel,Automatic,First,18.33,1968.0,167.7,5.0,7.5
Fiat Linea Emotion Pack (Diesel),Fiat,Chennai,2010,10,160000.0,Diesel,Manual,Second,19.0,1248.0,93.0,5.0,2.5
Mahindra Xylo D4,Mahindra,Hyderabad,2015,5,169000.0,Diesel,Manual,First,14.95,2489.0,93.7,7.0,5.0
Maruti Wagon R VXI,Maruti,Hyderabad,2013,7,67263.0,Petrol,Manual,First,18.9,998.0,67.1,5.0,3.6
Toyota Etios G Safety,Toyota,Kochi,2012,8,44223.0,Petrol,Manual,First,17.6,1496.0,88.7,5.0,3.99
Hyundai Grand i10 Sportz,Hyundai,Coimbatore,2015,5,36840.0,Petrol,Manual,First,18.9,1197.0,82.0,5.0,5.64
Toyota Innova 2.5 VX (Diesel) 8 Seater BS IV,Toyota,Pune,2014,6,160000.0,Diesel,Manual,First,12.99,2494.0,100.0,8.0,12.0
Tata Indica V2 DLS TC,Tata,Kolkata,2008,12,133000.0,Diesel,Manual,First,16.8,1405.0,62.0,5.0,0.7
BMW 3 Series 320d Sport Line,BMW,Mumbai,2015,5,69123.0,Diesel,Automatic,First,18.88,1995.0,184.0,5.0,19.0
Ford Endeavour 3.2 Titanium AT 4X4,Ford,Delhi,2017,3,38000.0,Diesel,Automatic,First,10.91,3198.0,197.0,7.0,30.48
Maruti Ciaz Zeta,Maruti,Mumbai,2017,3,5500.0,Petrol,Manual,First,21.56,1462.0,103.25,5.0,8.2
Ford Figo 1.5D Titanium Plus MT,Ford,Kolkata,2015,5,1001.0,Diesel,Manual,First,25.83,1498.0,99.0,5.0,7.55
Chevrolet Aveo U-VA 1.2 LS,Chevrolet,Pune,2007,13,59000.0,Petrol,Manual,Third,15.26,1150.0,74.9,5.0,0.99
Honda City 1.5 V AT,Honda,Delhi,2011,9,78256.0,Petrol,Automatic,First,16.8,1497.0,118.0,5.0,4.15
Nissan Sunny XL,Nissan,Chennai,2016,4,90000.0,Petrol,Manual,First,16.95,1498.0,97.6,5.0,6.2
Maruti Swift Dzire VXI,Maruti,Kolkata,2016,4,18000.0,Petrol,Manual,First,19.1,1197.0,85.8,5.0,4.4
Ford Figo Diesel Titanium,Ford,Kolkata,2012,8,60000.0,Diesel,Manual,First,20.0,1399.0,68.0,5.0,2.1
Fiat Grande Punto 1.3 Emotion (Diesel),Fiat,Jaipur,2011,9,130000.0,Diesel,Manual,First,20.3,1248.0,75.0,5.0,2.2
Hyundai Elite i20 Petrol Asta,Hyundai,Coimbatore,2018,2,32851.0,Petrol,Manual,First,18.6,1197.0,81.86,5.0,8.34
Maruti Swift Dzire VDI,Maruti,Kolkata,2014,6,32000.0,Diesel,Manual,First,23.4,1248.0,74.0,5.0,4.35
Ford Ecosport 1.5 DV5 MT Titanium,Ford,Hyderabad,2014,6,62700.0,Diesel,Manual,First,22.7,1498.0,89.84,5.0,6.8
Maruti Swift Dzire VDi,Maruti,Jaipur,2010,10,71000.0,Diesel,Manual,First,19.3,1248.0,73.9,5.0,3.3
Hyundai Grand i10 Sportz,Hyundai,Kochi,2016,4,19947.0,Petrol,Manual,First,18.9,1197.0,82.0,5.0,5.04
Ford Endeavour 3.0L 4X4 AT,Ford,Hyderabad,2012,8,91000.0,Diesel,Automatic,First,11.4,2953.0,153.86,7.0,9.2
Volkswagen Polo Diesel Highline 1.2L,Volkswagen,Hyderabad,2014,6,74000.0,Diesel,Manual,First,22.07,1199.0,73.9,5.0,5.7
Mahindra TUV 300 2015-2019 mHAWK100 T8,Mahindra,Kochi,2018,2,55594.0,Diesel,Manual,First,18.49,1493.0,100.0,7.0,8.48
BMW X6 xDrive 40d,BMW,Hyderabad,2013,7,58000.0,Diesel,Automatic,First,11.2,2993.0,306.0,4.0,48.0
Renault Duster 110PS Diesel RxZ,Renault,Hyderabad,2012,8,110224.0,Diesel,Manual,First,19.01,1461.0,108.45,5.0,6.1
Maruti Wagon R LXI,Maruti,Ahmedabad,2010,10,21002.0,Petrol,Manual,First,22.5,998.0,67.04,5.0,2.75
Maruti Ertiga SHVS VDI,Maruti,Pune,2017,3,121000.0,Diesel,Manual,First,24.52,1248.0,88.5,7.0,8.0
Maruti Alto LXi BSIII,Maruti,Jaipur,2010,10,73513.0,Petrol,Manual,First,19.7,796.0,46.3,5.0,1.85
Maruti Wagon R AMT VXI Option,Maruti,Jaipur,2015,5,34000.0,Petrol,Automatic,First,20.51,998.0,67.0,5.0,3.85
Maruti Eeco 7 Seater Standard,Maruti,Coimbatore,2017,3,28371.0,Petrol,Manual,First,15.1,1196.0,73.0,7.0,4.74
Renault Duster 110PS Diesel RxL,Renault,Kochi,2013,7,74755.0,Diesel,Manual,First,19.6,1461.0,108.45,5.0,5.63
Maruti Zen Estilo 1.1 LX BSIII,Maruti,Kochi,2011,9,25805.0,Petrol,Manual,First,18.2,1061.0,64.0,5.0,2.62
Renault Duster Petrol RxL,Renault,Kochi,2015,5,82603.0,Petrol,Manual,First,13.06,1598.0,102.53,5.0,4.9
Honda Civic 2006-2010 1.8 S MT,Honda,Chennai,2006,14,110000.0,Petrol,Manual,First,13.5,1799.0,130.0,5.0,2.65
Mahindra XUV500 W8 2WD,Mahindra,Delhi,2012,8,88000.0,Diesel,Manual,First,16.0,2179.0,140.0,7.0,5.99
Mahindra Verito 1.5 D6 BSIV,Mahindra,Chennai,2011,9,110000.0,Diesel,Manual,Second,21.0,1461.0,64.1,5.0,2.4
Renault KWID Climber 1.0 MT,Renault,Delhi,2017,3,15000.0,Petrol,Manual,First,21.7,999.0,67.0,5.0,4.25
Porsche Cayenne Diesel,Porsche,Mumbai,2013,7,70000.0,Diesel,Automatic,First,15.15,2967.0,240.0,5.0,40.0
Maruti Swift DDiS VDI,Maruti,Pune,2008,12,150000.0,Diesel,Manual,Second,28.4,1248.0,74.0,5.0,2.7
Datsun GO T Option,Datsun,Hyderabad,2016,4,19000.0,Petrol,Manual,First,20.63,1198.0,67.0,5.0,2.99
Hyundai i20 1.2 Magna,Hyundai,Chennai,2011,9,37442.0,Petrol,Manual,First,18.5,1197.0,80.0,5.0,3.4
BMW 5 Series 2013-2017 520d Luxury Line,BMW,Coimbatore,2016,4,63111.0,Diesel,Automatic,Second,18.12,1995.0,190.0,5.0,30.8
Maruti Ertiga ZDI,Maruti,Mumbai,2012,8,88000.0,Diesel,Manual,First,20.77,1248.0,88.8,7.0,5.85
Hyundai Grand i10 Magna,Hyundai,Jaipur,2014,6,42355.0,Petrol,Manual,First,18.9,1197.0,82.0,5.0,4.0
BMW 3 Series 330i,BMW,Coimbatore,2011,9,75871.0,Petrol,Automatic,First,9.43,2996.0,254.0,5.0,14.12
Chevrolet Cruze LTZ,Chevrolet,Mumbai,2011,9,65000.0,Diesel,Manual,First,17.9,1998.0,163.7,5.0,4.55
Mercedes-Benz M-Class ML 350 4Matic,Mercedes-Benz,Pune,2015,5,69000.0,Diesel,Automatic,First,,2987.0,165.0,5.0,38.0
Maruti Ritz LDi,Maruti,Jaipur,2011,9,79232.0,Diesel,Manual,First,21.1,1248.0,73.9,5.0,2.9
Mercedes-Benz New C-Class C 200 Kompressor Elegance AT,Mercedes-Benz,Pune,2007,13,220000.0,Petrol,Automatic,Second,11.74,1796.0,186.0,5.0,6.0
Hyundai i20 1.2 Magna Executive,Hyundai,Kochi,2016,4,28470.0,Petrol,Manual,First,18.6,1197.0,81.83,5.0,6.95
Hyundai EON 1.0 Kappa Magna Plus Optional,Hyundai,Kolkata,2014,6,9759.0,Petrol,Manual,First,20.3,998.0,68.05,5.0,2.75
Maruti Swift VDI,Maruti,Pune,2014,6,75216.0,Diesel,Manual,First,22.9,1248.0,74.0,5.0,5.1
Hyundai i20 Sportz 1.2,Hyundai,Chennai,2017,3,8000.0,Petrol,Manual,First,18.6,1197.0,81.83,5.0,6.75
Maruti Ritz ZXi,Maruti,Mumbai,2014,6,59451.0,Petrol,Manual,First,18.5,1197.0,85.8,5.0,3.69
Maruti Swift VDI,Maruti,Hyderabad,2013,7,53996.0,Diesel,Manual,First,22.9,1248.0,74.0,5.0,5.45
Honda WRV i-VTEC VX,Honda,Kochi,2018,2,15135.0,Petrol,Manual,First,17.5,1199.0,88.7,5.0,9.29
Hyundai Xcent 1.2 Kappa AT S Option,Hyundai,Chennai,2015,5,53000.0,Petrol,Automatic,Second,16.9,1197.0,81.86,5.0,4.0
Honda Amaze E i-Vtech,Honda,Kolkata,2013,7,40000.0,Petrol,Manual,First,18.0,1198.0,86.7,5.0,2.9
Hyundai Verna 1.6 SX VTVT (O),Hyundai,Pune,2013,7,21107.0,Petrol,Manual,First,17.1,1591.0,121.3,5.0,5.25
Honda City V MT,Honda,Mumbai,2014,6,56000.0,Petrol,Manual,First,16.8,1497.0,116.3,5.0,5.75
Hyundai Creta 1.6 SX Plus Dual Tone Petrol,Hyundai,Coimbatore,2017,3,19623.0,Petrol,Manual,First,15.29,1591.0,121.3,5.0,13.12
Mahindra XUV500 W8 2WD,Mahindra,Kochi,2014,6,70963.0,Diesel,Manual,First,15.1,2179.0,140.0,7.0,7.83
Maruti Wagon R LXI CNG,Maruti,Mumbai,2013,7,25755.0,CNG,Manual,First,26.6,998.0,58.16,5.0,3.15
Toyota Innova 2.5 V Diesel 7-seater,Toyota,Mumbai,2013,7,51450.0,Diesel,Manual,First,12.8,2494.0,102.0,7.0,10.4
Maruti Swift VDI,Maruti,Pune,2012,8,75000.0,Diesel,Manual,First,22.9,1248.0,74.0,5.0,4.35
Maruti Wagon R VXI AMT,Maruti,Coimbatore,2017,3,37832.0,Petrol,Automatic,First,22.5,998.0,67.0,5.0,5.23
Hyundai Grand i10 1.2 Kappa Asta,Hyundai,Coimbatore,2016,4,43041.0,Petrol,Manual,First,18.9,1197.0,81.86,5.0,6.01
Honda Amaze VX i-DTEC,Honda,Hyderabad,2014,6,97236.0,Diesel,Manual,First,25.8,1498.0,98.6,5.0,4.4
BMW 3 Series 320d Highline,BMW,Chennai,2010,10,83000.0,Diesel,Automatic,First,16.07,1995.0,181.0,5.0,12.75
Ford Figo Petrol Titanium,Ford,Delhi,2011,9,65000.0,Petrol,Manual,First,15.6,1196.0,70.0,5.0,2.4
Volkswagen Ameo 1.2 MPI Trendline,Volkswagen,Kochi,2018,2,46007.0,Petrol,Manual,First,17.0,1198.0,73.75,5.0,5.71
Ford Ecosport 1.5 DV5 MT Trend,Ford,Kochi,2015,5,65925.0,Diesel,Manual,Second,22.7,1498.0,89.84,5.0,5.49
Honda City 1.3 EXI,Honda,Pune,2004,16,73500.0,Petrol,Manual,Second,13.0,1343.0,90.0,5.0,1.3
Mahindra XUV500 W6 2WD,Mahindra,Kolkata,2014,6,55000.0,Diesel,Manual,First,16.0,2179.0,140.0,7.0,8.5
Toyota Fortuner 4x2 Manual,Toyota,Delhi,2012,8,115000.0,Diesel,Manual,First,13.0,2982.0,168.5,7.0,12.99
Hyundai Grand i10 1.2 Kappa Magna,Hyundai,Kolkata,2017,3,31184.0,Petrol,Manual,First,18.9,1197.0,81.86,5.0,5.0
Maruti Dzire AMT ZDI Plus,Maruti,Pune,2017,3,41747.0,Diesel,Automatic,First,28.4,1248.0,73.75,5.0,9.0
Maruti Swift VDI,Maruti,Kochi,2016,4,38143.0,Diesel,Manual,First,22.9,1248.0,74.0,5.0,5.22
Volkswagen Polo Petrol Highline 1.2L,Volkswagen,Pune,2012,8,19030.0,Petrol,Manual,First,16.47,1198.0,73.9,5.0,3.8
Toyota Etios Liva 1.2 VX Dual Tone,Toyota,Coimbatore,2019,1,20877.0,Petrol,Manual,First,18.16,1197.0,78.9,5.0,7.27
Maruti Swift VXI,Maruti,Mumbai,2016,4,23555.0,Petrol,Manual,First,22.0,1197.0,81.8,5.0,5.1
Mercedes-Benz E-Class 2009-2013 E250 CDI Elegance,Mercedes-Benz,Bangalore,2013,7,29000.0,Diesel,Automatic,First,14.21,2143.0,203.0,5.0,29.0
Maruti Wagon R VXI,Maruti,Pune,2013,7,61000.0,Petrol,Manual,First,18.9,998.0,67.1,5.0,2.9
Tata Nano Lx BSIV,Tata,Kochi,2012,8,4187.0,Petrol,Manual,First,26.0,624.0,35.0,4.0,1.38
Skoda Laura 1.8 TSI Ambiente,Skoda,Bangalore,2011,9,46000.0,Petrol,Manual,First,13.4,1798.0,157.8,5.0,5.5
Volkswagen Polo GT TSI,Volkswagen,Mumbai,2016,4,28000.0,Petrol,Automatic,First,17.21,1197.0,103.5,5.0,7.25
Hyundai Verna 1.6 SX,Hyundai,Coimbatore,2014,6,83558.0,Diesel,Manual,First,22.32,1582.0,126.32,5.0,6.98
Tata Bolt Quadrajet XE,Tata,Hyderabad,2017,3,40000.0,Diesel,Manual,First,22.95,1248.0,74.0,5.0,5.25
Hyundai EON D Lite Plus,Hyundai,Kolkata,2013,7,36000.0,Petrol,Manual,First,21.1,814.0,55.2,5.0,1.95
Audi A4 2.0 TDI 177 Bhp Premium Plus,Audi,Bangalore,2014,6,21000.0,Diesel,Automatic,First,17.11,1968.0,174.33,5.0,24.5
Toyota Innova 2.5 GX (Diesel) 7 Seater,Toyota,Kochi,2013,7,62162.0,Diesel,Manual,First,12.99,2494.0,100.0,7.0,8.31
Mercedes-Benz M-Class ML 350 CDI,Mercedes-Benz,Hyderabad,2012,8,83000.0,Diesel,Automatic,First,11.74,2987.0,254.8,5.0,36.0
Hyundai Xcent 1.1 CRDi S,Hyundai,Pune,2015,5,58000.0,Diesel,Manual,First,24.4,1120.0,71.0,5.0,5.5
Honda Accord 2.4 AT,Honda,Kochi,2011,9,62332.0,Petrol,Automatic,First,11.7,2354.0,177.6,5.0,5.89
Volkswagen Vento 1.5 TDI Highline,Volkswagen,Kochi,2016,4,50867.0,Diesel,Manual,First,20.34,1498.0,103.2,5.0,7.95
Hyundai i20 Sportz Petrol,Hyundai,Mumbai,2010,10,73000.0,Petrol,Manual,First,17.0,1197.0,80.0,5.0,2.75
Hyundai Elantra CRDi SX,Hyundai,Jaipur,2012,8,98008.0,Diesel,Manual,First,22.7,1582.0,126.24,5.0,6.25
Ford Figo Diesel Titanium,Ford,Hyderabad,2015,5,36000.0,Diesel,Manual,First,20.0,1399.0,68.05,5.0,4.95
Hyundai i20 1.2 Magna Executive,Hyundai,Kochi,2019,1,27339.0,Petrol,Manual,First,18.6,1197.0,81.83,5.0,6.27
Hyundai Verna 1.6 CRDi SX,Hyundai,Kolkata,2017,3,25000.0,Diesel,Manual,First,23.9,1582.0,126.2,5.0,8.65
Hyundai Grand i10 Asta,Hyundai,Kolkata,2014,6,37000.0,Petrol,Manual,First,18.9,1197.0,82.0,5.0,3.5
Audi Q5 2.0 TDI,Audi,Hyderabad,2015,5,56000.0,Diesel,Automatic,First,14.16,1968.0,174.3,5.0,35.0
Maruti Swift Dzire ZXi,Maruti,Kolkata,2015,5,27000.0,Petrol,Manual,First,17.5,1298.0,85.8,5.0,4.45
Hyundai i20 Magna,Hyundai,Kolkata,2012,8,37000.0,Petrol,Manual,First,18.5,1197.0,80.0,5.0,2.65
Mahindra KUV 100 mFALCON D75 K4 Plus 5str,Mahindra,Kolkata,2017,3,10500.0,Diesel,Manual,First,25.32,1198.0,77.0,5.0,4.7
Hyundai Elantra 1.6 SX Option AT,Hyundai,Ahmedabad,2014,6,49000.0,Diesel,Automatic,First,18.23,1582.0,126.2,5.0,8.9
Jeep Compass 2.0 Limited Option Black,Jeep,Mumbai,2017,3,7000.0,Diesel,Manual,First,17.1,1956.0,170.0,5.0,17.45
Maruti Vitara Brezza VDi Option,Maruti,Coimbatore,2017,3,71256.0,Diesel,Manual,First,24.3,1248.0,88.5,5.0,9.58
Toyota Corolla Altis 1.8 GL,Toyota,Kochi,2012,8,83184.0,Petrol,Manual,First,14.28,1798.0,138.03,5.0,6.22
Mahindra XUV500 W8 2WD,Mahindra,Kolkata,2013,7,87284.0,Diesel,Manual,First,15.1,2179.0,140.0,7.0,7.8
BMW X1 xDrive 20d xLine,BMW,Mumbai,2016,4,7000.0,Diesel,Automatic,First,20.68,1995.0,190.0,5.0,27.75
Hyundai i20 Magna 1.4 CRDi,Hyundai,Pune,2015,5,29000.0,Diesel,Manual,Second,22.54,1396.0,88.73,5.0,7.0
Mercedes-Benz GLE 350d,Mercedes-Benz,Coimbatore,2017,3,33552.0,Diesel,Automatic,First,11.57,2987.0,254.79,5.0,64.87
Chevrolet Cruze LTZ,Chevrolet,Bangalore,2013,7,64000.0,Diesel,Manual,Second,17.3,1998.0,163.7,5.0,6.5
Hyundai i20 1.2 Magna,Hyundai,Jaipur,2011,9,82000.0,Petrol,Manual,Second,18.5,1197.0,80.0,5.0,2.7
Honda Brio S MT,Honda,Mumbai,2012,8,70000.0,Petrol,Manual,Second,19.4,1198.0,86.8,5.0,2.5
Nissan Evalia 2013 XL,Nissan,Hyderabad,2013,7,166194.0,Diesel,Manual,First,19.3,1461.0,84.8,7.0,3.9
Volkswagen Polo Petrol Trendline 1.2L,Volkswagen,Delhi,2015,5,58000.0,Petrol,Manual,First,16.47,1198.0,73.9,5.0,3.95
Hyundai i10 Sportz 1.2,Hyundai,Chennai,2010,10,77000.0,Petrol,Manual,Second,20.36,1197.0,78.9,5.0,2.1
Chevrolet Cruze LTZ AT,Chevrolet,Pune,2009,11,73204.0,Diesel,Automatic,Third,18.1,1991.0,147.9,4.0,3.5
Hyundai i10 Era,Hyundai,Hyderabad,2007,13,70000.0,Petrol,Manual,Second,19.81,1086.0,68.05,5.0,2.0
Maruti Ertiga VDI,Maruti,Delhi,2014,6,79870.0,Diesel,Manual,First,20.77,1248.0,88.76,7.0,5.35
Honda Amaze S i-Dtech,Honda,Delhi,2013,7,90000.0,Diesel,Manual,First,25.8,1498.0,98.6,5.0,3.8
Mercedes-Benz A Class A180 Sport,Mercedes-Benz,Mumbai,2016,4,17000.0,Petrol,Automatic,First,15.5,1595.0,122.0,5.0,17.25
Hyundai Grand i10 1.2 Kappa Magna,Hyundai,Kochi,2018,2,46493.0,Petrol,Manual,First,18.9,1197.0,81.86,5.0,5.53
Hyundai i10 Sportz 1.2,Hyundai,Pune,2009,11,68000.0,Petrol,Manual,Third,20.36,1197.0,78.9,5.0,1.95
Maruti Swift DDiS ZDI Plus,Maruti,Hyderabad,2017,3,2000.0,Diesel,Manual,First,28.4,1248.0,74.0,5.0,8.2
Honda City 1.3 EXI,Honda,Pune,1999,21,140000.0,Petrol,Manual,First,13.0,1343.0,90.0,5.0,0.9
Toyota Innova 2.5 GX (Diesel) 7 Seater,Toyota,Pune,2013,7,255000.0,Diesel,Manual,Third,12.99,2494.0,100.6,7.0,6.5
Mini Cooper Countryman D High,Mini,Coimbatore,2014,6,45535.0,Diesel,Automatic,First,23.8,1998.0,112.0,5.0,19.41
Fiat Linea T-Jet Active,Fiat,Coimbatore,2016,4,39228.0,Petrol,Manual,First,15.7,1368.0,112.4,5.0,6.58
Chevrolet Aveo 1.4 LT,Chevrolet,Mumbai,2011,9,57000.0,Petrol,Manual,Second,14.49,1399.0,92.7,5.0,2.1
Hyundai i10 Era 1.1,Hyundai,Chennai,2008,12,85445.0,Petrol,Manual,Second,19.81,1086.0,68.05,5.0,2.0
Hyundai Xcent 1.1 CRDi Base,Hyundai,Delhi,2015,5,54000.0,Diesel,Manual,First,24.4,1120.0,71.0,5.0,3.7
Maruti Celerio VXI AT,Maruti,Mumbai,2014,6,53000.0,Petrol,Automatic,First,23.1,998.0,67.04,5.0,3.8
Hyundai i10 Sportz,Hyundai,Jaipur,2014,6,60000.0,Petrol,Manual,First,20.36,1197.0,78.9,5.0,3.25
Renault Duster 85PS Diesel RxL,Renault,Coimbatore,2015,5,65668.0,Diesel,Manual,First,19.87,1461.0,83.8,5.0,5.53
BMW 3 Series 320d,BMW,Ahmedabad,2011,9,100000.0,Diesel,Automatic,Second,22.69,1995.0,190.0,5.0,10.9
Hyundai Grand i10 Sportz,Hyundai,Kolkata,2018,2,1800.0,Petrol,Manual,First,18.9,1197.0,82.0,5.0,5.1
Hyundai Santro DX,Hyundai,Hyderabad,2007,13,96000.0,Petrol,Manual,Second,,999.0,,5.0,2.2
Chevrolet Spark 1.0 LS,Chevrolet,Pune,2009,11,44200.0,Petrol,Manual,Second,18.0,995.0,62.0,5.0,1.6
Honda City i VTEC VX Option,Honda,Ahmedabad,2018,2,14000.0,Petrol,Manual,First,17.4,1497.0,117.3,5.0,11.25
Volkswagen Vento Diesel Highline,Volkswagen,Chennai,2013,7,,Diesel,Manual,First,20.54,1598.0,103.6,5.0,5.9
Toyota Fortuner 4x2 4 Speed AT,Toyota,Delhi,2012,8,73000.0,Diesel,Automatic,First,11.5,2982.0,169.0,7.0,14.4
Honda City 1.5 S MT,Honda,Delhi,2011,9,68000.0,Petrol,Manual,First,17.0,1497.0,118.0,5.0,3.6
BMW 5 Series 2013-2017 520d Luxury Line,BMW,Jaipur,2017,3,19543.0,Diesel,Automatic,First,18.12,1995.0,190.0,5.0,40.5
Audi Q5 30 TDI quattro Premium Plus,Audi,Bangalore,2014,6,38000.0,Diesel,Automatic,Second,14.16,1968.0,174.3,5.0,38.95
Maruti Ritz LDi,Maruti,Delhi,2014,6,32805.0,Diesel,Manual,First,23.2,1248.0,73.94,5.0,3.6
Volkswagen Vento 1.5 TDI Highline AT,Volkswagen,Kochi,2016,4,44782.0,Diesel,Automatic,First,21.21,1498.0,103.2,5.0,7.12
Honda City i DTEC SV,Honda,Kochi,2016,4,55700.0,Diesel,Manual,First,26.0,1498.0,98.6,5.0,7.52
Audi A4 New 2.0 TDI Multitronic,Audi,Delhi,2012,8,60000.0,Diesel,Automatic,Second,15.2,1968.0,140.8,5.0,10.35
Skoda Rapid 1.6 MPI Elegance,Skoda,Hyderabad,2014,6,56000.0,Petrol,Manual,First,15.0,1598.0,103.52,5.0,7.0
Toyota Fortuner 3.0 Diesel,Toyota,Delhi,2011,9,60000.0,Diesel,Manual,First,11.5,2982.0,171.0,7.0,10.85
Chevrolet Optra Magnum 2.0 LT BS3,Chevrolet,Mumbai,2010,10,78563.0,Diesel,Manual,First,16.52,1991.0,123.7,5.0,2.35
Maruti Eeco 7 Seater Standard,Maruti,Mumbai,2014,6,34669.0,Petrol,Manual,First,15.1,1196.0,73.0,7.0,2.9
Maruti Ciaz ZXi,Maruti,Delhi,2017,3,17000.0,Petrol,Manual,First,20.73,1373.0,91.1,5.0,7.65
Maruti Ciaz VDi Plus SHVS,Maruti,Delhi,2016,4,66000.0,Diesel,Manual,First,28.09,1248.0,88.5,5.0,6.4
Toyota Innova 2.5 LE 2014 Diesel 7 Seater,Toyota,Pune,2014,6,102418.0,Diesel,Manual,First,12.99,2494.0,100.6,7.0,10.1
Maruti Swift Dzire VXI,Maruti,Kolkata,2014,6,48800.0,Petrol,Manual,First,19.1,1197.0,85.8,5.0,4.25
Toyota Innova Crysta 2.8 GX AT,Toyota,Kochi,2019,1,10601.0,Diesel,Automatic,First,11.36,2755.0,171.5,7.0,19.65
Tata Indica V2 eLX,Tata,Pune,2017,3,8200.0,Diesel,Manual,First,25.0,1396.0,69.0,5.0,4.4
Hyundai i20 Magna,Hyundai,Jaipur,2012,8,100000.0,Petrol,Manual,First,18.5,1197.0,82.85,5.0,3.25
Ford Fiesta 1.4 Duratorq ZXI,Ford,Pune,2012,8,78000.0,Diesel,Manual,First,17.8,1399.0,68.0,5.0,2.8
Chevrolet Enjoy 1.3 TCDi LS 8,Chevrolet,Kolkata,2015,5,50000.0,Diesel,Manual,First,18.2,1248.0,73.74,8.0,4.3
Ford Fiesta 1.4 Duratorq EXI,Ford,Chennai,2006,14,89327.0,Diesel,Manual,Third,17.8,1399.0,68.0,5.0,1.55
Honda CR-V 2.4 MT,Honda,Chennai,2007,13,98000.0,Petrol,Manual,Second,10.8,2354.0,152.0,5.0,4.7
Honda Jazz 1.2 VX i VTEC,Honda,Kochi,2017,3,24700.0,Petrol,Manual,First,18.7,1199.0,88.7,5.0,7.07
Mercedes-Benz GLS 350d Grand Edition,Mercedes-Benz,Delhi,2018,2,6000.0,Diesel,Automatic,First,11.0,2987.0,258.0,7.0,79.0
Hyundai Grand i10 1.2 Kappa Sportz,Hyundai,Delhi,2018,2,9434.0,Petrol,Manual,First,18.9,1197.0,81.86,5.0,5.75
Maruti Ritz VXi,Maruti,Mumbai,2012,8,29000.0,Petrol,Manual,First,18.5,1197.0,85.8,5.0,3.25
Volkswagen Ameo 1.5 TDI Highline AT,Volkswagen,Coimbatore,2017,3,22440.0,Diesel,Automatic,First,22.0,1498.0,108.495,5.0,8.89
Honda City i VTEC SV,Honda,Mumbai,2015,5,73070.0,Petrol,Manual,First,17.4,1497.0,117.3,5.0,5.9
Honda Jazz 1.2 S i VTEC,Honda,Kolkata,2016,4,21771.0,Petrol,Manual,First,18.7,1199.0,88.7,5.0,4.95
Maruti Swift Ldi BSIV,Maruti,Delhi,2014,6,62000.0,Diesel,Manual,First,17.8,1248.0,75.0,5.0,3.75
Hyundai Creta 1.6 CRDi AT SX Plus,Hyundai,Kochi,2017,3,37024.0,Diesel,Automatic,First,17.01,1582.0,126.2,5.0,10.97
Audi A7 2011-2015 3.0 TDI Quattro,Audi,Kochi,2014,6,60336.0,Diesel,Automatic,Second,14.4,2967.0,241.4,5.0,24.94
Hyundai EON D Lite Plus,Hyundai,Kolkata,2014,6,26008.0,Petrol,Manual,First,21.1,814.0,55.2,5.0,1.97
Ford Figo Diesel EXI,Ford,Jaipur,2010,10,90000.0,Diesel,Manual,Second,20.0,1399.0,68.0,5.0,1.4
Volkswagen Ameo 1.2 MPI Highline,Volkswagen,Coimbatore,2018,2,35569.0,Petrol,Manual,First,17.0,1198.0,73.75,5.0,7.27
Renault Scala Diesel RxL,Renault,Kolkata,2013,7,40000.0,Diesel,Manual,First,21.64,1461.0,84.8,5.0,4.0
Honda Jazz 1.2 V i VTEC,Honda,Kolkata,2015,5,45000.0,Petrol,Manual,First,18.7,1199.0,88.7,5.0,4.75
Hyundai i20 1.2 Sportz,Hyundai,Delhi,2015,5,42000.0,Petrol,Manual,First,17.0,1197.0,80.0,5.0,5.1
Audi A4 3.0 TDI Quattro Premium,Audi,Coimbatore,2012,8,46913.0,Diesel,Automatic,First,14.94,2967.0,241.4,5.0,16.11
Mahindra Ssangyong Rexton RX7,Mahindra,Delhi,2014,6,62000.0,Diesel,Automatic,First,11.18,2696.0,184.0,7.0,10.55
Toyota Fortuner 2.8 2WD AT,Toyota,Ahmedabad,2017,3,15000.0,Diesel,Automatic,First,12.9,2755.0,174.5,7.0,30.0
Skoda Octavia Classic 1.9 TDI MT,Skoda,Kolkata,2002,18,69000.0,Diesel,Manual,First,18.7,1896.0,66.0,5.0,1.6
Mercedes-Benz New C-Class 250 CDI Classic,Mercedes-Benz,Hyderabad,2012,8,41367.0,Diesel,Automatic,First,15.8,2148.0,170.0,5.0,18.49
Maruti Ciaz 1.4 Zeta,Maruti,Kochi,2018,2,15982.0,Petrol,Manual,First,20.73,1373.0,91.1,5.0,9.96
Maruti Swift ZDi,Maruti,Hyderabad,2013,7,99595.0,Diesel,Manual,Second,22.9,1248.0,74.0,5.0,4.75
Toyota Qualis FS B3,Toyota,Bangalore,2002,18,63000.0,Diesel,Manual,Third,13.1,2446.0,75.0,10.0,3.65
BMW 5 Series 2007-2010 525d Sedan,BMW,Delhi,2012,8,49000.0,Diesel,Automatic,Second,16.73,2495.0,218.0,5.0,15.5
Mitsubishi Pajero 2.8 SFX BSIII Dual Tone,Mitsubishi,Kochi,2013,7,48272.0,Diesel,Manual,First,10.5,2835.0,116.9,6.0,11.82
Toyota Corolla H2,Toyota,Delhi,2008,12,63000.0,Petrol,Manual,First,13.4,1794.0,125.0,5.0,2.05
Maruti Wagon R LXI CNG,Maruti,Ahmedabad,2016,4,77000.0,CNG,Manual,First,26.6,998.0,58.16,5.0,3.3
Maruti Omni E MPI STD BS IV,Maruti,Mumbai,2013,7,11734.0,Petrol,Manual,First,16.8,796.0,34.2,8.0,2.25
Audi A6 2011-2015 2.0 TDI,Audi,Kochi,2014,6,62012.0,Diesel,Automatic,First,17.68,1968.0,174.33,5.0,20.12
Hyundai Xcent 1.2 Kappa S Option CNG,Hyundai,Chennai,2017,3,46000.0,CNG,Manual,First,25.0,1197.0,81.86,5.0,4.95
Honda Jazz 1.5 S i DTEC,Honda,Coimbatore,2016,4,45449.0,Diesel,Manual,First,27.3,1498.0,98.6,5.0,7.48
Mercedes-Benz E-Class 200 Kompressor Elegance,Mercedes-Benz,Mumbai,2004,16,85000.0,Petrol,Automatic,Second,10.5,1796.0,157.7,5.0,5.5
Honda City 1.5 EXI,Honda,Jaipur,2005,15,88000.0,Petrol,Manual,Second,13.0,1493.0,100.0,,1.7
Audi A4 2.0 TDI,Audi,Kochi,2013,7,45330.0,Diesel,Automatic,First,16.55,1968.0,147.51,5.0,13.19
Maruti Swift Dzire VXI,Maruti,Mumbai,2012,8,88000.0,Petrol,Manual,First,19.1,1197.0,85.8,5.0,3.85
Maruti Dzire VDI,Maruti,Delhi,2016,4,45376.0,Diesel,Manual,First,28.4,1248.0,73.75,5.0,5.75
Mahindra XUV500 W8 4WD,Mahindra,Pune,2014,6,81000.0,Diesel,Manual,First,15.1,2179.0,140.0,7.0,9.0
Chevrolet Beat LT,Chevrolet,Kochi,2012,8,83381.0,Petrol,Manual,First,18.6,1199.0,79.4,5.0,2.21
Ford EcoSport 1.5 Diesel Titanium Plus,Ford,Kochi,2017,3,78526.0,Diesel,Manual,First,23.0,1498.0,98.96,5.0,8.09
BMW 5 Series 2013-2017 530d M Sport,BMW,Coimbatore,2017,3,27313.0,Diesel,Automatic,First,14.69,2993.0,258.0,5.0,48.63
Audi Q5 30 TDI quattro Premium Plus,Audi,Coimbatore,2015,5,42747.0,Diesel,Automatic,Second,14.16,1968.0,174.3,5.0,39.47
BMW X1 sDrive 20d xLine,BMW,Coimbatore,2015,5,42265.0,Diesel,Automatic,Second,20.68,1995.0,190.0,5.0,22.24
Hyundai i10 Magna AT,Hyundai,Mumbai,2009,11,21000.0,Petrol,Automatic,First,19.2,1197.0,80.0,5.0,2.6
Hyundai Creta 1.6 CRDi AT SX Plus,Hyundai,Ahmedabad,2016,4,55100.0,Diesel,Automatic,First,17.01,1582.0,126.2,5.0,12.0
Audi A4 2.0 TDI 177 Bhp Premium Plus,Audi,Chennai,2014,6,70000.0,Diesel,Automatic,First,17.11,1968.0,174.33,5.0,18.0
Mercedes-Benz S Class 2005 2013 S 350 L,Mercedes-Benz,Mumbai,2007,13,55000.0,Petrol,Automatic,Third,10.13,3498.0,364.9,5.0,9.99
Hyundai i10 Magna,Hyundai,Kolkata,2012,8,58235.0,Petrol,Manual,First,20.36,1197.0,78.9,5.0,2.45
Ford EcoSport 1.5 Diesel Titanium,Ford,Mumbai,2017,3,26000.0,Diesel,Manual,First,23.0,1498.0,98.96,5.0,8.99
Volkswagen Vento Diesel Highline,Volkswagen,Kolkata,2011,9,35000.0,Diesel,Manual,First,20.54,1598.0,103.6,5.0,3.15
Maruti Dzire ZDI Plus,Maruti,Jaipur,2017,3,24000.0,Diesel,Manual,First,28.4,1248.0,73.75,5.0,8.2
Mahindra Scorpio 1.99 S10,Mahindra,Ahmedabad,2016,4,98000.0,Diesel,Manual,First,15.4,1997.0,120.0,7.0,11.5
Hyundai i20 Asta 1.4 CRDi,Hyundai,Coimbatore,2016,4,44487.0,Diesel,Manual,First,22.54,1396.0,88.73,5.0,7.3
Maruti Alto LXi,Maruti,Chennai,2008,12,65000.0,Petrol,Manual,First,19.7,796.0,46.3,5.0,1.59
Hyundai i10 Magna,Hyundai,Delhi,2015,5,34951.0,Petrol,Manual,Second,20.36,1197.0,78.9,5.0,3.15
Mahindra Scorpio S6 7 Seater,Mahindra,Kolkata,2015,5,52373.0,Diesel,Manual,Second,15.4,2179.0,120.0,7.0,8.5
Skoda Fabia 1.2L Diesel Classic,Skoda,Hyderabad,2010,10,66285.0,Diesel,Manual,First,19.5,1199.0,75.0,5.0,3.0
BMW X5 xDrive 30d,BMW,Mumbai,2012,8,66000.0,Diesel,Automatic,First,15.3,2993.0,258.0,5.0,21.0
Honda Jazz 1.5 S i DTEC,Honda,Hyderabad,2016,4,43000.0,Diesel,Manual,First,27.3,1498.0,98.6,5.0,7.75
Mercedes-Benz E-Class 2009-2013 E 220 CDI Avantgarde,Mercedes-Benz,Mumbai,2013,7,45200.0,Diesel,Automatic,First,10.0,2148.0,170.0,5.0,23.0
Mahindra XUV500 AT W10 FWD,Mahindra,Mumbai,2016,4,41000.0,Diesel,Automatic,First,16.0,2179.0,140.0,7.0,13.75
Honda City i VTEC CVT SV,Honda,Kochi,2017,3,39430.0,Petrol,Automatic,First,18.0,1497.0,117.3,5.0,8.29
Maruti Swift VDI,Maruti,Coimbatore,2014,6,83274.0,Diesel,Manual,First,22.9,1248.0,74.0,5.0,5.79
Mercedes-Benz New C-Class 220 CDI AT,Mercedes-Benz,Coimbatore,2017,3,32324.0,Diesel,Automatic,First,14.84,2143.0,170.0,5.0,30.5
Honda City 1.5 S MT,Honda,Mumbai,2011,9,49999.0,Petrol,Manual,First,17.0,1497.0,118.0,5.0,3.8
Tata Sumo EX,Tata,Bangalore,2014,6,66000.0,Diesel,Manual,First,15.3,2956.0,83.8,7.0,4.45
Hyundai i20 Magna,Hyundai,Delhi,2012,8,54000.0,Petrol,Manual,First,18.5,1197.0,82.85,5.0,3.3
Fiat Linea 1.3 Dynamic,Fiat,Jaipur,2009,11,80000.0,Diesel,Manual,Second,20.4,1248.0,91.2,5.0,1.75
Honda Civic 2006-2010 1.8 V AT,Honda,Bangalore,2011,9,72000.0,Petrol,Automatic,Second,12.9,1799.0,130.0,5.0,5.5
Hyundai Creta 1.6 SX Plus Diesel,Hyundai,Pune,2017,3,44865.0,Diesel,Manual,First,19.67,1582.0,126.2,5.0,13.35
Audi A3 35 TDI Technology,Audi,Delhi,2017,3,22000.0,Diesel,Automatic,Second,20.38,1968.0,143.0,5.0,22.5
Hyundai Verna VTVT 1.6 SX Option,Hyundai,Delhi,2013,7,57478.0,Petrol,Manual,Second,17.0,1591.0,121.3,5.0,5.25
Hyundai i20 1.4 CRDi Magna,Hyundai,Hyderabad,2011,9,75000.0,Diesel,Manual,First,21.9,1396.0,90.0,5.0,3.75
Honda Mobilio S i DTEC,Honda,Kochi,2015,5,50624.0,Diesel,Manual,First,24.2,1498.0,98.6,7.0,6.32
Hyundai Verna 1.6 SX CRDI (O) AT,Hyundai,Bangalore,2018,2,75000.0,Diesel,Automatic,First,22.32,1582.0,126.32,5.0,7.75
Ford Fiesta 1.6 ZXI Duratec,Ford,Chennai,2006,14,87000.0,Petrol,Manual,Second,15.3,1596.0,101.0,5.0,1.37
Hyundai i10 Sportz 1.2,Hyundai,Mumbai,2010,10,62000.0,Petrol,Manual,First,20.36,1197.0,78.9,5.0,2.1
Maruti Vitara Brezza ZDi,Maruti,Hyderabad,2016,4,41372.0,Diesel,Manual,First,24.3,1248.0,88.5,5.0,9.3
Toyota Innova 2.5 VX (Diesel) 7 Seater,Toyota,Ahmedabad,2015,5,70000.0,Diesel,Manual,First,12.99,2494.0,100.6,7.0,12.0
Mercedes-Benz GLA Class 200 d Sport,Mercedes-Benz,Pune,2017,3,35000.0,Diesel,Automatic,First,17.9,2143.0,136.0,5.0,23.5
Maruti Alto LXi BSIII,Maruti,Hyderabad,2006,14,71993.0,Petrol,Manual,First,19.7,796.0,46.3,5.0,1.8
Mercedes-Benz New C-Class C 220 CDI Elegance AT,Mercedes-Benz,Chennai,2013,7,62000.0,Diesel,Automatic,Second,14.84,2143.0,170.0,5.0,12.5
Maruti Swift LDI,Maruti,Delhi,2015,5,51000.0,Diesel,Manual,First,22.9,1248.0,74.0,5.0,4.74
Hyundai Grand i10 Sportz,Hyundai,Kochi,2016,4,26038.0,Petrol,Manual,First,18.9,1197.0,82.0,5.0,5.43
Toyota Fortuner 4x4 AT,Toyota,Kochi,2018,2,37713.0,Diesel,Automatic,Second,12.55,2982.0,168.5,7.0,31.62
Toyota Innova 2.0 GX 8 STR,Toyota,Kolkata,2011,9,78088.0,Petrol,Manual,First,12.4,1998.0,132.0,8.0,6.3
Ford EcoSport 1.5 TDCi Titanium,Ford,Kochi,2017,3,30453.0,Diesel,Manual,First,22.77,1498.0,98.59,5.0,8.45
Ford Figo 1.2P Titanium MT,Ford,Pune,2016,4,54000.0,Petrol,Manual,First,18.16,1196.0,86.8,5.0,5.0
Toyota Fortuner 3.0 Diesel,Toyota,Chennai,2011,9,190000.0,Diesel,Manual,First,11.5,2982.0,171.0,7.0,13.0
Maruti Swift Dzire VXI,Maruti,Hyderabad,2012,8,65097.0,Petrol,Manual,First,19.1,1197.0,85.8,5.0,4.7
BMW 7 Series 740Li,BMW,Coimbatore,2018,2,28060.0,Petrol,Automatic,First,12.05,2979.0,320.0,5.0,93.67
Skoda Superb 1.8 TSI MT,Skoda,Pune,2012,8,282000.0,Petrol,Manual,First,13.14,1798.0,160.0,5.0,3.3
Maruti Wagon R LXI Minor,Maruti,Jaipur,2009,11,111000.0,Petrol,Manual,Second,18.9,1061.0,67.0,5.0,1.51
Renault Duster 110PS Diesel RxZ,Renault,Kochi,2013,7,63295.0,Diesel,Manual,First,19.01,1461.0,108.45,5.0,6.09
Maruti Ciaz VXi Plus,Maruti,Mumbai,2015,5,35770.0,Petrol,Manual,First,20.73,1373.0,91.1,5.0,5.95
Hyundai Elantra CRDi SX,Hyundai,Hyderabad,2012,8,125928.0,Diesel,Manual,First,22.7,1582.0,126.24,5.0,9.0
Skoda Rapid 1.5 TDI AT Elegance,Skoda,Kolkata,2015,5,45000.0,Diesel,Automatic,First,21.66,1498.0,103.52,5.0,4.25
Mercedes-Benz New C-Class C 220 CDI Elegance AT,Mercedes-Benz,Hyderabad,2013,7,21000.0,Diesel,Automatic,First,14.84,2143.0,170.0,5.0,23.5
Honda Accord 2.4 A/T,Honda,Mumbai,2011,9,54774.0,Petrol,Automatic,First,11.7,2354.0,177.6,5.0,6.35
Maruti Celerio VXI,Maruti,Chennai,2014,6,41123.0,Petrol,Manual,First,23.1,998.0,67.04,5.0,3.4
BMW 7 Series 740Li,BMW,Bangalore,2017,3,17465.0,Petrol,Automatic,First,12.05,2979.0,320.0,5.0,93.0
BMW 3 Series 320d Sport,BMW,Chennai,2014,6,48000.0,Diesel,Automatic,First,22.69,1995.0,190.0,5.0,21.6
Volkswagen Vento Diesel Trendline,Volkswagen,Chennai,2011,9,173000.0,Diesel,Manual,First,20.54,1598.0,103.6,5.0,4.0
Maruti Swift Dzire Tour LDI,Maruti,Pune,2018,2,12000.0,Diesel,Manual,First,23.4,1248.0,74.0,5.0,5.5
Land Rover Freelander 2 SE,Land,Mumbai,2012,8,34000.0,Diesel,Automatic,First,12.39,2179.0,147.51,5.0,19.25
Hyundai i20 1.4 CRDi Magna,Hyundai,Hyderabad,2012,8,71360.0,Diesel,Manual,First,21.9,1396.0,90.0,5.0,3.95
Maruti Dzire VDI,Maruti,Mumbai,2012,8,74000.0,Diesel,Manual,Second,28.4,1248.0,73.75,5.0,4.25
Jeep Compass 2.0 Longitude,Jeep,Kochi,2018,2,28937.0,Diesel,Manual,First,17.1,1956.0,170.0,5.0,17.02
Maruti Ertiga VDI,Maruti,Hyderabad,2012,8,82085.0,Diesel,Manual,First,20.77,1248.0,88.76,7.0,6.5
Ford Figo Petrol ZXI,Ford,Bangalore,2011,9,68465.0,Petrol,Manual,First,15.6,1196.0,70.0,5.0,2.95
Toyota Corolla Altis 1.4 DG,Toyota,Coimbatore,2013,7,63854.0,Diesel,Manual,First,21.43,1364.0,86.79,5.0,7.12
Maruti Vitara Brezza ZDi Plus AMT Dual Tone,Maruti,Chennai,2018,2,3000.0,Diesel,Automatic,First,24.3,1248.0,88.5,5.0,11.25
Honda City 1.5 S MT,Honda,Delhi,2009,11,65055.0,Petrol,Manual,First,17.0,1497.0,118.0,5.0,2.75
Mahindra Scorpio S10 4WD,Mahindra,Hyderabad,2015,5,120000.0,Diesel,Manual,First,15.4,2179.0,120.0,7.0,12.0
Hyundai Xcent 1.2 VTVT SX,Hyundai,Mumbai,2014,6,64241.0,Petrol,Manual,First,20.14,1197.0,81.86,5.0,3.67
Mercedes-Benz E-Class 220 CDI,Mercedes-Benz,Pune,2001,19,121000.0,Diesel,Manual,First,15.0,2148.0,,5.0,5.0
Mahindra Renault Logan 1.4 GLX Petrol,Mahindra,Pune,2008,12,2200.0,Petrol,Manual,First,15.7,1390.0,75.0,5.0,2.3
Skoda Octavia 1.9 TDI,Skoda,Pune,2008,12,88123.0,Diesel,Manual,First,18.7,1896.0,66.0,5.0,2.2
Mercedes-Benz GL-Class 2007 2012 350 CDI Luxury,Mercedes-Benz,Pune,2014,6,79000.0,Diesel,Automatic,First,12.0,2987.0,224.0,7.0,41.0
BMW X1 sDrive 20d xLine,BMW,Bangalore,2016,4,28143.0,Diesel,Automatic,First,20.68,1995.0,190.0,5.0,28.5
Volkswagen Vento 2013-2015 1.6 Comfortline,Volkswagen,Mumbai,2015,5,23001.0,Petrol,Manual,First,15.04,1598.0,103.2,5.0,5.49
Audi A4 2.0 TDI,Audi,Ahmedabad,2013,7,82002.0,Diesel,Automatic,Second,16.55,1968.0,147.51,5.0,17.5
Ford Ikon 1.4 TDCi DuraTorq,Ford,Bangalore,2009,11,75000.0,Diesel,Manual,First,13.8,1399.0,68.0,5.0,1.99
Hyundai Verna 1.6 CRDi EX MT,Hyundai,Kochi,2016,4,37451.0,Diesel,Manual,First,22.32,1582.0,126.3,5.0,6.64
Toyota Innova Crysta 2.4 VX MT,Toyota,Hyderabad,2017,3,67000.0,Diesel,Manual,First,13.68,2393.0,147.8,7.0,16.5
Hyundai Grand i10 Asta Option,Hyundai,Pune,2016,4,25000.0,Petrol,Manual,First,18.9,1197.0,82.0,5.0,5.0
Volkswagen Ameo 1.2 MPI Comfortline,Volkswagen,Mumbai,2017,3,12000.0,Petrol,Manual,First,17.0,1198.0,73.75,5.0,5.4
Renault KWID RXT,Renault,Kolkata,2017,3,25000.0,Petrol,Manual,First,25.17,799.0,53.3,5.0,2.99
Honda City 1.5 S MT,Honda,Jaipur,2011,9,95936.0,Petrol,Manual,First,17.0,1497.0,118.0,5.0,4.1
Hyundai Grand i10 1.2 Kappa Magna AT,Hyundai,Kochi,2018,2,5354.0,Petrol,Automatic,First,18.9,1197.0,81.86,5.0,6.76
Volkswagen Polo 1.0 MPI Comfortline,Volkswagen,Chennai,2016,4,42000.0,Petrol,Manual,Second,18.78,999.0,75.0,5.0,5.5
Maruti Swift VDI BSIV,Maruti,Coimbatore,2014,6,44282.0,Diesel,Manual,First,25.2,1248.0,74.0,5.0,5.99
Nissan Sunny 2011-2014 Diesel XV,Nissan,Delhi,2012,8,70000.0,Diesel,Manual,First,21.64,1461.0,84.8,5.0,2.59
Jaguar XF 2.2 Litre Luxury,Jaguar,Mumbai,2013,7,31400.0,Diesel,Automatic,First,16.36,2179.0,187.7,5.0,26.75
Maruti Ciaz ZDi SHVS,Maruti,Pune,2016,4,50000.0,Diesel,Manual,First,28.09,1248.0,88.5,5.0,8.5
Audi Q5 2008-2012 2.0 TDI,Audi,Bangalore,2011,9,53000.0,Diesel,Automatic,First,12.8,1968.0,167.6,5.0,23.0
Ford Figo Petrol ZXI,Ford,Pune,2014,6,21727.0,Petrol,Manual,First,15.6,1196.0,70.02,5.0,3.35
Hyundai Santa Fe 4x4 AT,Hyundai,Bangalore,2012,8,43000.0,Diesel,Automatic,Second,11.72,2199.0,194.3,7.0,10.75
Mahindra Scorpio VLX 2WD AIRBAG BSIV,Mahindra,Kolkata,2013,7,75000.0,Diesel,Manual,First,12.05,2179.0,120.0,8.0,6.29
Renault Duster 110PS Diesel RxL,Renault,Bangalore,2014,6,73557.0,Diesel,Manual,First,19.6,1461.0,108.45,5.0,7.75
Audi A4 New 2.0 TDI Multitronic,Audi,Delhi,2012,8,44555.0,Diesel,Automatic,First,15.2,1968.0,140.8,5.0,13.5
Maruti Eeco 7 Seater Standard,Maruti,Coimbatore,2013,7,54885.0,Petrol,Manual,First,15.1,1196.0,73.0,7.0,3.75
Mahindra Xylo E4,Mahindra,Mumbai,2011,9,76000.0,Diesel,Manual,Second,14.0,2498.0,112.0,7.0,3.75
Maruti Wagon R LXI,Maruti,Jaipur,2006,14,101000.0,Petrol,Manual,Second,18.9,998.0,67.1,5.0,1.5
Maruti Wagon R LXI BSIII,Maruti,Chennai,2005,15,66000.0,Petrol,Manual,First,14.0,1061.0,64.0,5.0,1.45
Maruti SX4 ZXI MT BSIV,Maruti,Coimbatore,2013,7,84360.0,Petrol,Manual,First,15.5,1586.0,103.3,5.0,4.12
Toyota Innova Crysta 2.4 VX MT,Toyota,Mumbai,2016,4,25121.0,Diesel,Manual,First,13.68,2393.0,147.8,7.0,17.11
Toyota Innova 2.5 G (Diesel) 7 Seater,Toyota,Pune,2015,5,100000.0,Diesel,Manual,Second,12.99,2494.0,100.6,7.0,10.25
Volkswagen Polo Diesel Trendline 1.2L,Volkswagen,Kolkata,2011,9,66035.0,Diesel,Manual,First,22.07,1199.0,73.9,5.0,2.49
Toyota Etios G,Toyota,Pune,2015,5,190000.0,Petrol,Manual,Second,16.78,1496.0,88.73,5.0,3.85
Ford Ecosport 1.5 DV5 MT Titanium,Ford,Hyderabad,2014,6,85670.0,Diesel,Manual,First,22.7,1498.0,89.84,5.0,6.25
Hyundai Grand i10 CRDi Magna,Hyundai,Hyderabad,2015,5,35000.0,Diesel,Manual,First,24.0,1120.0,70.0,5.0,4.88
Honda City i VTEC CVT SV,Honda,Mumbai,2016,4,8000.0,Petrol,Automatic,First,18.0,1497.0,117.3,5.0,9.45
Toyota Innova 2.5 G3,Toyota,Hyderabad,2007,13,162000.0,Diesel,Manual,Second,12.8,2494.0,102.0,8.0,4.8
Hyundai EON Era Plus,Hyundai,Kolkata,2012,8,60000.0,Petrol,Manual,First,21.1,814.0,55.2,5.0,1.99
Hyundai i10 Magna 1.2,Hyundai,Hyderabad,2010,10,70600.0,Petrol,Manual,First,20.36,1197.0,78.9,5.0,2.8
Mercedes-Benz E-Class 2009-2013 E 200 CGI Elegance,Mercedes-Benz,Bangalore,2011,9,25000.0,Petrol,Automatic,Second,12.3,1796.0,185.0,5.0,22.0
Mahindra Bolero SLE,Mahindra,Hyderabad,2012,8,75000.0,Diesel,Manual,First,15.96,2523.0,62.1,7.0,4.3
Skoda Laura Ambition 2.0 TDI CR AT,Skoda,Coimbatore,2014,6,85071.0,Diesel,Automatic,First,20.0,1968.0,138.1,5.0,9.75
Maruti Swift ZXI,Maruti,Ahmedabad,2015,5,40000.0,Petrol,Manual,First,20.4,1197.0,81.8,5.0,5.9
Audi A4 2.0 TDI,Audi,Delhi,2013,7,67000.0,Diesel,Automatic,First,16.55,1968.0,147.51,5.0,14.5
Ford Fiesta 1.4 SXi TDCi ABS,Ford,Hyderabad,2009,11,55000.0,Diesel,Manual,Second,17.8,1399.0,68.0,5.0,2.4
Maruti SX4 Vxi BSIII,Maruti,Mumbai,2008,12,62000.0,Petrol,Manual,Second,15.0,1586.0,104.68,5.0,2.11
Hyundai Grand i10 AT Asta,Hyundai,Coimbatore,2017,3,22526.0,Petrol,Automatic,First,18.9,1197.0,82.0,5.0,7.6
Maruti Ritz AT,Maruti,Hyderabad,2012,8,57788.0,Petrol,Automatic,First,17.16,1197.0,85.8,5.0,3.6
Mahindra Scorpio 2.6 CRDe,Mahindra,Jaipur,2013,7,72000.0,Diesel,Manual,First,10.5,2179.0,120.0,8.0,6.0
Mahindra Scorpio S4 7 Seater,Mahindra,Mumbai,2014,6,83128.0,Diesel,Manual,First,15.4,2179.0,120.0,7.0,7.45
Maruti Alto LXi,Maruti,Chennai,2011,9,75000.0,Petrol,Manual,First,19.7,796.0,46.3,5.0,2.1
Renault Duster 110PS Diesel RxZ,Renault,Ahmedabad,2013,7,58000.0,Diesel,Manual,Second,19.01,1461.0,108.45,5.0,5.2
Mahindra Jeep MM 550 PE,Mahindra,Hyderabad,2009,11,26000.0,Diesel,Manual,First,,2498.0,,6.0,6.99
Maruti Ignis 1.2 Alpha,Maruti,Mumbai,2017,3,1000.0,Petrol,Manual,First,20.89,1197.0,81.8,5.0,6.36
Toyota Innova 2.5 ZX Diesel 7 Seater,Toyota,Kochi,2015,5,59751.0,Diesel,Manual,First,12.99,2494.0,100.6,7.0,11.62
BMW 7 Series 730Ld Eminence,BMW,Kochi,2015,5,29966.0,Diesel,Automatic,Second,16.77,2993.0,261.49,5.0,43.6
Hyundai Sonata Embera 2.0L CRDi MT,Hyundai,Kolkata,2009,11,65000.0,Diesel,Manual,Second,13.6,1991.0,142.0,5.0,4.9
Renault Duster Adventure Edition,Renault,Kochi,2015,5,75863.0,Diesel,Manual,First,19.01,1461.0,108.45,5.0,6.7
Maruti Wagon R CNG LXI,Maruti,Mumbai,2013,7,54000.0,CNG,Manual,First,33.54,998.0,67.04,5.0,3.05
Audi A4 2.0 TDI 177 Bhp Technology Edition,Audi,Bangalore,2014,6,24000.0,Diesel,Automatic,First,17.11,1968.0,174.33,5.0,25.0
Jeep Compass 2.0 Longitude,Jeep,Coimbatore,2018,2,33218.0,Diesel,Manual,First,17.1,1956.0,170.0,5.0,19.05
Hyundai Verna 1.4 VTVT,Hyundai,Kolkata,2015,5,33425.0,Petrol,Manual,First,17.43,1396.0,105.5,5.0,4.5
Honda Amaze VX i-Vtech,Honda,Pune,2013,7,47000.0,Petrol,Manual,First,18.0,1198.0,86.7,5.0,4.15
Hyundai Creta 1.6 CRDi SX Option,Hyundai,Chennai,2015,5,41000.0,Diesel,Manual,First,19.67,1582.0,126.2,5.0,11.9
Hyundai i10 Magna 1.1,Hyundai,Delhi,2011,9,62000.0,Petrol,Manual,First,19.81,1086.0,68.05,5.0,2.1
Mahindra TUV 300 T8,Mahindra,Delhi,2016,4,47035.0,Diesel,Manual,First,18.49,1493.0,100.0,7.0,6.95
Maruti Swift Dzire VXi,Maruti,Pune,2008,12,56230.0,Petrol,Manual,Second,17.5,1298.0,85.8,5.0,2.4
Hyundai Accent GLE 1,Hyundai,Chennai,2007,13,55000.0,Petrol,Manual,First,13.2,1495.0,94.0,5.0,2.65
Mahindra XUV500 W8 2WD,Mahindra,Jaipur,2014,6,70669.0,Diesel,Manual,First,15.1,2179.0,140.0,7.0,9.0
Maruti Alto K10 2010-2014 VXI,Maruti,Pune,2012,8,69000.0,Petrol,Manual,First,20.92,998.0,67.1,5.0,2.1
Chevrolet Beat LT,Chevrolet,Pune,2011,9,65000.0,Petrol,Manual,Second,18.6,1199.0,79.4,5.0,2.5
Audi A6 2.7 TDI,Audi,Mumbai,2009,11,30000.0,Diesel,Automatic,First,12.4,2698.0,179.5,5.0,8.95
Mini Cooper 5 DOOR D,Mini,Hyderabad,2017,3,2000.0,Diesel,Automatic,First,20.7,1496.0,113.98,5.0,34.0
Maruti Swift 1.3 LXI,Maruti,Pune,2011,9,24255.0,Petrol,Manual,First,16.1,,,,3.15
Tata Zest Revotron 1.2T XMS,Tata,Chennai,2015,5,40000.0,Petrol,Manual,First,17.57,1193.0,88.7,5.0,4.0
Honda City i DTEC SV,Honda,Kolkata,2014,6,40000.0,Diesel,Manual,First,26.0,1498.0,98.6,5.0,4.45
Chevrolet Beat LT,Chevrolet,Jaipur,2010,10,26000.0,Petrol,Manual,First,18.6,1199.0,79.4,5.0,1.5
Audi A4 2.0 TDI Multitronic,Audi,Jaipur,2011,9,105000.0,Diesel,Automatic,Second,16.55,1968.0,140.0,5.0,14.5
Ford Aspire Titanium Plus Diesel,Ford,Kolkata,2015,5,2800.0,Diesel,Manual,First,26.1,1498.0,99.0,5.0,8.41
Hyundai Verna SX CRDi AT,Hyundai,Mumbai,2014,6,71000.0,Diesel,Automatic,Second,19.08,1582.0,126.32,5.0,5.45
Honda City i VTEC CVT VX,Honda,Mumbai,2015,5,32896.0,Petrol,Automatic,First,18.0,1497.0,117.3,5.0,8.9
Hyundai i10 Sportz 1.2,Hyundai,Hyderabad,2012,8,45000.0,Petrol,Manual,First,20.36,1197.0,78.9,5.0,3.65
BMW X3 xDrive20d Expedition,BMW,Bangalore,2015,5,65000.0,Diesel,Automatic,Second,18.56,1995.0,190.0,5.0,29.0
Audi A4 2.0 TDI,Audi,Mumbai,2013,7,45200.0,Diesel,Automatic,First,16.55,1968.0,147.51,5.0,13.5
Honda CR-V 2.4 AT,Honda,Hyderabad,2008,12,82167.0,Petrol,Automatic,First,10.1,2354.0,152.0,5.0,5.4
Hyundai Grand i10 1.2 Kappa Asta,Hyundai,Coimbatore,2016,4,37429.0,Petrol,Manual,First,18.9,1197.0,81.86,5.0,5.89
Maruti Ciaz ZDi Plus SHVS,Maruti,Hyderabad,2016,4,46000.0,Diesel,Manual,First,28.09,1248.0,88.5,5.0,8.45
Honda City i-VTEC V,Honda,Delhi,2011,9,67031.0,Petrol,Manual,First,17.4,1497.0,117.3,5.0,4.0
BMW 6 Series 640d Coupe,BMW,Mumbai,2013,7,30000.0,Diesel,Automatic,First,9.52,2993.0,313.0,4.0,45.0
Maruti Celerio VXI AMT,Maruti,Mumbai,2016,4,47691.0,Petrol,Automatic,First,23.1,998.0,67.04,5.0,3.94
Renault Koleos 2.0 Diesel,Renault,Jaipur,2011,9,32531.0,Diesel,Automatic,Second,13.73,1995.0,148.0,5.0,8.0
Ford Figo Diesel ZXI,Ford,Hyderabad,2013,7,71336.0,Diesel,Manual,First,20.0,1399.0,68.0,5.0,4.1
Toyota Innova 2.5 V Diesel 7-seater,Toyota,Chennai,2006,14,196000.0,Diesel,Manual,First,12.8,2494.0,102.0,7.0,6.25
Maruti Dzire VDI,Maruti,Kolkata,2015,5,28193.0,Diesel,Manual,First,28.4,1248.0,73.75,5.0,5.25
Mercedes-Benz SLC 43 AMG,Mercedes-Benz,Coimbatore,2019,1,2526.0,Petrol,Automatic,First,19.0,2996.0,362.07,2.0,83.96
Hyundai Santro LP zipPlus,Hyundai,Coimbatore,2004,16,52146.0,Petrol,Manual,First,,,,,1.93
Mercedes-Benz E-Class E 220 d,Mercedes-Benz,Hyderabad,2013,7,85000.0,Diesel,Automatic,First,16.1,1950.0,194.0,5.0,21.0
Hyundai Grand i10 1.2 Kappa Sportz,Hyundai,Ahmedabad,2015,5,20780.0,Petrol,Manual,First,18.9,1197.0,81.86,5.0,4.3
Honda Mobilio S i VTEC,Honda,Mumbai,2014,6,43081.0,Petrol,Manual,First,17.3,1497.0,117.3,7.0,5.25
Porsche Cayenne Turbo S,Porsche,Mumbai,2010,10,35000.0,Petrol,Automatic,Second,11.9,4806.0,550.0,5.0,32.0
Mahindra Quanto C8,Mahindra,Kolkata,2013,7,36000.0,Diesel,Manual,First,17.21,1493.0,100.0,7.0,3.9
Toyota Corolla H5,Toyota,Mumbai,2007,13,67000.0,Petrol,Manual,Third,13.4,1794.0,125.0,5.0,2.2
Mahindra KUV 100 mFALCON D75 K4,Mahindra,Mumbai,2016,4,34079.0,Diesel,Manual,First,25.32,1198.0,77.0,6.0,3.7
BMW 3 Series 2005-2011 325i Sedan,BMW,Coimbatore,2010,10,77849.0,Petrol,Automatic,Second,10.9,2497.0,215.0,5.0,11.27
Maruti Alto 800 LXI,Maruti,Jaipur,2013,7,86000.0,Petrol,Manual,First,22.74,796.0,47.3,5.0,2.41
Audi Q3 35 TDI Quattro Premium,Audi,Pune,2015,5,110000.0,Diesel,Automatic,First,15.73,1968.0,174.33,5.0,19.0
Toyota Etios GD,Toyota,Hyderabad,2015,5,116000.0,Diesel,Manual,Second,23.59,1364.0,67.05,5.0,5.8
Mahindra XUV500 W8 2WD,Mahindra,Coimbatore,2016,4,41840.0,Diesel,Manual,First,15.1,2179.0,140.0,7.0,13.52
Toyota Fortuner 4x2 MT TRD Sportivo,Toyota,Hyderabad,2015,5,19317.0,Diesel,Manual,First,13.0,2982.0,168.7,7.0,24.5
Tata Indigo CS Emax CNG GLX,Tata,Pune,2014,6,41000.0,CNG,Manual,First,24.6,1193.0,55.23,5.0,3.25
Mercedes-Benz GLE 250d,Mercedes-Benz,Kochi,2017,3,25601.0,Diesel,Automatic,First,17.9,2143.0,201.15,5.0,56.73
Hyundai Creta 1.6 CRDi SX,Hyundai,Jaipur,2015,5,83950.0,Diesel,Manual,First,19.67,1582.0,126.2,5.0,9.95
Honda City 1.5 V AT,Honda,Pune,2012,8,60000.0,Petrol,Automatic,First,16.8,1497.0,118.0,5.0,5.5
Audi A4 35 TDI Premium,Audi,Hyderabad,2015,5,50000.0,Diesel,Automatic,First,17.11,1968.0,174.33,5.0,25.0
Maruti Zen VXI,Maruti,Kolkata,2009,11,37000.0,Petrol,Manual,First,17.3,993.0,60.0,5.0,1.0
Maruti Alto LXi,Maruti,Hyderabad,2011,9,76976.0,Petrol,Manual,Second,19.7,796.0,46.3,5.0,2.15
Maruti Baleno Delta Automatic,Maruti,Kochi,2018,2,21684.0,Petrol,Automatic,First,21.4,1197.0,83.1,5.0,7.89
Mahindra XUV500 W10 2WD,Mahindra,Delhi,2015,5,62000.0,Diesel,Manual,First,16.0,2179.0,140.0,7.0,10.25
Ford Freestyle Titanium Petrol,Ford,Mumbai,2007,13,1261.0,Petrol,Manual,First,19.0,1194.0,94.68,5.0,6.0
Hyundai Elite i20 Asta Option,Hyundai,Coimbatore,2017,3,59450.0,Petrol,Manual,First,18.6,1197.0,81.86,5.0,7.53
Mercedes-Benz New C-Class C 220d Avantgarde Edition C,Mercedes-Benz,Coimbatore,2018,2,24465.0,Diesel,Automatic,First,19.27,2143.0,167.62,5.0,39.45
Honda City i VTEC SV,Honda,Delhi,2014,6,55000.0,Petrol,Manual,First,17.8,1497.0,117.3,5.0,5.84
Ford EcoSport 1.5 Ti VCT MT Titanium BE,Ford,Mumbai,2017,3,2000.0,Petrol,Manual,First,18.88,1499.0,110.4,5.0,8.65
Maruti Baleno Alpha 1.2,Maruti,Kochi,2017,3,25040.0,Petrol,Manual,First,21.4,1197.0,83.1,5.0,7.74
Hyundai i10 Sportz,Hyundai,Bangalore,2008,12,84000.0,Petrol,Manual,First,20.36,1197.0,78.9,5.0,2.5
Toyota Innova 2.5 G (Diesel) 8 Seater BS IV,Toyota,Pune,2007,13,170428.0,Diesel,Manual,Second,12.8,2494.0,102.0,8.0,5.7
Maruti Baleno Delta,Maruti,Mumbai,2016,4,12573.0,Petrol,Manual,First,21.4,1197.0,83.1,5.0,5.8
Audi Q7 3.0 TDI Quattro Technology,Audi,Hyderabad,2012,8,88000.0,Diesel,Automatic,First,12.07,2967.0,241.4,7.0,36.5
Hyundai Santa Fe 2WD AT,Hyundai,Delhi,2012,8,86000.0,Diesel,Automatic,Second,13.01,2199.0,194.3,7.0,9.5
Hyundai Santro GLS I - Euro II,Hyundai,Coimbatore,2012,8,51019.0,Petrol,Manual,First,,999.0,,5.0,3.48
Honda City 1.5 V MT Exclusive,Honda,Mumbai,2013,7,45000.0,Petrol,Manual,First,17.0,1497.0,118.0,5.0,4.55
Hyundai i20 1.4 CRDi Magna,Hyundai,Jaipur,2012,8,51000.0,Diesel,Manual,First,21.9,1396.0,90.0,5.0,3.9
Mahindra Bolero SLE BSIII,Mahindra,Pune,2007,13,92000.0,Diesel,Manual,First,13.6,2523.0,63.0,7.0,2.7
Toyota Fortuner 2.8 2WD AT,Toyota,Pune,2017,3,29000.0,Diesel,Automatic,First,12.9,2755.0,174.5,7.0,31.0
BMW 3 Series 2005-2011 325i Sedan,BMW,Bangalore,2009,11,70521.0,Petrol,Automatic,Second,10.9,2497.0,215.0,5.0,10.3
BMW 3 Series 320d Sedan,BMW,Kolkata,2010,10,51000.0,Diesel,Automatic,First,16.07,1995.0,181.0,5.0,7.75
Maruti Wagon R LXI,Maruti,Hyderabad,2012,8,52618.0,Petrol,Manual,First,18.9,998.0,67.1,5.0,3.2
Maruti Ertiga ZDI,Maruti,Delhi,2013,7,68000.0,Diesel,Manual,First,25.47,1248.0,88.5,7.0,4.85
Land Rover Range Rover Evoque 2.0 TD4 Pure,Land,Kochi,2016,4,29022.0,Diesel,Automatic,Second,15.68,1999.0,177.0,5.0,34.08
Maruti Ertiga SHVS VDI,Maruti,Chennai,2017,3,80000.0,Diesel,Manual,First,24.52,1248.0,88.5,7.0,8.1
Tata Indigo CS eVX,Tata,Chennai,2016,4,78000.0,Diesel,Manual,Second,25.0,1396.0,69.01,5.0,2.35
Maruti Alto K10 LXI,Maruti,Pune,2012,8,100000.0,Petrol,Manual,First,20.92,998.0,67.1,5.0,1.8
Hyundai EON D Lite Plus,Hyundai,Coimbatore,2015,5,31412.0,Petrol,Manual,First,21.1,814.0,55.2,5.0,3.42
Ford Endeavour 3.0L 4X4 AT,Ford,Mumbai,2010,10,78000.0,Diesel,Automatic,Second,11.4,2953.0,153.86,7.0,5.34
Ford Endeavour 2.2 Titanium AT 4X2,Ford,Hyderabad,2018,2,14000.0,Diesel,Automatic,First,12.62,2198.0,158.0,7.0,31.99
Volkswagen Vento Diesel Highline,Volkswagen,Bangalore,2011,9,80000.0,Diesel,Manual,First,20.54,1598.0,103.6,5.0,4.75
Maruti Ciaz AT ZXi,Maruti,Mumbai,2014,6,46738.0,Petrol,Automatic,First,19.12,1373.0,91.1,5.0,6.1
Hyundai EON D Lite Plus,Hyundai,Coimbatore,2013,7,54884.0,Petrol,Manual,Second,21.1,814.0,55.2,5.0,3.69
Audi Q5 2.0 TDI Premium Plus,Audi,Delhi,2012,8,74500.0,Diesel,Automatic,Second,14.16,1968.0,174.3,5.0,15.0
Mahindra XUV500 W10 AWD,Mahindra,Coimbatore,2016,4,67472.0,Diesel,Manual,First,16.0,2179.0,140.0,7.0,14.5
Maruti Swift VDI,Maruti,Hyderabad,2013,7,84000.0,Diesel,Manual,First,28.4,1248.0,74.0,5.0,5.65
Maruti Ritz VDi,Maruti,Kolkata,2011,9,77400.0,Diesel,Manual,First,21.1,1248.0,73.9,5.0,2.5
Mercedes-Benz New C-Class C 250 CDI Avantgarde,Mercedes-Benz,Mumbai,2017,3,14470.0,Diesel,Automatic,First,19.71,2143.0,201.15,5.0,38.5
Renault Duster 110PS Diesel RxZ,Renault,Kolkata,2014,6,52108.0,Diesel,Manual,First,19.01,1461.0,108.45,5.0,5.49
Maruti Swift Dzire VXI,Maruti,Kolkata,2013,7,40000.0,Petrol,Manual,First,19.1,1197.0,85.8,5.0,3.55
Toyota Innova 2.5 VX (Diesel) 7 Seater,Toyota,Jaipur,2014,6,105044.0,Diesel,Manual,First,12.99,2494.0,100.6,7.0,10.75
Hyundai Creta 1.6 SX Option,Hyundai,Delhi,2016,4,24347.0,Petrol,Manual,First,15.8,1591.0,121.3,5.0,11.0
Maruti SX4 ZDI,Maruti,Ahmedabad,2014,6,58000.0,Diesel,Manual,First,21.79,1248.0,88.73,5.0,4.5
Mahindra XUV500 W8 2WD,Mahindra,Kochi,2014,6,49663.0,Diesel,Manual,First,15.1,2179.0,140.0,7.0,8.42
Honda City i-VTEC CVT VX,Honda,Mumbai,2017,3,17000.0,Petrol,Automatic,First,18.0,1497.0,117.3,5.0,11.6
Jaguar XF 2.2 Litre Luxury,Jaguar,Kochi,2016,4,13418.0,Diesel,Automatic,First,16.36,2179.0,187.7,5.0,33.63
Ford Fiesta 1.4 SXi TDCi ABS,Ford,Pune,2008,12,117080.0,Diesel,Manual,Third,17.8,1399.0,68.0,5.0,2.25
BMW 5 Series 523i Sedan,BMW,Mumbai,2010,10,74000.0,Petrol,Automatic,First,10.8,2497.0,150.0,5.0,12.95
Maruti Swift VDI BSIV W ABS,Maruti,Hyderabad,2010,10,86514.0,Diesel,Manual,First,17.8,1248.0,,5.0,4.25
Audi A6 2011-2015 2.0 TDI Premium Plus,Audi,Coimbatore,2014,6,66882.0,Diesel,Automatic,First,17.68,1968.0,174.33,5.0,25.02
Honda Brio 1.2 VX MT,Honda,Kochi,2014,6,41460.0,Petrol,Manual,First,18.5,1198.0,86.8,5.0,3.95
Honda City 1.5 V AT,Honda,Mumbai,2011,9,57000.0,Petrol,Automatic,First,16.8,1497.0,118.0,5.0,4.4
Volkswagen Polo Petrol Comfortline 1.2L,Volkswagen,Bangalore,2015,5,34010.0,Petrol,Manual,Third,16.47,1198.0,73.9,5.0,4.95
Mahindra Scorpio SLE BSIII,Mahindra,Pune,2010,10,96813.0,Diesel,Manual,Second,12.05,2179.0,120.0,8.0,5.5
Honda City V MT,Honda,Mumbai,2011,9,84000.0,Petrol,Manual,First,16.8,1497.0,116.3,5.0,3.25
Skoda Rapid 1.6 MPI Elegance,Skoda,Kochi,2013,7,50004.0,Petrol,Manual,First,15.0,1598.0,103.5,5.0,4.02
Mahindra XUV500 W6 2WD,Mahindra,Coimbatore,2016,4,67995.0,Diesel,Manual,First,16.0,2179.0,140.0,7.0,11.73
Volkswagen Jetta 2007-2011 2.0 TDI Trendline,Volkswagen,Chennai,2012,8,55000.0,Diesel,Manual,First,15.0,1896.0,105.0,5.0,9.5
Maruti Baleno Alpha Automatic,Maruti,Hyderabad,2017,3,14900.0,Petrol,Automatic,First,21.4,1197.0,83.1,5.0,8.6
Honda Amaze EX i-Dtech,Honda,Jaipur,2013,7,70961.0,Diesel,Manual,First,25.8,1498.0,98.6,5.0,4.0
Volkswagen Vento 1.6 Highline,Volkswagen,Mumbai,2015,5,40194.0,Petrol,Manual,First,15.04,1598.0,103.2,5.0,5.55
Maruti Alto 800 LXI,Maruti,Hyderabad,2015,5,96000.0,Petrol,Manual,First,22.74,796.0,47.3,5.0,2.5
Land Rover Discovery HSE Luxury 3.0 TD6,Land,Mumbai,2017,3,35000.0,Diesel,Automatic,First,18.0,2993.0,255.0,7.0,41.6
Honda City i VTEC CVT VX,Honda,Delhi,2015,5,50000.0,Petrol,Automatic,First,18.0,1497.0,117.3,5.0,7.41
Nissan Terrano XL 110 PS,Nissan,Mumbai,2014,6,50000.0,Diesel,Manual,First,19.01,1461.0,108.5,5.0,6.5
Maruti Alto LXi,Maruti,Mumbai,2008,12,26299.0,Petrol,Manual,First,19.7,796.0,46.3,5.0,1.2
Toyota Fortuner 2.8 4WD MT,Toyota,Bangalore,2015,5,150386.0,Diesel,Manual,First,14.24,2755.0,174.5,7.0,23.0
Hyundai i20 1.4 CRDi Magna,Hyundai,Kolkata,2012,8,60000.0,Diesel,Manual,First,21.9,1396.0,90.0,5.0,2.74
Ford Figo Diesel Titanium,Ford,Hyderabad,2013,7,65000.0,Diesel,Manual,First,20.0,1399.0,68.0,5.0,3.9
Maruti Vitara Brezza ZDi Plus,Maruti,Ahmedabad,2017,3,80000.0,Diesel,Manual,First,24.3,1248.0,88.5,5.0,8.0
Hyundai Verna 1.6 SX,Hyundai,Chennai,2012,8,92000.0,Diesel,Manual,Third,22.32,1582.0,126.32,5.0,4.0
Hyundai Tucson 2.0 Dual VTVT 2WD AT GL,Hyundai,Mumbai,2016,4,13000.0,Petrol,Automatic,First,12.95,1999.0,152.88,5.0,17.75
Maruti Ritz VDi,Maruti,Coimbatore,2013,7,73278.0,Diesel,Manual,First,21.1,1248.0,73.9,5.0,5.05
Audi A4 2.0 TFSI,Audi,Mumbai,2011,9,38000.0,Petrol,Automatic,First,10.8,1984.0,132.0,5.0,12.0
Mercedes-Benz E-Class E250 CDI Launch Edition,Mercedes-Benz,Kochi,2016,4,46936.0,Diesel,Automatic,First,13.0,2143.0,204.0,5.0,29.6
Renault Duster 85PS Diesel RxE,Renault,Jaipur,2015,5,55000.0,Diesel,Manual,First,19.87,1461.0,83.8,5.0,6.5
Honda Amaze S AT i-Vtech,Honda,Mumbai,2014,6,19000.0,Petrol,Automatic,First,15.5,1198.0,86.7,5.0,4.75
Volvo S60 D4 SUMMUM,Volvo,Coimbatore,2016,4,42259.0,Diesel,Automatic,First,9.0,1984.0,181.0,5.0,24.36
Maruti Swift Dzire 1.2 Lxi BSIV,Maruti,Mumbai,2011,9,14000.0,Petrol,Manual,Second,17.5,1197.0,85.8,5.0,3.2
Maruti Wagon R VXI,Maruti,Kolkata,2016,4,16956.0,Petrol,Manual,First,22.5,998.0,67.04,5.0,3.6
Maruti Omni MPI STD BSIV,Maruti,Coimbatore,2017,3,15473.0,Petrol,Manual,First,16.8,796.0,34.2,5.0,3.58
Maruti SX4 VDI,Maruti,Delhi,2011,9,75000.0,Diesel,Manual,First,21.5,1248.0,88.8,5.0,2.5
Ford Fiesta Titanium 1.5 TDCi,Ford,Ahmedabad,2013,7,96000.0,Diesel,Manual,Second,23.5,1498.0,90.0,5.0,3.5
Toyota Camry Hybrid,Toyota,Delhi,2015,5,25000.0,Petrol,Automatic,First,19.16,2494.0,158.2,5.0,25.0
Maruti Wagon R VXI,Maruti,Mumbai,2010,10,38000.0,Petrol,Manual,Second,22.5,998.0,67.04,5.0,1.75
Mercedes-Benz E-Class E270 CDI,Mercedes-Benz,Bangalore,2005,15,54000.0,Diesel,Automatic,First,11.0,2987.0,198.5,5.0,10.0
Maruti Baleno Zeta Automatic,Maruti,Jaipur,2018,2,4131.0,Petrol,Automatic,First,21.4,1197.0,83.1,5.0,7.75
Honda Jazz 1.2 VX i VTEC,Honda,Hyderabad,2016,4,31700.0,Petrol,Manual,First,18.7,1199.0,88.7,5.0,6.45
Mahindra Scorpio S10 AT 4WD,Mahindra,Pune,2017,3,66988.0,Diesel,Automatic,First,15.4,2179.0,120.0,7.0,10.0
Volkswagen Polo 1.2 MPI Trendline,Volkswagen,Mumbai,2014,6,54230.0,Petrol,Manual,First,16.47,1198.0,74.0,5.0,4.5
Hyundai i20 1.2 Era,Hyundai,Kolkata,2015,5,35000.0,Petrol,Manual,First,17.0,1197.0,80.0,5.0,3.4
Toyota Camry W4 (AT),Toyota,Mumbai,2010,10,62714.0,Petrol,Automatic,First,12.1,2362.0,164.7,5.0,4.5
Maruti Wagon R VXI,Maruti,Hyderabad,2015,5,45295.0,Petrol,Manual,First,18.9,998.0,67.1,5.0,4.3
BMW 5 Series 2013-2017 520d M Sport,BMW,Pune,2018,2,7000.0,Diesel,Automatic,First,18.12,1995.0,190.0,5.0,46.0
Maruti Alto K10 VXI AGS,Maruti,Chennai,2016,4,57000.0,Petrol,Automatic,First,24.07,998.0,67.1,5.0,3.4
Mercedes-Benz New C-Class 220 CDI AT,Mercedes-Benz,Delhi,2013,7,40100.0,Diesel,Automatic,First,14.84,2143.0,170.0,5.0,14.5
Maruti Alto 800 2016-2019 LXI,Maruti,Delhi,2013,7,56000.0,Petrol,Manual,First,24.7,796.0,47.3,5.0,2.1
Maruti Swift VXI,Maruti,Mumbai,2012,8,15000.0,Petrol,Manual,First,18.6,1197.0,85.8,5.0,3.65
Chevrolet Sail Hatchback 1.2 LS ABS,Chevrolet,Kolkata,2014,6,14000.0,Petrol,Manual,First,18.2,1199.0,82.5,5.0,3.0
Hyundai i20 Asta 1.4 CRDi (Diesel),Hyundai,Ahmedabad,2009,11,68000.0,Diesel,Manual,Second,23.0,1396.0,90.0,5.0,3.95
Skoda Superb 2.5 TDi AT,Skoda,Delhi,2012,8,83000.0,Diesel,Automatic,First,11.9,2496.0,163.2,5.0,6.75
Toyota Corolla Altis D-4D G,Toyota,Kochi,2013,7,81504.0,Diesel,Manual,First,21.43,1364.0,87.2,5.0,6.53
Toyota Fortuner 4x2 Manual,Toyota,Hyderabad,2015,5,73500.0,Diesel,Manual,First,13.0,2982.0,168.5,7.0,22.0
Skoda Rapid 1.6 MPI AT Elegance,Skoda,Pune,2013,7,52900.0,Petrol,Automatic,First,14.3,1598.0,103.52,5.0,4.75
Honda Brio 1.2 VX AT,Honda,Mumbai,2017,3,20000.0,Petrol,Automatic,First,16.5,1198.0,86.8,5.0,5.99
Volkswagen Polo Petrol Comfortline 1.2L,Volkswagen,Jaipur,2011,9,46000.0,Petrol,Manual,First,16.47,1198.0,73.9,5.0,3.05
Volkswagen Polo Petrol Comfortline 1.2L,Volkswagen,Delhi,2010,10,65000.0,Petrol,Manual,First,16.47,1198.0,73.9,5.0,2.4
Maruti Zen Estilo LXI BSIII,Maruti,Pune,2007,13,42000.0,Petrol,Manual,Third,18.2,998.0,67.1,5.0,1.3
Toyota Etios Cross 1.4L GD,Toyota,Kochi,2016,4,36681.0,Diesel,Manual,First,23.59,1364.0,67.06,5.0,6.71
Mahindra XUV500 W8 2WD,Mahindra,Ahmedabad,2014,6,67000.0,Diesel,Manual,Second,15.1,2179.0,140.0,7.0,7.2
Hyundai Grand i10 AT Asta,Hyundai,Chennai,2016,4,18000.0,Petrol,Automatic,First,18.9,1197.0,82.0,5.0,5.4
Ford Ecosport 1.5 DV5 MT Titanium Optional,Ford,Kochi,2015,5,56409.0,Diesel,Manual,First,22.7,1498.0,89.84,5.0,6.63
Maruti Ertiga VXI CNG,Maruti,Mumbai,2016,4,65263.0,CNG,Manual,First,17.5,1373.0,80.46,7.0,7.5
Honda City i-VTEC CVT ZX,Honda,Coimbatore,2018,2,20300.0,Petrol,Automatic,First,18.0,1497.0,117.3,5.0,14.21
Honda City 1.5 V MT,Honda,Kolkata,2010,10,45008.0,Petrol,Manual,First,17.0,1497.0,118.0,5.0,3.0
Maruti Celerio ZXI MT,Maruti,Kochi,2017,3,21799.0,Petrol,Manual,First,23.1,998.0,67.04,5.0,5.11
Volkswagen Vento Petrol Highline,Volkswagen,Pune,2011,9,57328.0,Petrol,Manual,First,15.04,1598.0,103.6,5.0,3.39
Toyota Innova Crysta 2.8 ZX AT,Toyota,Hyderabad,2017,3,35358.0,Diesel,Automatic,First,11.36,2755.0,171.5,7.0,22.99
Hyundai i20 Magna,Hyundai,Delhi,2009,11,46946.0,Petrol,Manual,Second,18.5,1197.0,80.0,5.0,2.35
Maruti Ritz VDi,Maruti,Kolkata,2012,8,39772.0,Diesel,Manual,First,23.2,1248.0,73.94,5.0,2.85
Audi A6 2011-2015 2.0 TDI Premium Plus,Audi,Delhi,2014,6,58000.0,Diesel,Automatic,First,17.68,1968.0,174.33,5.0,18.5
Renault Duster Petrol RxL,Renault,Bangalore,2014,6,52000.0,Petrol,Manual,First,13.24,1598.0,102.57,5.0,5.99
Honda Civic 2006-2010 1.8 V MT,Honda,Hyderabad,2008,12,152000.0,Petrol,Manual,Second,13.5,1799.0,130.0,5.0,3.0
Tata Tiago 1.2 Revotron XT,Tata,Jaipur,2016,4,42700.0,Petrol,Manual,First,23.84,1199.0,84.0,5.0,3.6
Audi A4 2.0 TDI,Audi,Hyderabad,2014,6,60000.0,Diesel,Automatic,First,16.55,1968.0,147.51,5.0,24.0
Maruti Swift Dzire VXI,Maruti,Coimbatore,2015,5,33195.0,Petrol,Manual,First,19.1,1197.0,85.8,5.0,6.26
Toyota Fortuner 2.8 4WD MT,Toyota,Hyderabad,2010,10,110000.0,Diesel,Manual,First,14.24,2755.0,174.5,7.0,13.7
Mercedes-Benz M-Class ML 250 CDI,Mercedes-Benz,Mumbai,2016,4,52000.0,Diesel,Automatic,First,15.26,2143.0,203.2,5.0,35.0
Hyundai i20 Magna 1.4 CRDi,Hyundai,Kochi,2015,5,64399.0,Diesel,Manual,First,21.9,1396.0,90.0,5.0,5.02
Maruti Wagon R VXI 1.2,Maruti,Mumbai,2015,5,55000.0,Petrol,Manual,First,21.5,1197.0,81.8,5.0,3.1
Volkswagen Vento Diesel Highline,Volkswagen,Bangalore,2012,8,50000.0,Diesel,Manual,First,20.54,1598.0,103.6,5.0,5.5
Maruti Swift Dzire VXI,Maruti,Kolkata,2014,6,33485.0,Petrol,Manual,First,19.1,1197.0,85.8,5.0,3.59
Fiat Linea Emotion (Diesel),Fiat,Kolkata,2015,5,32000.0,Diesel,Manual,First,20.4,1248.0,91.7,5.0,4.65
Honda City 1.5 V MT,Honda,Bangalore,2009,11,71400.0,Petrol,Manual,Third,17.0,1497.0,118.0,5.0,3.8
Hyundai Creta 1.6 SX Plus Diesel,Hyundai,Hyderabad,2016,4,41713.0,Diesel,Manual,First,19.67,1582.0,126.2,5.0,12.5
Honda City i-DTEC ZX,Honda,Hyderabad,2017,3,46000.0,Diesel,Manual,First,25.6,1498.0,98.6,5.0,12.9
Maruti Omni 8 Seater BSIV,Maruti,Hyderabad,2015,5,52950.0,Petrol,Manual,First,14.0,796.0,35.0,5.0,2.35
Maruti Swift LXI Option,Maruti,Chennai,2015,5,29500.0,Petrol,Manual,First,20.4,1197.0,81.8,5.0,4.15
Mercedes-Benz M-Class ML 350 CDI Corporate,Mercedes-Benz,Coimbatore,2012,8,63888.0,Diesel,Automatic,First,14.0,2987.0,224.0,5.0,22.58
Maruti Alto 800 2016-2019 LXI,Maruti,Ahmedabad,2016,4,60000.0,Petrol,Manual,First,24.7,796.0,47.3,5.0,2.65
Ford Figo Petrol Titanium,Ford,Delhi,2010,10,59196.0,Petrol,Manual,Second,15.6,1196.0,70.0,5.0,2.25
Toyota Innova Crysta 2.4 G MT,Toyota,Hyderabad,2016,4,121362.0,Diesel,Manual,First,13.68,2393.0,147.8,7.0,16.0
BMW 5 Series 2003-2012 520d,BMW,Mumbai,2013,7,78000.0,Diesel,Automatic,First,18.48,1995.0,177.0,5.0,19.5
Hyundai Santa Fe 4WD AT,Hyundai,Bangalore,2015,5,59000.0,Diesel,Automatic,First,13.01,2199.0,194.3,7.0,21.0
BMW 5 Series 520d Luxury Line,BMW,Ahmedabad,2012,8,95000.0,Diesel,Automatic,Second,22.48,1995.0,190.0,5.0,17.5
Ford Fiesta EXi 1.4 TDCi Ltd,Ford,Hyderabad,2010,10,84000.0,Diesel,Manual,Second,17.8,1399.0,68.0,5.0,2.41
Toyota Etios GD,Toyota,Bangalore,2012,8,58253.0,Diesel,Manual,Second,23.59,1364.0,,5.0,4.45
Land Rover Range Rover 2.2L Prestige,Land,Coimbatore,2014,6,64557.0,Diesel,Automatic,Second,12.7,2179.0,187.7,5.0,29.93
Toyota Etios Liva V,Toyota,Pune,2012,8,24500.0,Petrol,Manual,Second,18.3,,,,2.95
Maruti Alto LX,Maruti,Kolkata,2009,11,68078.0,Petrol,Manual,First,19.7,796.0,46.3,5.0,1.02
Toyota Fortuner 3.0 Diesel,Toyota,Jaipur,2009,11,149706.0,Diesel,Manual,First,11.5,2982.0,171.0,7.0,11.0
Toyota Qualis RS E2,Toyota,Pune,2004,16,215750.0,Diesel,Manual,Second,,2446.0,,10.0,3.5
Ford Ecosport 1.5 Ti VCT MT Titanium,Ford,Mumbai,2013,7,25984.0,Petrol,Manual,First,15.8,1499.0,110.0,5.0,5.35
Maruti Baleno Sigma 1.2,Maruti,Mumbai,2017,3,15544.0,Petrol,Manual,First,21.4,1197.0,83.1,5.0,5.65
Mini Cooper Countryman D High,Mini,Mumbai,2015,5,34000.0,Diesel,Automatic,First,23.8,1998.0,112.0,5.0,22.0
Hyundai Verna 1.6 VTVT EX AT,Hyundai,Mumbai,2013,7,24000.0,Petrol,Automatic,First,17.01,1591.0,121.4,5.0,5.95
Ford Figo Diesel Titanium,Ford,Pune,2011,9,95000.0,Diesel,Manual,Third,20.0,1399.0,68.0,5.0,2.35
Honda Amaze S i-Dtech,Honda,Pune,2014,6,52000.0,Diesel,Manual,Second,25.8,1498.0,98.6,5.0,4.1
Renault Duster 110PS Diesel RxZ,Renault,Pune,2012,8,135000.0,Diesel,Manual,First,19.01,1461.0,108.45,5.0,5.4
Ford EcoSport 1.5 Diesel Titanium,Ford,Delhi,2017,3,39000.0,Diesel,Manual,First,23.0,1498.0,98.96,5.0,8.45
BMW X6 xDrive30d,BMW,Jaipur,2013,7,45306.0,Diesel,Automatic,Second,11.2,2993.0,241.0,4.0,42.5
Toyota Fortuner 2.8 4WD MT,Toyota,Mumbai,2010,10,140000.0,Diesel,Manual,First,14.24,2755.0,174.5,7.0,10.75
Hyundai Santro Xing GLS LPG,Hyundai,Pune,2010,10,55000.0,LPG,Manual,Second,13.45,1086.0,62.1,5.0,1.65
Mahindra Ssangyong Rexton RX7,Mahindra,Kochi,2015,5,67415.0,Diesel,Automatic,First,11.18,2696.0,184.0,7.0,11.03
Maruti Celerio VXI,Maruti,Kolkata,2016,4,25562.0,Petrol,Manual,First,23.1,998.0,67.04,5.0,3.5
Hyundai i20 Sportz 1.2,Hyundai,Jaipur,2016,4,30292.0,Petrol,Manual,First,18.6,1197.0,81.83,5.0,6.3
Ford EcoSport 1.0 Ecoboost Titanium Plus,Ford,Bangalore,2014,6,84056.0,Petrol,Manual,First,18.88,999.0,123.24,5.0,6.75
Maruti Ciaz VDi,Maruti,Jaipur,2017,3,62691.0,Diesel,Manual,First,26.21,1248.0,88.5,5.0,7.5
Audi A4 2.0 TDI 177 Bhp Premium Plus,Audi,Pune,2013,7,87000.0,Diesel,Automatic,First,17.11,1968.0,174.33,5.0,15.5
Honda Amaze S i-Vtech,Honda,Delhi,2015,5,52513.0,Petrol,Manual,First,18.0,1198.0,86.7,5.0,4.65
Ford EcoSport 1.5 Ti VCT AT Titanium,Ford,Kochi,2016,4,43983.0,Petrol,Automatic,First,15.63,1499.0,110.4,5.0,7.58
Maruti Alto K10 2010-2014 VXI,Maruti,Hyderabad,2013,7,90121.0,Petrol,Manual,First,20.92,998.0,67.1,5.0,2.2
Audi A6 3.0 TDI quattro,Audi,Bangalore,2011,9,50000.0,Diesel,Automatic,Third,16.77,2967.0,241.38,5.0,21.0
Volkswagen Passat Diesel Highline 2.0 TDI,Volkswagen,Kolkata,2011,9,42500.0,Diesel,Automatic,First,18.33,1968.0,167.7,5.0,5.25
Maruti Swift VDI,Maruti,Kochi,2016,4,62192.0,Diesel,Manual,First,28.4,1248.0,74.0,5.0,5.22
Mahindra Logan Diesel 1.5 DLS,Mahindra,Chennai,2011,9,128000.0,Diesel,Manual,Third,19.2,1461.0,65.0,5.0,2.0
Maruti Ciaz Alpha,Maruti,Kochi,2018,2,38394.0,Petrol,Manual,First,21.56,1462.0,103.25,5.0,9.18
Tata Nano Lx,Tata,Coimbatore,2013,7,37287.0,Petrol,Manual,First,26.0,624.0,35.0,4.0,1.74
Honda City 1.5 V AT,Honda,Delhi,2011,9,60000.0,Petrol,Automatic,First,16.8,1497.0,118.0,5.0,4.45
Ford Figo 2015-2019 1.2P Trend MT,Ford,Coimbatore,2017,3,39419.0,Petrol,Manual,First,18.16,1196.0,86.8,5.0,4.95
Hyundai i20 Sportz 1.4 CRDi,Hyundai,Delhi,2014,6,55000.0,Diesel,Manual,First,22.54,1396.0,88.73,5.0,5.64
Ford EcoSport 1.5 Ti VCT MT Titanium BE,Ford,Mumbai,2016,4,7000.0,Petrol,Manual,First,18.88,1499.0,110.4,5.0,6.9
Audi A4 2.0 TDI,Audi,Hyderabad,2011,9,85000.0,Diesel,Automatic,First,16.55,1968.0,147.51,5.0,13.95
BMW 1 Series 118d Sport Line,BMW,Hyderabad,2013,7,51000.0,Diesel,Automatic,Second,20.58,1995.0,143.0,5.0,17.0
Tata Safari DICOR 2.2 LX 4x2,Tata,Bangalore,2012,8,90000.0,Diesel,Manual,Second,13.93,2179.0,138.03,7.0,4.6
Mahindra Scorpio VLX 4WD AIRBAG BSIV,Mahindra,Jaipur,2010,10,105000.0,Diesel,Manual,Second,12.05,2179.0,120.0,8.0,5.21
Hyundai Creta 1.6 SX Plus Dual Tone Petrol,Hyundai,Coimbatore,2017,3,36458.0,Petrol,Manual,First,15.29,1591.0,121.3,5.0,12.34
Honda City ZX VTEC,Honda,Chennai,2006,14,109000.0,Petrol,Manual,First,16.9,1497.0,100.0,5.0,1.5
BMW X1 sDrive 20d Sportline,BMW,Delhi,2015,5,49000.0,Diesel,Automatic,First,17.05,1995.0,184.0,5.0,22.99
Porsche Cayman 2009-2012 S tiptronic,Porsche,Mumbai,2011,9,8000.0,Petrol,Automatic,First,9.0,3436.0,,2.0,43.0
Land Rover Range Rover Sport 2005 2012 HSE,Land,Hyderabad,2010,10,45000.0,Diesel,Automatic,First,14.7,2993.0,241.4,6.0,40.0
Maruti Alto LXi BSIII,Maruti,Chennai,2008,12,68000.0,Petrol,Manual,Third,19.7,796.0,46.3,5.0,1.2
Hyundai i10 Asta Sunroof AT,Hyundai,Mumbai,2011,9,54000.0,Petrol,Automatic,First,19.2,1197.0,80.0,5.0,2.9
Hyundai Elantra 2.0 SX Option AT,Hyundai,Delhi,2016,4,28000.0,Petrol,Automatic,First,14.62,1999.0,149.92,5.0,13.9
Maruti Ciaz RS ZDi Plus SHVS,Maruti,Delhi,2016,4,38500.0,Diesel,Manual,Second,28.09,1248.0,88.5,5.0,7.85
BMW X5 xDrive 30d,BMW,Coimbatore,2016,4,17738.0,Diesel,Automatic,First,15.3,2993.0,258.0,5.0,54.45
Chevrolet Tavera LT 9 Str BS IV,Chevrolet,Kolkata,2012,8,67132.0,Diesel,Manual,First,13.58,2499.0,78.0,9.0,4.75
Volkswagen Vento 1.5 TDI Trendline,Volkswagen,Mumbai,2011,9,47000.0,Diesel,Manual,First,20.64,1498.0,108.5,5.0,3.25
Honda City i VTEC V,Honda,Mumbai,2015,5,28005.0,Petrol,Manual,First,17.8,1497.0,117.3,5.0,7.1
Maruti Swift VXI BSIV,Maruti,Kolkata,2017,3,13000.0,Petrol,Manual,First,20.4,1197.0,81.8,5.0,4.65
Volkswagen Jetta 2012-2014 2.0L TDI Comfortline,Volkswagen,Kolkata,2012,8,67000.0,Diesel,Manual,First,19.33,1968.0,138.1,5.0,5.0
Hyundai i20 Sportz 1.2,Hyundai,Delhi,2015,5,50000.0,Petrol,Manual,First,18.6,1197.0,81.83,5.0,4.95
Mahindra XUV500 W8 2WD,Mahindra,Bangalore,2014,6,55000.0,Diesel,Manual,First,15.1,2179.0,140.0,7.0,9.8
Mercedes-Benz E-Class E 350 d,Mercedes-Benz,Coimbatore,2019,1,9312.0,Diesel,Automatic,First,18.0,2987.0,258.0,5.0,78.8
Maruti Celerio LXI,Maruti,Kolkata,2015,5,30458.0,Petrol,Manual,First,23.1,998.0,67.04,5.0,2.99
Volkswagen Vento 1.6 Highline,Volkswagen,Mumbai,2014,6,46000.0,Petrol,Manual,First,15.04,1598.0,103.2,5.0,4.45
Tata Nano XT,Tata,Pune,2011,9,50000.0,Petrol,Manual,Second,23.9,624.0,37.48,4.0,0.75
Hyundai Xcent 1.2 Kappa S Option CNG,Hyundai,Delhi,2016,4,36676.0,CNG,Manual,First,25.0,1197.0,81.86,5.0,5.0
Ford EcoSport 1.5 TDCi Titanium,Ford,Chennai,2014,6,72563.0,Diesel,Manual,Second,22.77,1498.0,98.59,5.0,5.0
Maruti Swift 1.3 VXI ABS,Maruti,Pune,2015,5,67000.0,Petrol,Manual,First,16.1,,,,4.7
Hyundai Elantra 2.0 SX Option AT,Hyundai,Coimbatore,2015,5,58239.0,Petrol,Automatic,First,14.62,1999.0,149.92,5.0,9.69
Chevrolet Enjoy 1.3 TCDi LTZ 8,Chevrolet,Coimbatore,2015,5,57934.0,Diesel,Manual,First,18.2,1248.0,73.74,8.0,5.5
BMW X5 xDrive 30d M Sport,BMW,Chennai,2017,3,,Diesel,Automatic,First,15.97,2993.0,258.0,5.0,65.0
Volkswagen Polo 1.5 TDI Highline,Volkswagen,Jaipur,2015,5,63000.0,Diesel,Manual,First,20.14,1498.0,88.8,5.0,5.11
Skoda Fabia 1.2 MPI Ambition Plus,Skoda,Mumbai,2012,8,27014.0,Petrol,Manual,First,16.25,1198.0,75.0,5.0,2.19
Volkswagen Vento Diesel Comfortline,Volkswagen,Chennai,2012,8,90906.0,Diesel,Manual,First,20.54,1598.0,103.6,5.0,4.25
Mahindra Ssangyong Rexton RX7,Mahindra,Hyderabad,2013,7,61202.0,Diesel,Automatic,First,11.18,2696.0,184.0,7.0,14.5
Nissan Terrano XL D Option,Nissan,Mumbai,2014,6,51000.0,Diesel,Manual,First,19.87,1461.0,83.14,5.0,5.65
Toyota Fortuner 2.8 2WD AT,Toyota,Ahmedabad,2016,4,88008.0,Diesel,Automatic,Second,12.9,2755.0,174.5,7.0,22.5
Maruti Swift 1.3 VXi,Maruti,Mumbai,2007,13,55000.0,Petrol,Manual,Second,16.1,,,,1.75
Toyota Corolla H4,Toyota,Jaipur,2004,16,160000.0,Petrol,Automatic,Second,11.3,1794.0,125.0,5.0,1.5
Hyundai i10 Sportz,Hyundai,Kochi,2012,8,42591.0,Petrol,Manual,First,20.36,1197.0,78.9,5.0,3.2
Hyundai i20 1.4 CRDi Sportz,Hyundai,Bangalore,2012,8,67000.0,Diesel,Manual,First,23.0,1396.0,90.0,5.0,4.5
Honda Amaze S i-Dtech,Honda,Pune,2014,6,48000.0,Diesel,Manual,Second,25.8,1498.0,98.6,5.0,4.5
Hyundai Verna 1.6 SX CRDI (O) AT,Hyundai,Jaipur,2014,6,97000.0,Diesel,Automatic,First,22.32,1582.0,126.32,5.0,8.0
Mercedes-Benz GLA Class 200 d Sport,Mercedes-Benz,Mumbai,2018,2,10000.0,Diesel,Automatic,First,17.9,2143.0,136.0,5.0,28.9
Volkswagen Polo 1.5 TDI Trendline,Volkswagen,Coimbatore,2015,5,56900.0,Diesel,Manual,First,20.14,1498.0,88.8,5.0,4.1
Hyundai Santro AT,Hyundai,Hyderabad,2006,14,74483.0,Petrol,Automatic,First,,999.0,,5.0,2.3
Maruti Baleno Zeta Automatic,Maruti,Kochi,2017,3,36152.0,Petrol,Automatic,First,21.4,1197.0,83.1,5.0,7.22
Maruti Swift VDI,Maruti,Hyderabad,2014,6,85512.0,Diesel,Manual,First,22.9,1248.0,74.0,5.0,5.8
Mahindra Xylo D2 BSIV,Mahindra,Chennai,2013,7,234000.0,Diesel,Manual,Second,14.0,2489.0,95.0,8.0,3.5
Ford Ecosport 1.5 DV5 MT Trend,Ford,Bangalore,2013,7,36000.0,Diesel,Manual,Second,22.7,1498.0,89.84,5.0,6.35
Mahindra XUV500 W8 2WD,Mahindra,Delhi,2015,5,36096.0,Diesel,Manual,First,15.1,2179.0,140.0,7.0,8.85
Chevrolet Beat LS,Chevrolet,Hyderabad,2010,10,111111.0,Petrol,Manual,Second,18.6,1199.0,79.4,5.0,2.0
Hyundai Verna 1.6 VTVT,Hyundai,Bangalore,2012,8,73000.0,Petrol,Manual,First,17.01,1591.0,121.3,5.0,5.5
Hyundai Grand i10 Asta,Hyundai,Kolkata,2014,6,44300.0,Petrol,Manual,Second,18.9,1197.0,82.0,5.0,2.3
Renault Duster 110PS Diesel RxZ,Renault,Bangalore,2014,6,74500.0,Diesel,Manual,First,19.01,1461.0,108.45,5.0,7.95
Hyundai Xcent 1.2 Kappa S Option,Hyundai,Coimbatore,2016,4,21495.0,Petrol,Manual,First,19.1,1197.0,81.86,5.0,6.16
Hyundai i10 Sportz,Hyundai,Delhi,2012,8,59000.0,Petrol,Manual,First,20.36,1197.0,78.9,5.0,2.85
Mercedes-Benz GLA Class 200 Sport Edition,Mercedes-Benz,Delhi,2016,4,23000.0,Petrol,Automatic,First,13.7,1991.0,183.0,5.0,25.0
Mercedes-Benz New C-Class 220 CDI MT,Mercedes-Benz,Coimbatore,2008,12,50135.0,Diesel,Manual,First,15.8,2148.0,170.0,5.0,10.36
Mercedes-Benz CLA 200 Sport Edition,Mercedes-Benz,Delhi,2016,4,25000.0,Petrol,Automatic,First,15.04,1991.0,183.0,5.0,26.0
Hyundai Verna 1.6 SX CRDi (O),Hyundai,Kolkata,2013,7,47000.0,Diesel,Manual,First,22.32,1582.0,126.32,5.0,4.35
Mahindra Xylo D2 Maxx,Mahindra,Chennai,2016,4,150000.0,Diesel,Manual,First,14.95,2489.0,93.7,9.0,4.5
Maruti Swift Dzire LDI,Maruti,Delhi,2015,5,53503.0,Diesel,Manual,First,26.59,1248.0,74.0,5.0,5.0
Hyundai i10 Sportz,Hyundai,Ahmedabad,2014,6,47003.0,Petrol,Manual,First,20.36,1197.0,78.9,5.0,3.67
Tata Safari Storme Explorer Edition,Tata,Delhi,2014,6,80000.0,Diesel,Manual,First,14.0,2179.0,138.1,7.0,6.0
Hyundai Grand i10 Asta,Hyundai,Coimbatore,2018,2,20492.0,Petrol,Manual,First,18.9,1197.0,82.0,5.0,6.34
Mini Cooper Convertible S,Mini,Chennai,2012,8,17000.0,Petrol,Automatic,Second,16.82,1998.0,189.08,4.0,22.0
Toyota Corolla H5,Toyota,Delhi,2006,14,79000.0,Petrol,Manual,Second,13.4,1794.0,125.0,5.0,1.67
Toyota Corolla Altis G MT,Toyota,Kolkata,2014,6,27000.0,Petrol,Manual,First,14.28,1798.0,138.03,5.0,7.95
Maruti Grand Vitara 2.4 MT,Maruti,Kochi,2018,2,28786.0,Petrol,Manual,First,10.4,2393.0,163.5,5.0,9.74
Mahindra XUV500 W8 1.99 mHawk,Mahindra,Chennai,2011,9,143354.0,Diesel,Manual,Second,16.0,1997.0,140.0,7.0,6.0
Maruti Estilo LXI,Maruti,Chennai,2008,12,56000.0,Petrol,Manual,Second,19.5,1061.0,,,1.5
Mini Cooper 3 DOOR S,Mini,Mumbai,2013,7,21000.0,Petrol,Automatic,First,17.44,1998.0,189.08,4.0,21.5
Maruti Wagon R CNG LXI,Maruti,Pune,2014,6,29202.0,CNG,Manual,First,33.54,998.0,67.04,5.0,3.9
Maruti Ritz VDi,Maruti,Jaipur,2009,11,73000.0,Diesel,Manual,Second,21.1,1248.0,73.9,5.0,2.35
Volkswagen Polo Diesel Comfortline 1.2L,Volkswagen,Delhi,2012,8,74000.0,Diesel,Manual,Second,22.07,1199.0,73.9,5.0,2.65
Hyundai i10 Magna,Hyundai,Kochi,2011,9,65423.0,Petrol,Manual,First,20.36,1197.0,78.9,5.0,3.16
Maruti A-Star Vxi,Maruti,Jaipur,2009,11,65000.0,Petrol,Manual,Second,19.0,998.0,66.1,5.0,2.05
Maruti Wagon R LXI CNG,Maruti,Hyderabad,2013,7,83875.0,CNG,Manual,Second,26.6,998.0,58.16,5.0,2.95
Maruti Wagon R Stingray LXI,Maruti,Hyderabad,2014,6,55277.0,Petrol,Manual,First,20.51,998.0,67.04,5.0,3.9
Honda Mobilio S i DTEC,Honda,Coimbatore,2017,3,50808.0,Diesel,Manual,Second,24.2,1498.0,98.6,7.0,6.68
Hyundai EON Era Plus,Hyundai,Jaipur,2017,3,52000.0,Petrol,Manual,Second,21.1,814.0,55.2,5.0,3.5
Skoda Rapid 1.6 MPI AT Ambition,Skoda,Mumbai,2017,3,32000.0,Petrol,Automatic,First,14.84,1598.0,103.52,5.0,8.11
Maruti Ciaz VDi Plus SHVS,Maruti,Delhi,2017,3,25000.0,Diesel,Manual,First,28.09,1248.0,88.5,5.0,8.3
Mercedes-Benz M-Class ML 250 CDI,Mercedes-Benz,Coimbatore,2016,4,23218.0,Diesel,Automatic,First,15.26,2143.0,203.2,5.0,45.61
Skoda Laura Elegance 2.0 TDI CR AT,Skoda,Pune,2010,10,84000.0,Diesel,Automatic,First,20.0,1968.0,138.1,5.0,4.45
Maruti Vitara Brezza VDi Option,Maruti,Delhi,2017,3,40000.0,Diesel,Manual,First,24.3,1248.0,88.5,5.0,7.85
Hyundai Santro Xing GLS LPG,Hyundai,Hyderabad,2011,9,17000.0,LPG,Manual,First,13.45,1086.0,62.1,5.0,3.1
Hyundai Grand i10 CRDi Sportz,Hyundai,Kolkata,2014,6,25135.0,Diesel,Manual,First,24.0,1120.0,70.0,5.0,3.75
Maruti Ertiga VDI,Maruti,Delhi,2017,3,65000.0,Diesel,Manual,First,25.47,1248.0,88.5,7.0,7.65
Hyundai i20 1.2 Sportz,Hyundai,Ahmedabad,2013,7,40000.0,Petrol,Manual,First,17.0,1197.0,80.0,5.0,4.9
Mahindra XUV500 AT W10 FWD,Mahindra,Coimbatore,2018,2,24500.0,Diesel,Automatic,First,16.0,2179.0,140.0,7.0,16.52
Skoda Superb Elegance 1.8 TSI AT,Skoda,Kochi,2016,4,56674.0,Petrol,Automatic,First,13.7,1798.0,157.75,5.0,14.05
Maruti Ciaz VXi Plus,Maruti,Kochi,2016,4,51950.0,Petrol,Manual,First,20.73,1373.0,91.1,5.0,6.75
Hyundai Creta 1.6 CRDi SX,Hyundai,Kolkata,2016,4,51000.0,Diesel,Manual,First,19.67,1582.0,126.2,5.0,9.2
Toyota Etios GD,Toyota,Chennai,2012,8,150000.0,Diesel,Manual,Third,23.59,1364.0,,5.0,3.0
Honda City 1.5 S MT,Honda,Chennai,2008,12,114750.0,Petrol,Manual,Second,17.0,1497.0,118.0,5.0,2.75
Ford Endeavour 2.2 Trend MT 4X4,Ford,Hyderabad,2016,4,107890.0,Diesel,Manual,First,13.5,2198.0,157.7,7.0,20.5
Hyundai i20 2015-2017 1.4 Magna ABS,Hyundai,Pune,2012,8,64000.0,Diesel,Manual,First,21.9,1396.0,90.0,5.0,4.25
Ford EcoSport 1.5 Petrol Trend,Ford,Kolkata,2016,4,21460.0,Petrol,Manual,First,17.0,1497.0,121.36,5.0,6.0
Hyundai i20 1.2 Sportz,Hyundai,Coimbatore,2015,5,29634.0,Petrol,Manual,Second,17.0,1197.0,80.0,5.0,6.0
Maruti Swift VXI BSIII,Maruti,Ahmedabad,2008,12,52000.0,Petrol,Manual,First,16.1,1298.0,88.2,5.0,2.41
Honda Jazz V CVT,Honda,Hyderabad,2015,5,33000.0,Petrol,Automatic,First,19.0,1199.0,88.7,5.0,7.25
Volvo XC90 2007-2015 D5 AWD,Volvo,Kochi,2014,6,89230.0,Diesel,Manual,First,11.1,2400.0,200.0,7.0,23.65
Maruti Baleno Alpha 1.2,Maruti,Delhi,2016,4,27000.0,Petrol,Manual,First,21.4,1197.0,83.1,5.0,6.5
Mercedes-Benz GLA Class 200 CDI SPORT,Mercedes-Benz,Kochi,2017,3,72524.0,Diesel,Automatic,Second,17.9,2143.0,136.0,5.0,18.06
Renault KWID RXT,Renault,Hyderabad,2016,4,73000.0,Petrol,Manual,First,25.17,799.0,53.3,5.0,3.2
Ford Figo 2015-2019 1.2P Titanium Opt MT,Ford,Coimbatore,2017,3,21740.0,Petrol,Manual,First,18.16,1196.0,86.8,5.0,6.42
Toyota Fortuner 4x2 Manual,Toyota,Jaipur,2015,5,59000.0,Diesel,Manual,First,13.0,2982.0,168.5,7.0,23.0
Honda City 1.5 S MT,Honda,Chennai,2013,7,83432.0,Petrol,Manual,First,17.0,1497.0,118.0,5.0,5.9
Mahindra Scorpio S2 7 Seater,Mahindra,Pune,2014,6,87200.0,Diesel,Manual,First,15.4,2523.0,75.0,7.0,7.75
BMW 3 Series 320d,BMW,Hyderabad,2012,8,88000.0,Diesel,Automatic,First,13.2,1995.0,170.0,5.0,15.0
Maruti Vitara Brezza ZDi Plus,Maruti,Jaipur,2017,3,48324.0,Diesel,Manual,First,24.3,1248.0,88.5,5.0,9.0
Mercedes-Benz New C-Class C 200 CGI Elegance,Mercedes-Benz,Delhi,2011,9,51000.0,Petrol,Automatic,First,11.74,1796.0,186.0,5.0,11.5
Hyundai Verna 1.6 VTVT,Hyundai,Kolkata,2012,8,24000.0,Petrol,Manual,Second,17.01,1591.0,121.3,5.0,6.2
Hyundai Grand i10 1.2 CRDi Sportz,Hyundai,Kochi,2017,3,20773.0,Diesel,Manual,First,24.0,1186.0,73.97,5.0,5.92
Volkswagen Polo 1.5 TDI Highline,Volkswagen,Kolkata,2016,4,22000.0,Diesel,Manual,First,20.14,1498.0,88.0,5.0,6.29
Honda Amaze S i-Vtech,Honda,Kochi,2014,6,66355.0,Petrol,Manual,First,18.0,1198.0,86.7,5.0,4.12
Honda CR-V 2.4 AT,Honda,Pune,2007,13,115800.0,Petrol,Automatic,Third,10.1,2354.0,152.0,5.0,3.8
Hyundai Santro Xing GL Plus,Hyundai,Ahmedabad,2014,6,41125.0,Petrol,Manual,First,17.92,1086.0,62.1,5.0,2.7
Mercedes-Benz B Class B200 CDI,Mercedes-Benz,Coimbatore,2017,3,43812.0,Diesel,Automatic,First,15.0,2143.0,107.3,5.0,20.28
Honda Amaze S i-Vtech,Honda,Delhi,2014,6,69876.0,Petrol,Manual,First,18.0,1198.0,86.7,5.0,3.9
Toyota Fortuner 4x2 AT,Toyota,Pune,2014,6,102000.0,Diesel,Automatic,Second,12.55,2982.0,168.5,7.0,16.5
Hyundai Verna 1.6 VTVT,Hyundai,Pune,2011,9,68000.0,Petrol,Manual,First,17.01,1591.0,121.3,5.0,3.7
Jaguar XJ 3.0L Portfolio,Jaguar,Delhi,2016,4,12000.0,Diesel,Automatic,First,10.5,2993.0,271.23,4.0,79.0
BMW 3 Series 320d,BMW,Mumbai,2013,7,25000.0,Diesel,Automatic,First,22.69,1995.0,190.0,5.0,17.99
Hyundai i20 Magna 1.4 CRDi (Diesel),Hyundai,Jaipur,2013,7,51873.0,Diesel,Manual,First,21.9,1396.0,88.76,5.0,3.9
Ford Figo Diesel EXI Option,Ford,Chennai,2012,8,72500.0,Diesel,Manual,First,18.5,1399.0,68.0,5.0,3.12
Maruti Wagon R LXI BSIII,Maruti,Pune,2007,13,83000.0,Petrol,Manual,First,14.0,1061.0,64.0,5.0,1.65
Hyundai Xcent 1.2 Kappa S Option,Hyundai,Kolkata,2015,5,39871.0,Petrol,Manual,First,19.1,1197.0,81.86,5.0,3.5
Mahindra Xylo H4,Mahindra,Chennai,2015,5,82000.0,Diesel,Manual,Second,14.02,2179.0,118.3,7.0,4.85
Mercedes-Benz New C-Class C 220d Avantgarde Edition C,Mercedes-Benz,Coimbatore,2018,2,23152.0,Diesel,Automatic,First,19.27,2143.0,167.62,5.0,39.22
Hyundai i10 Magna,Hyundai,Kolkata,2007,13,71600.0,Petrol,Manual,Second,20.36,1197.0,78.9,5.0,2.0
Toyota Fortuner 3.0 Diesel,Toyota,Mumbai,2010,10,122000.0,Diesel,Manual,Second,11.5,2982.0,171.0,7.0,10.45
Toyota Camry Hybrid,Toyota,Chennai,2016,4,29277.0,Petrol,Automatic,First,19.16,2494.0,158.2,5.0,27.0
Ford Figo Diesel ZXI,Ford,Kolkata,2011,9,60000.0,Diesel,Manual,First,20.0,1399.0,68.0,5.0,2.25
Hyundai Xcent 1.2 Kappa S Option,Hyundai,Kolkata,2014,6,42000.0,Petrol,Manual,First,19.1,1197.0,81.86,5.0,3.45
Hyundai i20 Sportz 1.2,Hyundai,Kochi,2016,4,61823.0,Petrol,Manual,First,18.6,1197.0,81.83,5.0,6.14
Hyundai i10 Magna LPG,Hyundai,Jaipur,2012,8,53000.0,LPG,Manual,Second,19.2,1086.0,68.05,5.0,2.85
Tata Indigo CS Emax CNG GLX,Tata,Chennai,2015,5,75000.0,CNG,Manual,First,24.6,1193.0,55.23,5.0,3.25
Maruti Dzire VDI,Maruti,Hyderabad,2011,9,110000.0,Diesel,Manual,First,28.4,1248.0,73.75,5.0,4.0
Honda City 1.5 S MT,Honda,Kolkata,2010,10,38446.0,Petrol,Manual,First,17.0,1497.0,118.0,5.0,2.59
Maruti Baleno Delta 1.3,Maruti,Delhi,2017,3,33000.0,Diesel,Manual,First,27.39,1248.0,74.0,5.0,6.96
Toyota Etios Liva G,Toyota,Kolkata,2011,9,42118.0,Petrol,Manual,First,18.3,1197.0,,5.0,2.19
Hyundai EON Era Plus,Hyundai,Jaipur,2016,4,70000.0,Petrol,Manual,First,21.1,814.0,55.2,5.0,3.0
Volkswagen Polo 1.5 TDI Highline,Volkswagen,Delhi,2012,8,68038.0,Diesel,Manual,First,20.14,1498.0,88.0,5.0,3.6
Chevrolet Beat Diesel LS,Chevrolet,Coimbatore,2014,6,55012.0,Diesel,Manual,Second,25.44,936.0,57.6,5.0,3.7
BMW 5 Series 520d Luxury Line,BMW,Ahmedabad,2013,7,55000.0,Diesel,Automatic,First,22.48,1995.0,190.0,5.0,21.75
Mercedes-Benz GLC 220d 4MATIC Sport,Mercedes-Benz,Mumbai,2017,3,25000.0,Diesel,Automatic,First,17.9,2143.0,170.0,5.0,45.0
Maruti Alto K10 VXI,Maruti,Coimbatore,2011,9,46808.0,Petrol,Manual,Second,24.07,998.0,67.1,5.0,3.19
Hyundai Xcent 1.2 VTVT S,Hyundai,Coimbatore,2015,5,65743.0,Petrol,Manual,First,20.14,1197.0,81.86,5.0,6.2
Hyundai i10 Magna 1.1,Hyundai,Coimbatore,2013,7,64466.0,Petrol,Manual,First,19.81,1086.0,68.05,5.0,3.96
Tata Indica DLS,Tata,Kolkata,2009,11,75648.0,Diesel,Manual,First,13.5,1405.0,,5.0,0.82
Maruti Swift Dzire Tour LDI,Maruti,Jaipur,2016,4,80000.0,Diesel,Manual,First,23.4,1248.0,74.0,5.0,4.5
Hyundai Xcent 1.2 CRDi E Plus,Hyundai,Mumbai,2017,3,69000.0,Diesel,Manual,First,25.4,1186.0,73.97,5.0,3.55
Nissan Sunny Diesel XV,Nissan,Chennai,2014,6,79200.0,Diesel,Manual,First,22.71,1461.0,84.8,5.0,5.5
Hyundai Creta 1.6 SX Option,Hyundai,Mumbai,2016,4,29477.0,Petrol,Manual,First,15.8,1591.0,121.3,5.0,10.25
Toyota Fortuner 2.8 2WD AT,Toyota,Delhi,2017,3,40000.0,Diesel,Automatic,First,12.9,2755.0,174.5,7.0,30.0
Maruti Ritz VXi,Maruti,Pune,2014,6,25000.0,Petrol,Manual,Second,18.5,1197.0,85.8,5.0,3.5
Renault Pulse RxL,Renault,Delhi,2014,6,67668.0,Diesel,Manual,First,23.08,1461.0,63.12,5.0,3.1
Skoda Fabia 1.2 MPI Ambiente Petrol,Skoda,Hyderabad,2010,10,78000.0,Petrol,Manual,First,17.5,1198.0,75.0,5.0,3.25
Ford EcoSport 1.5 Diesel Titanium,Ford,Mumbai,2017,3,30000.0,Diesel,Manual,First,23.0,1498.0,98.96,5.0,8.99
Volkswagen Vento Petrol Comfortline,Volkswagen,Kolkata,2015,5,70623.0,Petrol,Manual,First,15.04,1598.0,103.6,5.0,3.99
Nissan Terrano XV 110 PS,Nissan,Mumbai,2015,5,54000.0,Diesel,Manual,Second,19.01,1461.0,108.5,5.0,6.0
Audi Q3 2012-2015 35 TDI Quattro Premium,Audi,Mumbai,2015,5,48000.0,Diesel,Automatic,First,15.73,1968.0,174.33,5.0,18.25
Toyota Innova 2.5 GX (Diesel) 7 Seater,Toyota,Delhi,2012,8,62000.0,Diesel,Manual,First,12.99,2494.0,100.0,7.0,7.75
Tata Zest Revotron 1.2T XE,Tata,Delhi,2017,3,47000.0,Petrol,Manual,Second,17.57,1193.0,88.7,5.0,4.5
Toyota Fortuner 3.0 Diesel,Toyota,Bangalore,2014,6,171000.0,Diesel,Manual,First,11.5,2982.0,171.0,7.0,16.75
BMW X3 xDrive20d,BMW,Pune,2012,8,108000.0,Diesel,Automatic,First,16.09,1995.0,184.0,5.0,17.5
Maruti SX4 S Cross DDiS 320 Zeta,Maruti,Chennai,2016,4,41000.0,Diesel,Manual,First,22.7,1598.0,118.0,5.0,7.7
Honda City 1.5 S MT,Honda,Pune,2012,8,66000.0,Petrol,Manual,Second,17.0,1497.0,118.0,5.0,4.45
Maruti Swift Dzire LDI,Maruti,Jaipur,2015,5,144000.0,Diesel,Manual,First,26.59,1248.0,74.0,5.0,5.25
BMW 3 Series 320d M Sport,BMW,Kochi,2017,3,23806.0,Diesel,Automatic,First,22.69,1995.0,190.0,5.0,33.66
Nissan Micra XV CVT,Nissan,Chennai,2013,7,89000.0,Petrol,Automatic,Second,19.34,1198.0,76.0,5.0,2.8
Maruti Baleno Zeta Automatic,Maruti,Coimbatore,2018,2,38852.0,Petrol,Automatic,First,21.4,1197.0,83.1,5.0,8.47
Maruti Ciaz ZDi Plus,Maruti,Coimbatore,2018,2,68737.0,Diesel,Manual,First,26.21,1248.0,88.5,5.0,9.32
Mercedes-Benz CLA 200 CDI Style,Mercedes-Benz,Coimbatore,2017,3,23106.0,Diesel,Automatic,First,17.9,2143.0,136.0,5.0,27.43
Honda Mobilio RS i DTEC,Honda,Delhi,2015,5,31250.0,Diesel,Manual,First,24.5,1498.0,98.6,7.0,6.5
Toyota Innova 2.5 GX (Diesel) 8 Seater,Toyota,Delhi,2014,6,77795.0,Diesel,Manual,First,12.99,2494.0,100.6,8.0,9.5
Jaguar XF 3.0 Litre S Premium Luxury,Jaguar,Kochi,2015,5,47759.0,Diesel,Automatic,First,14.74,2993.0,270.9,5.0,31.8
Toyota Etios Petrol TRD Sportivo,Toyota,Chennai,2013,7,67620.0,Petrol,Manual,Second,17.6,1496.0,88.8,5.0,4.2
Chevrolet Beat Diesel LS,Chevrolet,Kochi,2013,7,44378.0,Diesel,Manual,First,25.44,936.0,57.6,5.0,3.85
Honda Accord 2.4 M/T,Honda,Delhi,2012,8,64709.0,Petrol,Manual,Second,12.8,2354.0,177.6,5.0,6.0
Maruti Alto LXi,Maruti,Hyderabad,2007,13,76161.0,Petrol,Manual,First,19.7,796.0,46.3,5.0,1.65
Skoda Octavia Ambition 2.0 TDI AT,Skoda,Bangalore,2013,7,58410.0,Diesel,Automatic,First,19.3,1968.0,141.0,5.0,14.5
Toyota Innova 2.5 V Diesel 7-seater,Toyota,Delhi,2011,9,72000.0,Diesel,Manual,First,12.8,2494.0,102.0,7.0,7.1
Audi A4 35 TDI Premium Sport,Audi,Chennai,2016,4,11000.0,Diesel,Automatic,First,17.11,1968.0,174.33,5.0,28.0
Maruti Vitara Brezza ZDi Plus Dual Tone,Maruti,Kochi,2017,3,45362.0,Diesel,Manual,First,24.3,1248.0,88.5,5.0,9.38
Hyundai Grand i10 Sportz,Hyundai,Kochi,2016,4,59767.0,Petrol,Manual,First,18.9,1197.0,82.0,5.0,4.78
Toyota Corolla DX,Toyota,Chennai,2003,17,70000.0,Petrol,Manual,Second,13.4,1794.0,125.0,5.0,1.7
Tata Hexa XTA,Tata,Coimbatore,2019,1,14233.0,Diesel,Automatic,First,17.6,2179.0,153.86,7.0,17.85
Hyundai i20 2015-2017 1.2 Asta,Hyundai,Pune,2010,10,72000.0,Petrol,Manual,Second,17.0,1197.0,80.0,5.0,2.75
Hyundai Verna 1.6 SX VTVT,Hyundai,Mumbai,2014,6,11000.0,Petrol,Manual,First,17.01,1591.0,121.3,5.0,5.95
Maruti Omni 8 Seater BSIV,Maruti,Mumbai,2011,9,39000.0,Petrol,Manual,First,14.0,796.0,35.0,5.0,1.5
Maruti Alto 800 2016-2019 VXI,Maruti,Kochi,2019,1,19855.0,Petrol,Manual,First,24.7,796.0,47.3,5.0,3.8
Mercedes-Benz New C-Class C 220d Avantgarde Edition C,Mercedes-Benz,Bangalore,2017,3,20149.0,Diesel,Automatic,First,19.27,2143.0,167.62,5.0,38.5
Hyundai i10 Era 1.1,Hyundai,Jaipur,2011,9,70000.0,Petrol,Manual,First,19.81,1086.0,68.05,5.0,2.15
Skoda Superb Style 1.8 TSI AT,Skoda,Mumbai,2010,10,62004.0,Petrol,Automatic,Second,14.67,1798.0,177.46,5.0,3.75
Volkswagen Vento 1.5 TDI Highline AT,Volkswagen,Mumbai,2016,4,25500.0,Diesel,Automatic,First,21.5,1498.0,108.5,5.0,8.95
Maruti Swift VDI BSIV,Maruti,Hyderabad,2013,7,68800.0,Diesel,Manual,First,17.8,1248.0,,5.0,5.0
Honda Civic 2010-2013 1.8 V MT,Honda,Pune,2010,10,61700.0,Petrol,Manual,First,14.8,1799.0,130.2,5.0,2.95
BMW 3 Series 320i Sedan,BMW,Coimbatore,2010,10,59660.0,Petrol,Automatic,First,12.05,1995.0,154.0,5.0,10.49
Hyundai Santro Xing GLS,Hyundai,Hyderabad,2007,13,69775.0,Petrol,Manual,Second,17.92,1086.0,62.1,5.0,1.85
Maruti Swift VDI BSIV,Maruti,Hyderabad,2016,4,51787.0,Diesel,Manual,First,17.8,1248.0,,5.0,6.45
Honda Accord 2001-2003 2.3 VTi L AT,Honda,Jaipur,2009,11,88000.0,Petrol,Automatic,First,11.1,2354.0,142.0,5.0,5.25
Maruti Ertiga VDI,Maruti,Kolkata,2014,6,47052.0,Diesel,Manual,First,20.77,1248.0,88.76,7.0,5.99
Ford Fiesta Classic 1.4 Duratorq LXI,Ford,Kochi,2015,5,69749.0,Diesel,Manual,First,18.6,1388.0,67.0,5.0,3.82
Audi Q7 3.0 TDI Quattro Premium Plus,Audi,Hyderabad,2012,8,79000.0,Diesel,Automatic,First,12.07,2967.0,241.4,7.0,39.0
Audi A4 35 TDI Premium,Audi,Coimbatore,2016,4,39644.0,Diesel,Automatic,First,17.11,1968.0,174.33,5.0,25.75
Tata Indica Vista Quadrajet VX,Tata,Hyderabad,2012,8,137800.0,Diesel,Manual,First,22.3,1248.0,74.0,5.0,2.2
Hyundai Verna CRDi ABS,Hyundai,Chennai,2008,12,120000.0,Diesel,Manual,Second,18.1,1493.0,110.0,5.0,2.0
Mercedes-Benz E-Class E 220 d,Mercedes-Benz,Mumbai,2018,2,11000.0,Diesel,Automatic,First,16.1,1950.0,194.0,5.0,56.5
BMW 3 Series 320d Luxury Line,BMW,Mumbai,2014,6,18600.0,Diesel,Automatic,Second,22.69,1995.0,190.0,5.0,21.0
Hyundai Grand i10 CRDi Asta,Hyundai,Ahmedabad,2014,6,116905.0,Diesel,Manual,First,24.0,1120.0,70.0,5.0,4.0
Hyundai i10 Sportz AT,Hyundai,Coimbatore,2011,9,32824.0,Petrol,Automatic,First,16.95,1197.0,78.9,5.0,3.83
Maruti Swift VXi BSIV,Maruti,Kochi,2016,4,19148.0,Petrol,Manual,First,16.1,1197.0,85.0,5.0,5.89
Hyundai Santro Xing GLS,Hyundai,Kolkata,2010,10,35008.0,Petrol,Manual,First,17.92,1086.0,62.1,5.0,1.36
BMW 6 Series Gran Coupe,BMW,Delhi,2013,7,21000.0,Diesel,Automatic,Second,17.54,2993.0,313.0,4.0,44.0
Maruti SX4 Green Vxi (CNG),Maruti,Mumbai,2014,6,53000.0,CNG,Manual,First,22.1,1586.0,85.7,5.0,3.26
Hyundai Verna 1.4 VTVT,Hyundai,Bangalore,2016,4,36000.0,Petrol,Manual,First,17.43,1396.0,105.5,5.0,8.0
Maruti Swift Dzire ZDI,Maruti,Ahmedabad,2012,8,56121.0,Diesel,Manual,First,23.4,1248.0,74.0,5.0,4.25
Maruti Swift VDI,Maruti,Pune,2018,2,30000.0,Diesel,Manual,First,28.4,1248.0,74.0,5.0,6.0
Skoda Octavia 2.0 TDI AT Style Plus,Skoda,Kochi,2016,4,31021.0,Diesel,Automatic,First,19.5,1968.0,141.0,5.0,16.61
Renault Duster 110PS Diesel RxL,Renault,Coimbatore,2013,7,52600.0,Diesel,Manual,First,19.6,1461.0,108.45,5.0,7.26
Mahindra Scorpio 2.6 CRDe,Mahindra,Bangalore,2005,15,60000.0,Diesel,Manual,First,10.5,2179.0,120.0,8.0,4.0
BMW 5 Series 2013-2017 520d Luxury Line,BMW,Ahmedabad,2016,4,44001.0,Diesel,Automatic,First,18.12,1995.0,190.0,5.0,34.51
Maruti Wagon R VXI BSIII,Maruti,Chennai,2003,17,101000.0,Petrol,Manual,Third,17.3,1061.0,64.0,5.0,0.95
Maruti Wagon R LXI BSIII,Maruti,Hyderabad,2007,13,84169.0,Petrol,Manual,First,14.0,1061.0,64.0,5.0,2.2
Hyundai i20 Sportz 1.2,Hyundai,Mumbai,2017,3,14001.0,Petrol,Manual,First,18.6,1197.0,81.83,5.0,5.75
Hyundai Santro Xing XO CNG,Hyundai,Pune,2005,15,100000.0,CNG,Manual,Third,17.0,1086.0,,5.0,1.2
Land Rover Discovery SE 3.0 TD6,Land,Delhi,2016,4,59000.0,Diesel,Automatic,First,18.0,2993.0,255.0,7.0,36.75
Mercedes-Benz New C-Class 230 Avantgarde,Mercedes-Benz,Hyderabad,2009,11,29000.0,Petrol,Automatic,Second,11.7,1796.0,178.0,5.0,10.0
BMW 5 Series 520d Sedan,BMW,Kochi,2014,6,64158.0,Diesel,Automatic,First,18.48,,,,17.89
Nissan Sunny 2011-2014 Diesel XV,Nissan,Mumbai,2012,8,38800.0,Diesel,Manual,First,21.64,1461.0,84.8,5.0,4.05
Audi Q7 3.0 TDI quattro,Audi,Hyderabad,2011,9,98000.0,Diesel,Automatic,First,12.07,2967.0,241.4,7.0,22.0
Mercedes-Benz CLA 200 CDI Sport,Mercedes-Benz,Coimbatore,2017,3,20969.0,Diesel,Automatic,First,17.9,2143.0,136.0,5.0,27.87
Maruti Vitara Brezza ZDi,Maruti,Kolkata,2018,2,2900.0,Diesel,Manual,First,24.3,1248.0,88.5,5.0,8.75
Maruti Swift Dzire Vdi BSIV,Maruti,Hyderabad,2016,4,69000.0,Diesel,Manual,First,19.3,1248.0,73.9,5.0,4.79
Skoda Rapid 1.5 TDI Ambition,Skoda,Coimbatore,2018,2,5833.0,Diesel,Manual,First,21.13,1498.0,108.4,5.0,11.92
Audi Q7 35 TDI Quattro Technology,Audi,Coimbatore,2016,4,28733.0,Diesel,Automatic,Second,12.07,2967.0,241.4,7.0,53.11
Maruti Wagon R LXI,Maruti,Jaipur,2006,14,145000.0,Petrol,Manual,First,18.9,998.0,67.1,5.0,1.15
Honda City i DTEC VX Option,Honda,Pune,2014,6,71000.0,Diesel,Manual,First,25.1,1498.0,98.6,5.0,7.45
Hyundai EON Magna Plus,Hyundai,Jaipur,2017,3,12000.0,Petrol,Manual,First,21.1,814.0,55.2,5.0,3.5
Mercedes-Benz E-Class 2015-2017 E350 CDI Avantgrade,Mercedes-Benz,Kochi,2018,2,21603.0,Diesel,Automatic,First,13.0,2987.0,265.0,5.0,70.15
Hyundai Santro GLS II - Euro II,Hyundai,Bangalore,2011,9,65000.0,Petrol,Manual,Second,,,,,3.15
BMW 3 Series 320d,BMW,Hyderabad,2013,7,58000.0,Diesel,Automatic,First,13.2,1995.0,170.0,5.0,19.5
BMW 3 Series 318i Sedan,BMW,Pune,2012,8,39000.0,Petrol,Automatic,Second,12.05,1995.0,154.0,5.0,15.0
Mahindra NuvoSport N8,Mahindra,Coimbatore,2017,3,37712.0,Diesel,Manual,First,17.45,1493.0,100.0,7.0,7.57
Maruti Ritz VXi,Maruti,Hyderabad,2012,8,68000.0,Petrol,Manual,First,18.5,1197.0,85.8,5.0,4.4
BMW X6 xDrive 40d M Sport,BMW,Chennai,2016,4,25000.0,Diesel,Automatic,First,15.87,2993.0,308.43,5.0,60.0
Chevrolet Beat LT,Chevrolet,Kolkata,2010,10,30000.0,Petrol,Manual,First,18.6,1199.0,79.4,5.0,1.6
Maruti Swift Dzire VXI,Maruti,Pune,2014,6,68218.0,Petrol,Manual,First,19.1,1197.0,85.8,5.0,4.9
Maruti Ertiga ZDI,Maruti,Delhi,2014,6,52000.0,Diesel,Manual,First,20.77,1248.0,88.8,7.0,5.95
Renault Duster 85PS Diesel RxL,Renault,Coimbatore,2015,5,63591.0,Diesel,Manual,First,20.45,1461.0,83.8,5.0,5.35
Honda Amaze VX AT i-Vtech,Honda,Hyderabad,2014,6,57937.0,Petrol,Automatic,First,15.5,1198.0,86.7,5.0,5.4
Audi A4 2.0 TDI Premium Sport Limited Edition,Audi,Coimbatore,2015,5,21979.0,Diesel,Automatic,First,17.11,1968.0,174.33,5.0,23.45
Skoda Octavia Ambiente 1.9 TDI MT,Skoda,Hyderabad,2002,18,99000.0,Diesel,Manual,Second,18.7,1896.0,66.0,5.0,1.9
Honda Amaze E i-Dtech,Honda,Pune,2016,4,62000.0,Diesel,Manual,First,25.8,1498.0,98.6,5.0,6.1
Toyota Innova 2.5 EV Diesel MS 8 Str BSIII,Toyota,Mumbai,2006,14,127001.0,Diesel,Manual,First,12.8,2494.0,102.0,8.0,4.95
Hyundai EON D Lite Plus,Hyundai,Hyderabad,2013,7,84600.0,Petrol,Manual,Second,21.1,814.0,55.2,5.0,2.5
Datsun redi-GO T Option,Datsun,Kochi,2018,2,30953.0,Petrol,Manual,First,22.7,799.0,53.64,5.0,3.48
Maruti Swift VDI,Maruti,Chennai,2012,8,78000.0,Diesel,Manual,First,22.9,1248.0,74.0,5.0,4.4
Mitsubishi Pajero 2.8 GLX Sports,Mitsubishi,Hyderabad,2008,12,85000.0,Diesel,Manual,First,9.5,2835.0,118.6,6.0,7.99
Volvo S80 D5,Volvo,Hyderabad,2008,12,79000.0,Diesel,Automatic,First,13.1,2400.0,215.0,5.0,10.99
Toyota Fortuner 4x2 AT,Toyota,Delhi,2014,6,79000.0,Diesel,Automatic,First,12.55,2982.0,168.5,7.0,18.5
Jeep Compass 2.0 Limited 4X4,Jeep,Coimbatore,2018,2,48188.0,Diesel,Manual,First,16.3,1956.0,170.0,5.0,21.69
Maruti Swift Dzire VDI,Maruti,Coimbatore,2014,6,67557.0,Diesel,Manual,First,23.4,1248.0,74.0,5.0,5.17
Hyundai Verna 1.6 SX,Hyundai,Delhi,2011,9,103814.0,Diesel,Manual,Second,22.32,1582.0,126.32,5.0,4.5
Mahindra Scorpio VLX 2WD BSIV,Mahindra,Kolkata,2014,6,45128.0,Diesel,Manual,First,12.05,2179.0,120.0,8.0,6.75
Hyundai i10 Era,Hyundai,Kochi,2013,7,56075.0,Petrol,Manual,First,19.81,1086.0,68.05,5.0,3.12
Toyota Innova 2.5 G (Diesel) 8 Seater,Toyota,Hyderabad,2011,9,166000.0,Diesel,Manual,First,12.99,2494.0,100.6,8.0,8.25
Toyota Innova Crysta 2.8 ZX AT,Toyota,Coimbatore,2017,3,65367.0,Diesel,Automatic,First,11.36,2755.0,171.5,7.0,20.14
Toyota Innova 2.5 G (Diesel) 8 Seater,Toyota,Hyderabad,2013,7,114708.0,Diesel,Manual,First,12.99,2494.0,100.0,8.0,12.6
Maruti Swift Dzire ZDI,Maruti,Kochi,2015,5,35082.0,Diesel,Manual,First,23.4,1248.0,74.0,5.0,6.61
Hyundai Creta 1.6 CRDi AT SX Plus,Hyundai,Kochi,2016,4,38593.0,Diesel,Automatic,First,17.01,1582.0,126.2,5.0,13.23
Toyota Innova 2.5 G (Diesel) 8 Seater BS IV,Toyota,Mumbai,2008,12,70700.0,Diesel,Manual,First,12.99,2494.0,100.0,8.0,4.75
Volkswagen Vento Diesel Highline,Volkswagen,Mumbai,2011,9,83000.0,Diesel,Manual,Second,20.54,1598.0,103.6,5.0,2.9
Chevrolet Tavera LS B3 10 Seats BSIII,Chevrolet,Hyderabad,2015,5,120000.0,Diesel,Manual,First,14.8,2499.0,80.0,10.0,5.5
Mahindra Ssangyong Rexton RX7,Mahindra,Kochi,2014,6,91586.0,Diesel,Automatic,Second,11.18,2696.0,184.0,7.0,9.47
Hyundai i10 Magna,Hyundai,Mumbai,2008,12,38235.0,Petrol,Manual,First,20.36,1197.0,78.9,5.0,1.95
Hyundai i10 Sportz 1.2,Hyundai,Kolkata,2011,9,37000.0,Petrol,Manual,First,20.36,1197.0,78.9,5.0,2.2
Hyundai Santro Xing XG eRLX Euro III,Hyundai,Mumbai,2006,14,50888.0,Petrol,Manual,First,17.0,1086.0,,5.0,1.15
Honda Amaze S i-Vtech,Honda,Bangalore,2013,7,44000.0,Petrol,Manual,Second,18.0,1198.0,86.7,5.0,4.35
Maruti Celerio ZXI AT,Maruti,Pune,2016,4,54000.0,Petrol,Automatic,First,23.1,998.0,67.04,5.0,4.5
Hyundai Grand i10 Asta,Hyundai,Chennai,2013,7,90000.0,Petrol,Manual,First,18.9,1197.0,82.0,5.0,3.55
Maruti Swift Dzire VDi,Maruti,Kolkata,2015,5,35000.0,Diesel,Manual,First,19.3,1248.0,73.9,5.0,4.75
Hyundai i10 Sportz,Hyundai,Coimbatore,2012,8,47324.0,Petrol,Manual,Second,20.36,1197.0,78.9,5.0,4.52
BMW X1 sDrive 20d Exclusive,BMW,Mumbai,2012,8,65148.0,Diesel,Automatic,First,15.06,1995.0,177.0,5.0,12.75
Audi A4 2.0 TDI 177 Bhp Premium Plus,Audi,Coimbatore,2014,6,57773.0,Diesel,Automatic,Second,17.11,1968.0,174.33,5.0,20.04
Nissan Terrano XL 85 PS,Nissan,Bangalore,2014,6,87000.0,Diesel,Manual,First,20.45,1461.0,83.8,5.0,6.5
Mitsubishi Montero 3.2 GLS,Mitsubishi,Chennai,2007,13,179032.0,Diesel,Manual,First,11.56,3200.0,199.3,7.0,7.5
Maruti Wagon R VXI AMT,Maruti,Mumbai,2016,4,8000.0,Petrol,Automatic,First,22.5,998.0,67.0,5.0,4.15
Honda Civic 2006-2010 1.8 (E) MT,Honda,Hyderabad,2007,13,77000.0,Petrol,Manual,First,13.5,1799.0,130.0,5.0,2.5
Hyundai i20 2015-2017 Magna 1.2,Hyundai,Pune,2016,4,20600.0,Petrol,Manual,First,18.6,1197.0,81.83,5.0,5.4
Maruti Alto K10 VXI,Maruti,Mumbai,2016,4,13198.0,Petrol,Manual,First,24.07,998.0,67.1,5.0,3.15
Audi Q7 35 TDI Quattro Technology,Audi,Bangalore,2015,5,21000.0,Diesel,Automatic,Second,12.07,2967.0,241.4,7.0,52.5
Hyundai i20 Sportz Option 1.2,Hyundai,Delhi,2016,4,38000.0,Petrol,Manual,First,18.6,1197.0,81.83,5.0,5.95
Tata Tiago AMT 1.2 Revotron XZA,Tata,Coimbatore,2019,1,15379.0,Petrol,Automatic,First,23.84,1199.0,83.83,5.0,6.97
Hyundai i10 Sportz 1.2,Hyundai,Hyderabad,2011,9,60000.0,Petrol,Manual,First,20.36,1197.0,78.9,5.0,3.2
Hyundai Santro Xing XP,Hyundai,Pune,2007,13,70000.0,Petrol,Manual,First,,1086.0,,5.0,1.12
Renault Duster 85PS Diesel RxL Optional,Renault,Bangalore,2013,7,75371.0,Diesel,Manual,First,20.46,1461.0,83.8,5.0,6.69
Tata Xenon XT EX 4X4,Tata,Bangalore,2014,6,60000.0,Diesel,Manual,Second,13.49,2179.0,138.03,5.0,5.9
Hyundai i20 Magna,Hyundai,Kolkata,2009,11,30675.0,Petrol,Manual,First,18.5,1197.0,80.0,5.0,2.25
Maruti Swift Dzire VDI,Maruti,Kolkata,2013,7,22000.0,Diesel,Manual,First,23.4,1248.0,74.0,5.0,4.5
Hyundai EON Magna,Hyundai,Pune,2015,5,55000.0,Petrol,Manual,First,22.0,814.0,55.0,5.0,2.61
Mercedes-Benz New C-Class 220 CDI AT,Mercedes-Benz,Jaipur,2010,10,74213.0,Diesel,Automatic,First,14.84,2143.0,170.0,5.0,11.5
Mini Cooper Convertible S,Mini,Mumbai,2016,4,15000.0,Petrol,Automatic,First,16.82,1998.0,189.08,4.0,35.0
Tata Nano Cx,Tata,Jaipur,2010,10,57000.0,Petrol,Manual,First,26.0,624.0,35.0,4.0,0.5
Maruti Ciaz ZDi Plus,Maruti,Kolkata,2015,5,62144.0,Diesel,Manual,Second,26.21,1248.0,88.5,5.0,5.75
Hyundai Verna CRDi 1.6 SX Option,Hyundai,Pune,2017,3,50000.0,Diesel,Manual,First,22.0,1582.0,126.2,5.0,11.5
Hyundai EON Era Plus,Hyundai,Jaipur,2015,5,38000.0,Petrol,Manual,First,21.1,814.0,55.2,5.0,2.75
BMW 5 Series 2013-2017 520d Luxury Line,BMW,Chennai,2016,4,30000.0,Diesel,Automatic,Second,18.12,1995.0,190.0,5.0,31.5
Honda Brio S MT,Honda,Kochi,2016,4,38735.0,Petrol,Manual,First,19.4,1198.0,86.8,5.0,4.92
Maruti Ritz VDi,Maruti,Pune,2012,8,23598.0,Diesel,Manual,First,23.2,1248.0,73.94,5.0,3.52
BMW 3 Series 320d Prestige,BMW,Chennai,2014,6,70000.0,Diesel,Automatic,First,18.88,1995.0,184.0,5.0,17.55
Maruti Swift Dzire LDI,Maruti,Pune,2016,4,39000.0,Diesel,Manual,First,26.59,1248.0,74.0,5.0,5.8
Maruti Swift Dzire VDI,Maruti,Hyderabad,2013,7,84175.0,Diesel,Manual,First,23.4,1248.0,74.0,5.0,6.95
Renault Scala RxL,Renault,Kolkata,2013,7,45000.0,Petrol,Manual,First,16.95,1498.0,97.6,5.0,2.4
Chevrolet Cruze LTZ AT,Chevrolet,Mumbai,2013,7,59302.0,Diesel,Automatic,First,14.39,1998.0,163.7,5.0,5.25
Maruti Swift Dzire ZXi,Maruti,Ahmedabad,2012,8,55002.0,Petrol,Manual,First,17.5,1298.0,85.8,5.0,4.25
Tata Indigo CS LX (TDI) BS III,Tata,Jaipur,2008,12,128813.0,Diesel,Manual,First,19.09,1396.0,69.0,5.0,1.5
Hyundai Grand i10 CRDi Sportz,Hyundai,Jaipur,2016,4,46522.0,Diesel,Manual,First,24.0,1120.0,70.0,5.0,4.5
Tata Indica Vista Quadrajet LS,Tata,Pune,2014,6,180000.0,Diesel,Manual,First,22.3,1248.0,74.0,5.0,2.5
Ford Fiesta 1.4 TDCi EXI,Ford,Chennai,2006,14,89326.0,Diesel,Manual,Third,17.8,1399.0,68.0,5.0,1.55
Renault Duster 85PS Diesel RxE,Renault,Pune,2016,4,54000.0,Diesel,Manual,First,19.87,1461.0,83.8,5.0,6.5
BMW 5 Series 520d Sedan,BMW,Pune,2012,8,95000.0,Diesel,Automatic,Second,18.48,,,,18.0
Hyundai Grand i10 CRDi SportZ Edition,Hyundai,Kochi,2015,5,66337.0,Diesel,Manual,First,24.0,1120.0,70.0,5.0,4.96
Honda Brio S MT,Honda,Bangalore,2012,8,60000.0,Petrol,Manual,First,19.4,1198.0,86.8,5.0,3.25
Audi A4 1.8 TFSI,Audi,Kolkata,2010,10,38001.0,Petrol,Automatic,First,12.3,1781.0,163.2,5.0,8.5
Maruti Alto 800 2016-2019 LXI,Maruti,Bangalore,2014,6,73000.0,Petrol,Manual,Second,24.7,796.0,47.3,5.0,2.75
Hyundai Verna Transform SX VTVT,Hyundai,Bangalore,2011,9,61000.0,Petrol,Manual,Second,16.2,1599.0,103.2,5.0,3.4
Maruti Ertiga ZDI,Maruti,Hyderabad,2013,7,120000.0,Diesel,Manual,First,20.77,1248.0,88.8,7.0,7.0
Chevrolet Optra Magnum 1.6 LT ABS BS3,Chevrolet,Kochi,2012,8,71787.0,Petrol,Manual,First,12.9,1598.0,102.5,5.0,3.21
Hyundai Creta 1.6 CRDi SX Option,Hyundai,Coimbatore,2016,4,11554.0,Diesel,Manual,First,19.67,1582.0,126.2,5.0,14.25
Volkswagen Vento 1.5 TDI Highline,Volkswagen,Hyderabad,2014,6,90000.0,Diesel,Manual,First,20.34,1498.0,103.2,5.0,6.5
Honda City i VTEC SV,Honda,Kolkata,2014,6,48104.0,Petrol,Manual,First,17.4,1497.0,117.3,5.0,5.49
Hyundai Getz GLS ABS,Hyundai,Pune,2005,15,91000.0,Petrol,Manual,Third,16.8,1341.0,83.0,5.0,0.8
Hyundai Santro Xing XG eRLX Euro III,Hyundai,Kochi,2007,13,58815.0,Petrol,Manual,First,17.0,1086.0,,5.0,1.99
Hyundai Grand i10 AT Asta,Hyundai,Coimbatore,2015,5,33931.0,Petrol,Automatic,Second,18.9,1197.0,82.0,5.0,5.91
Hyundai Grand i10 1.2 Kappa Sportz Option,Hyundai,Coimbatore,2019,1,13916.0,Petrol,Manual,First,18.9,1197.0,81.86,5.0,6.44
Maruti Wagon R LXI CNG,Maruti,Pune,2012,8,90400.0,CNG,Manual,First,26.2,998.0,58.2,5.0,2.9
Hyundai Grand i10 Sportz,Hyundai,Jaipur,2015,5,14000.0,Petrol,Manual,First,18.9,1197.0,82.0,5.0,4.6
Maruti Swift VDI BSIV,Maruti,Pune,2007,13,121000.0,Diesel,Manual,Second,17.8,1248.0,,5.0,2.35
Hyundai i20 Asta 1.2,Hyundai,Coimbatore,2016,4,17560.0,Petrol,Manual,First,18.6,1197.0,81.83,5.0,7.21
Renault Duster 85PS Diesel RxL,Renault,Pune,2016,4,60000.0,Diesel,Manual,First,19.87,1461.0,83.8,5.0,8.0
Maruti Swift Dzire VDi,Maruti,Hyderabad,2009,11,88096.0,Diesel,Manual,Second,19.3,1248.0,73.9,5.0,3.5
Toyota Innova 2.5 G (Diesel) 8 Seater BS IV,Toyota,Pune,2008,12,178280.0,Diesel,Manual,First,12.8,2494.0,102.0,8.0,5.9
Tata Nano Twist XT,Tata,Coimbatore,2015,5,19963.0,Petrol,Manual,Second,25.4,624.0,37.5,4.0,1.74
Ford Figo 2015-2019 1.2P Sports Edition MT,Ford,Mumbai,2019,1,1000.0,Petrol,Manual,First,18.12,1196.0,86.8,5.0,6.8
Hyundai i20 1.2 Asta Option,Hyundai,Jaipur,2017,3,8000.0,Petrol,Manual,First,18.6,1197.0,81.83,5.0,7.5
Honda BRV i-VTEC V MT,Honda,Pune,2016,4,9200.0,Petrol,Manual,First,15.4,1497.0,117.3,7.0,8.0
Honda Amaze S Diesel,Honda,Hyderabad,2015,5,29000.0,Diesel,Manual,First,27.4,1498.0,98.6,5.0,5.99
Hyundai Creta 1.6 CRDi SX,Hyundai,Mumbai,2017,3,27000.0,Diesel,Manual,First,19.67,1582.0,126.2,5.0,12.9
Maruti Baleno Zeta 1.2,Maruti,Delhi,2018,2,22900.0,Petrol,Manual,First,21.4,1197.0,83.1,5.0,7.0
Audi Q5 2.0 TDI Technology,Audi,Hyderabad,2014,6,50000.0,Diesel,Automatic,First,14.16,1968.0,174.3,5.0,35.0
Honda Amaze S i-DTEC,Honda,Jaipur,2015,5,60207.0,Diesel,Manual,First,25.8,1498.0,98.6,5.0,5.5
BMW X5 3.0d,BMW,Coimbatore,2010,10,101119.0,Diesel,Automatic,First,11.0,2993.0,235.0,5.0,18.46
Ford Figo Petrol Titanium,Ford,Jaipur,2010,10,42000.0,Petrol,Manual,First,15.6,1196.0,70.0,5.0,2.4
Maruti Wagon R VXI,Maruti,Pune,2002,18,93000.0,Petrol,Manual,Third,18.9,998.0,67.1,5.0,1.0
Hyundai i10 Era,Hyundai,Ahmedabad,2012,8,60000.0,Petrol,Manual,Second,19.81,1086.0,68.05,5.0,2.65
Skoda Rapid 1.5 TDI AT Elegance,Skoda,Kochi,2015,5,66122.0,Diesel,Automatic,First,21.66,1498.0,103.52,5.0,5.96
Porsche Panamera Diesel,Porsche,Kolkata,2015,5,25100.0,Diesel,Automatic,First,17.85,2967.0,300.0,4.0,75.0
Mercedes-Benz CLA 200 Sport Edition,Mercedes-Benz,Kochi,2017,3,24733.0,Petrol,Automatic,First,15.04,1991.0,183.0,5.0,27.15
Audi A6 2.8 FSI,Audi,Ahmedabad,2008,12,41000.0,Petrol,Automatic,Second,10.4,2773.0,201.0,5.0,10.5
Maruti Ciaz ZXi Plus,Maruti,Chennai,2015,5,30000.0,Petrol,Manual,First,20.73,1373.0,91.1,5.0,6.7
Ford Ecosport 1.5 DV5 MT Titanium,Ford,Kolkata,2013,7,36000.0,Diesel,Manual,First,22.7,1498.0,89.84,5.0,4.9
Mahindra Bolero mHAWK D70 ZLX,Mahindra,Hyderabad,2017,3,40279.0,Diesel,Manual,First,16.5,1493.0,70.0,7.0,8.0
Maruti Alto K10 VXI,Maruti,Kochi,2018,2,46805.0,Petrol,Manual,First,24.07,998.0,67.1,5.0,3.63
Maruti Swift Dzire 1.2 Vxi BSIV,Maruti,Mumbai,2015,5,60000.0,Petrol,Manual,First,17.5,1197.0,85.8,5.0,4.8
Tata Zest Revotron 1.2T XE,Tata,Mumbai,2017,3,100000.0,Petrol,Manual,First,17.57,1193.0,88.7,5.0,4.25
Maruti Swift 1.3 VXi,Maruti,Kolkata,2014,6,32986.0,Petrol,Manual,First,16.1,,,,4.24
Ford Endeavour 3.2 Trend AT 4X4,Ford,Coimbatore,2018,2,51530.0,Diesel,Automatic,First,10.91,3198.0,197.2,7.0,30.27
Mercedes-Benz New C-Class C 220 CDI CLASSIC,Mercedes-Benz,Jaipur,2013,7,81456.0,Diesel,Manual,First,15.8,2148.0,170.0,5.0,14.25
Hyundai i10 Sportz AT,Hyundai,Ahmedabad,2012,8,37229.0,Petrol,Automatic,First,16.95,1197.0,78.9,5.0,3.41
Honda City 1.5 S MT,Honda,Delhi,2009,11,73200.0,Petrol,Manual,First,17.0,1497.0,118.0,5.0,2.78
Skoda Octavia Elegance 2.0 TDI AT,Skoda,Ahmedabad,2015,5,71826.0,Diesel,Automatic,First,19.3,1968.0,141.0,5.0,15.5
Tata Indica V2 eLS,Tata,Chennai,2017,3,129000.0,Diesel,Manual,First,25.0,1396.0,69.0,5.0,3.0
Maruti Wagon R VXi BSII,Maruti,Pune,2012,8,82000.0,Petrol,Manual,First,18.9,998.0,67.1,5.0,2.3
Hyundai Creta 1.6 CRDi SX,Hyundai,Kochi,2017,3,40459.0,Diesel,Manual,First,19.67,1582.0,126.2,5.0,13.28
Maruti A-Star Lxi,Maruti,Hyderabad,2009,11,61964.0,Petrol,Manual,First,19.0,998.0,66.1,5.0,2.25
Maruti Wagon R LXI,Maruti,Kochi,2011,9,15466.0,Petrol,Manual,First,22.5,998.0,67.04,5.0,3.36
Honda Mobilio E i VTEC,Honda,Kolkata,2014,6,23000.0,Petrol,Manual,First,17.3,1497.0,117.3,7.0,4.25
Hyundai i10 Magna,Hyundai,Coimbatore,2012,8,43766.0,Petrol,Manual,First,20.36,1197.0,78.9,5.0,4.3
Skoda Superb 3.6 V6 FSI,Skoda,Hyderabad,2010,10,54000.0,Petrol,Automatic,First,,3597.0,262.6,5.0,6.0
Hyundai i20 1.4 Sportz,Hyundai,Coimbatore,2018,2,18521.0,Diesel,Manual,First,22.54,1396.0,88.73,5.0,9.18
Maruti Celerio ZXI Optional,Maruti,Hyderabad,2017,3,26400.0,Petrol,Manual,First,23.1,998.0,67.04,5.0,4.99
Skoda Laura 1.8 TSI Ambiente,Skoda,Pune,2011,9,31900.0,Petrol,Manual,First,13.4,1798.0,157.8,5.0,3.75
Ford Figo Diesel LXI,Ford,Chennai,2010,10,39000.0,Diesel,Manual,First,20.0,1399.0,68.0,5.0,2.5
Honda Jazz 1.5 VX i DTEC,Honda,Hyderabad,2016,4,45671.0,Diesel,Manual,First,27.3,1498.0,98.6,5.0,7.2
Mercedes-Benz E-Class 2015-2017 E250 Edition E,Mercedes-Benz,Ahmedabad,2016,4,39500.0,Diesel,Automatic,First,15.0,2143.0,204.0,5.0,29.5
Mercedes-Benz GLA Class 200 CDI SPORT,Mercedes-Benz,Chennai,2015,5,54000.0,Diesel,Automatic,First,17.9,2143.0,136.0,5.0,17.55
Volvo S60 D3,Volvo,Chennai,2012,8,20000.0,Diesel,Automatic,First,18.5,1985.0,163.0,5.0,12.0
Audi A8 L 3.0 TDI quattro,Audi,Bangalore,2009,11,55000.0,Diesel,Automatic,First,11.8,2967.0,246.7,5.0,13.5
Hyundai Verna 1.6 SX CRDI (O) AT,Hyundai,Kolkata,2014,6,48000.0,Diesel,Automatic,First,22.32,1582.0,126.32,5.0,5.1
BMW 3 Series 320d,BMW,Kolkata,2011,9,70000.0,Diesel,Automatic,First,22.69,1995.0,190.0,5.0,10.3
Hyundai Verna 1.6 SX,Hyundai,Delhi,2014,6,62000.0,Diesel,Manual,First,22.32,1582.0,126.32,5.0,5.7
Maruti Wagon R VXI,Maruti,Kochi,2014,6,41994.0,Petrol,Manual,First,22.5,998.0,67.04,5.0,3.41
Ford Figo Diesel EXI,Ford,Hyderabad,2010,10,108882.0,Diesel,Manual,Second,20.0,1399.0,68.0,5.0,2.4
Mahindra KUV 100 mFALCON G80 K2,Mahindra,Coimbatore,2017,3,24806.0,Petrol,Manual,First,18.15,1198.0,82.0,6.0,5.6
Tata Indigo LS,Tata,Pune,2006,14,160000.0,Diesel,Manual,First,17.0,1405.0,70.0,5.0,1.0
Mahindra TUV 300 T8 AMT,Mahindra,Hyderabad,2017,3,30000.0,Diesel,Automatic,First,18.49,1493.0,100.0,7.0,8.2
Audi Q3 35 TDI Quattro Premium Plus,Audi,Bangalore,2015,5,51000.0,Diesel,Automatic,First,15.17,1968.0,181.0,5.0,27.5
Maruti Wagon R VXI 1.2,Maruti,Jaipur,2015,5,64876.0,Petrol,Manual,First,21.5,1197.0,81.8,5.0,3.5
Maruti Celerio CNG VXI MT,Maruti,Kochi,2016,4,70536.0,CNG,Manual,First,31.79,998.0,58.33,5.0,4.58
Maruti Vitara Brezza ZDi Plus Dual Tone,Maruti,Coimbatore,2017,3,25299.0,Diesel,Manual,First,24.3,1248.0,88.5,5.0,10.34
Mahindra Scorpio DX 2.6 Turbo 8 Str,Mahindra,Mumbai,2006,14,89869.0,Diesel,Manual,First,12.7,2609.0,116.6,8.0,3.25
Hyundai Tucson CRDi,Hyundai,Jaipur,2007,13,103515.0,Diesel,Manual,Third,12.6,1991.0,112.0,7.0,5.0
Hyundai Santro Xing GLS,Hyundai,Hyderabad,2008,12,68282.0,Petrol,Manual,First,17.92,1086.0,62.1,5.0,2.25
Porsche Panamera Diesel 250hp,Porsche,Kochi,2014,6,60033.0,Diesel,Automatic,First,18.18,2967.0,250.0,4.0,51.52
Maruti Vitara Brezza VDi Option,Maruti,Kochi,2018,2,51921.0,Diesel,Manual,First,24.3,1248.0,88.5,5.0,8.62
Maruti Swift Dzire VDI,Maruti,Mumbai,2017,3,18414.0,Diesel,Manual,First,23.4,1248.0,74.0,5.0,7.25
Honda Amaze V Petrol,Honda,Kochi,2016,4,40866.0,Petrol,Manual,First,19.5,1199.0,86.76,5.0,5.47
Jaguar XF 2.2 Litre Luxury,Jaguar,Pune,2014,6,55001.0,Diesel,Automatic,First,16.36,2179.0,187.7,5.0,31.0
Mini Cooper Convertible S,Mini,Kochi,2017,3,20469.0,Petrol,Automatic,First,16.82,1998.0,189.08,4.0,35.98
Hyundai EON Era Plus,Hyundai,Jaipur,2017,3,8500.0,Petrol,Manual,First,21.1,814.0,55.2,5.0,3.42
Audi A6 3.0 TDI quattro,Audi,Ahmedabad,2008,12,45000.0,Diesel,Automatic,Second,16.77,2967.0,241.38,5.0,11.5
Hyundai i20 Active 1.2 SX Dual Tone,Hyundai,Pune,2016,4,6000.0,Petrol,Manual,First,17.19,1197.0,81.86,5.0,7.25
Maruti Swift AMT DDiS VDI,Maruti,Chennai,2018,2,11000.0,Diesel,Manual,First,28.4,1248.0,74.0,5.0,8.0
Ford Ecosport 1.5 DV5 MT Titanium,Ford,Kochi,2015,5,80064.0,Diesel,Manual,First,22.7,1498.0,89.84,5.0,7.33
Maruti Wagon R VXI BS IV with ABS,Maruti,Kolkata,2016,4,29930.0,Petrol,Manual,First,18.9,998.0,67.1,5.0,3.35
Volkswagen Vento 1.5 TDI Highline,Volkswagen,Mumbai,2013,7,49105.0,Diesel,Manual,First,20.34,1498.0,103.2,5.0,4.4
Toyota Etios VX,Toyota,Kolkata,2012,8,55000.0,Petrol,Manual,First,17.6,1496.0,88.7,5.0,2.99
Honda Jazz 1.2 SV i VTEC,Honda,Bangalore,2015,5,23000.0,Petrol,Manual,First,18.7,1199.0,88.7,5.0,5.6
Volkswagen CrossPolo 1.5 TDI,Volkswagen,Coimbatore,2016,4,54727.0,Diesel,Manual,First,20.14,1498.0,88.73,5.0,6.63
Volkswagen Ameo 1.5 TDI Highline,Volkswagen,Kochi,2018,2,31426.0,Diesel,Manual,First,21.66,1498.0,108.62,5.0,7.9
Honda City V MT Exclusive,Honda,Kochi,2015,5,53442.0,Petrol,Manual,First,16.8,1497.0,116.3,5.0,7.0
Honda Brio VX AT,Honda,Hyderabad,2014,6,28000.0,Petrol,Automatic,First,16.5,1198.0,86.8,5.0,4.95
Skoda Rapid 1.6 MPI AT Style,Skoda,Mumbai,2017,3,13412.0,Petrol,Automatic,First,14.3,1598.0,103.52,5.0,9.19
Hyundai Verna CRDi,Hyundai,Hyderabad,2011,9,70000.0,Diesel,Manual,First,16.8,1493.0,110.0,5.0,5.1
Hyundai i20 Active S Diesel,Hyundai,Jaipur,2015,5,81310.0,Diesel,Manual,First,21.19,1396.0,88.76,5.0,5.9
Maruti Baleno Alpha CVT,Maruti,Kochi,2019,1,13574.0,Petrol,Automatic,First,21.4,1197.0,83.1,5.0,9.51
Honda CR-V 2.4L 4WD MT,Honda,Mumbai,2008,12,75000.0,Petrol,Manual,Second,11.1,2354.0,158.8,5.0,3.9
Maruti Swift Dzire VXI,Maruti,Coimbatore,2014,6,58310.0,Petrol,Manual,Second,19.1,1197.0,85.8,5.0,5.39
Maruti Swift Dzire VDi,Maruti,Pune,2009,11,90000.0,Diesel,Manual,Second,19.3,1248.0,73.9,5.0,3.0
Maruti Swift Dzire ZDI,Maruti,Jaipur,2012,8,83000.0,Diesel,Manual,First,23.4,1248.0,74.0,5.0,4.3
Maruti Swift Dzire ZXI,Maruti,Jaipur,2017,3,37282.0,Petrol,Manual,First,20.85,1197.0,83.14,5.0,6.75
Hyundai Grand i10 Sportz,Hyundai,Jaipur,2017,3,23000.0,Petrol,Manual,First,18.9,1197.0,82.0,5.0,4.5
Ford Fiesta 1.4 ZXi TDCi ABS,Ford,Chennai,2010,10,82000.0,Diesel,Manual,First,17.8,1399.0,68.0,5.0,2.75
Hyundai Verna 1.6 CRDi S,Hyundai,Chennai,2016,4,31000.0,Diesel,Manual,First,23.9,1582.0,126.2,5.0,9.0
Maruti Wagon R Vx,Maruti,Jaipur,2001,19,200000.0,Petrol,Manual,First,12.0,,,,0.7
Ford Figo Diesel EXI,Ford,Delhi,2014,6,45001.0,Diesel,Manual,Second,20.0,1399.0,68.05,5.0,2.55
Tata Manza Aqua Quadrajet BS IV,Tata,Coimbatore,2014,6,50446.0,Diesel,Manual,First,21.12,1248.0,88.8,5.0,3.54
Honda Civic 2006-2010 1.8 S MT,Honda,Ahmedabad,2009,11,89000.0,Petrol,Manual,First,13.5,1799.0,130.0,5.0,4.25
Maruti Alto LX BSIII,Maruti,Ahmedabad,2007,13,72000.0,Petrol,Manual,Second,19.7,796.0,46.3,5.0,1.2
BMW 5 Series 520d Luxury Line,BMW,Ahmedabad,2013,7,90000.0,Diesel,Automatic,First,22.48,1995.0,190.0,5.0,19.5
Mahindra XUV500 W8 2WD,Mahindra,Bangalore,2015,5,76000.0,Diesel,Manual,Second,16.0,2179.0,140.0,7.0,12.0
Maruti Ritz VDi,Maruti,Hyderabad,2012,8,78401.0,Diesel,Manual,First,23.2,1248.0,73.94,5.0,3.9
Maruti Vitara Brezza ZDi Plus,Maruti,Kochi,2017,3,38426.0,Diesel,Manual,First,24.3,1248.0,88.5,5.0,9.13
Maruti Eeco 7 Seater Standard,Maruti,Pune,2011,9,45000.0,Petrol,Manual,First,15.1,1196.0,73.0,7.0,2.25
Maruti Swift Dzire 1.2 Vxi BSIV,Maruti,Mumbai,2012,8,83000.0,Petrol,Manual,First,17.5,1197.0,85.8,5.0,3.25
Hyundai Creta 1.6 CRDi AT SX Plus,Hyundai,Coimbatore,2017,3,50170.0,Diesel,Automatic,First,17.01,1582.0,126.2,5.0,14.79
Maruti Wagon R LXI,Maruti,Mumbai,2010,10,37822.0,Petrol,Manual,First,22.5,998.0,67.04,5.0,2.35
Maruti Celerio ZDi,Maruti,Kolkata,2015,5,33517.0,Diesel,Manual,First,27.62,793.0,47.0,5.0,3.1
Hyundai Santa Fe 2WD AT,Hyundai,Delhi,2014,6,110000.0,Diesel,Automatic,First,13.01,2199.0,194.3,7.0,12.9
Hyundai EON D Lite Plus Option,Hyundai,Kolkata,2017,3,60000.0,Petrol,Manual,First,21.1,814.0,55.2,5.0,2.5
Hyundai i20 Sportz 1.2,Hyundai,Delhi,2013,7,92408.0,Petrol,Manual,First,18.5,1197.0,82.85,5.0,3.65
Hyundai Verna 1.6 SX VTVT (O),Hyundai,Bangalore,2014,6,45000.0,Petrol,Manual,First,17.1,1591.0,121.3,5.0,7.5
Honda Brio S Option MT,Honda,Kochi,2013,7,33793.0,Petrol,Manual,First,18.4,1198.0,86.8,5.0,3.74
Maruti Swift VXI Optional,Maruti,Kochi,2017,3,26327.0,Petrol,Manual,First,20.4,1197.0,81.8,5.0,5.86
Mercedes-Benz New C-Class C 220d Avantgarde Edition C,Mercedes-Benz,Coimbatore,2018,2,20604.0,Diesel,Automatic,First,19.27,2143.0,167.62,5.0,39.62
Maruti Swift VDI Optional,Maruti,Coimbatore,2018,2,61386.0,Diesel,Manual,First,25.2,1248.0,74.0,5.0,7.05
Maruti Swift AMT VDI,Maruti,Delhi,2018,2,11500.0,Diesel,Automatic,First,28.4,1248.0,74.0,5.0,7.5
Chevrolet Beat Diesel LS,Chevrolet,Chennai,2012,8,58000.0,Diesel,Manual,First,25.44,936.0,57.6,5.0,2.1
Skoda Superb Elegance 1.8 TSI AT,Skoda,Delhi,2014,6,38000.0,Petrol,Automatic,First,13.7,1798.0,157.75,5.0,11.6
Mercedes-Benz New C-Class C 220 CDI BE Avantgare,Mercedes-Benz,Bangalore,2012,8,49000.0,Diesel,Automatic,Second,14.84,2143.0,167.62,5.0,19.25
Toyota Innova Crysta 2.4 VX MT 8S,Toyota,Coimbatore,2017,3,72202.0,Diesel,Manual,First,13.68,2393.0,147.8,8.0,17.92
Hyundai i10 Sportz,Hyundai,Kolkata,2016,4,7000.0,Petrol,Manual,First,20.36,1197.0,78.9,5.0,3.6
Honda Amaze S i-DTEC,Honda,Ahmedabad,2014,6,20000.0,Diesel,Manual,Second,25.8,1498.0,98.6,5.0,4.5
Hyundai i20 Magna 1.4 CRDi (Diesel),Hyundai,Hyderabad,2017,3,14061.0,Diesel,Manual,First,21.9,1396.0,88.76,5.0,7.4
Mercedes-Benz GLE 350d,Mercedes-Benz,Coimbatore,2018,2,30706.0,Diesel,Automatic,First,11.57,2987.0,254.79,5.0,59.29
Mahindra Scorpio 2009-2014 SLE 7S BSIV,Mahindra,Kolkata,2011,9,51387.0,Diesel,Manual,First,12.05,2179.0,120.0,7.0,5.5
Hyundai Getz GLE,Hyundai,Bangalore,2006,14,44000.0,Petrol,Manual,Second,15.3,1341.0,83.0,5.0,1.75
Maruti Baleno Alpha,Maruti,Mumbai,2016,4,12208.0,Petrol,Manual,First,21.4,1197.0,83.1,5.0,6.75
Chevrolet Optra Magnum 2.0 LT,Chevrolet,Chennai,2011,9,55000.0,Diesel,Manual,First,16.52,1991.0,123.7,5.0,3.95
Hyundai Verna 1.6 SX VTVT (O),Hyundai,Mumbai,2011,9,61600.0,Petrol,Manual,First,17.1,1591.0,121.3,5.0,4.2
Honda City 1.5 V MT,Honda,Hyderabad,2016,4,28414.0,Petrol,Manual,First,17.0,1497.0,118.0,5.0,8.4
Volkswagen Polo GT TSI,Volkswagen,Mumbai,2017,3,27853.0,Petrol,Automatic,First,17.21,1197.0,103.5,5.0,8.25
Honda Brio E MT,Honda,Bangalore,2013,7,55116.0,Petrol,Manual,First,19.4,1198.0,86.8,5.0,3.31
Maruti Swift Dzire VDI,Maruti,Ahmedabad,2017,3,26000.0,Diesel,Manual,First,26.59,1248.0,74.0,5.0,7.5
Honda City 1.5 V MT Exclusive,Honda,Pune,2012,8,45496.0,Petrol,Manual,First,17.0,1497.0,118.0,5.0,4.75
Mahindra Ssangyong Rexton RX7,Mahindra,Pune,2013,7,76000.0,Diesel,Automatic,Second,11.18,2696.0,184.0,7.0,8.79
Skoda Superb Elegance 1.8 TSI MT,Skoda,Pune,2014,6,136000.0,Petrol,Manual,First,13.1,1798.0,157.75,5.0,9.5
Hyundai Santro GLS II - Euro II,Hyundai,Pune,2009,11,100000.0,Petrol,Manual,First,,,,,1.6
Maruti Alto LXi,Maruti,Kolkata,2010,10,38127.0,Petrol,Manual,First,19.7,796.0,46.3,5.0,1.55
Hyundai i20 Asta (o) 1.4 CRDi (Diesel),Hyundai,Jaipur,2014,6,82450.0,Diesel,Manual,First,23.0,1396.0,90.0,5.0,5.85
Ford Ecosport 1.5 Ti VCT MT Trend,Ford,Coimbatore,2014,6,62497.0,Petrol,Manual,First,15.8,1499.0,110.0,5.0,7.52
Nissan Micra Diesel XV,Nissan,Hyderabad,2011,9,86732.0,Diesel,Manual,First,23.08,1461.0,63.1,5.0,3.6
Honda Brio E MT,Honda,Kochi,2016,4,27969.0,Petrol,Manual,First,19.4,1198.0,86.8,5.0,4.73
Mahindra Ssangyong Rexton RX7,Mahindra,Delhi,2013,7,66372.0,Diesel,Automatic,First,11.18,2696.0,184.0,7.0,10.5
BMW 7 Series 730Ld Sedan,BMW,Coimbatore,2013,7,73525.0,Diesel,Automatic,First,16.46,2993.0,258.0,5.0,34.54
Hyundai Grand i10 1.2 Kappa Sportz,Hyundai,Kochi,2018,2,20689.0,Petrol,Manual,First,18.9,1197.0,81.86,5.0,6.07
Maruti Baleno Delta 1.2,Maruti,Coimbatore,2018,2,25093.0,Petrol,Manual,First,21.4,1197.0,83.1,5.0,7.76
Mahindra Xylo E8 ABS BS IV,Mahindra,Coimbatore,2016,4,49176.0,Diesel,Manual,First,11.68,2498.0,112.0,8.0,7.46
Renault Fluence Diesel E4,Renault,Delhi,2012,8,87510.0,Diesel,Manual,First,21.8,1461.0,78.0,5.0,3.49
Hyundai i20 1.2 Magna,Hyundai,Coimbatore,2012,8,38214.0,Petrol,Manual,Second,18.5,1197.0,80.0,5.0,4.05
Mitsubishi Pajero 2.8 SFX,Mitsubishi,Kochi,2013,7,48986.0,Diesel,Manual,First,10.5,2835.0,107.2,6.0,11.88
Toyota Corolla Altis 2008-2013 1.8 VL AT,Toyota,Pune,2011,9,88000.0,Petrol,Automatic,First,14.53,1794.0,138.1,5.0,6.45
BMW X5 X5 M,BMW,Pune,2015,5,69002.0,Diesel,Automatic,First,15.97,2993.0,258.0,5.0,50.0
BMW 3 Series 2005-2011 325i Sedan,BMW,Pune,2011,9,43706.0,Petrol,Automatic,First,10.9,2497.0,215.0,5.0,9.0
Hyundai Creta 1.6 CRDi AT SX Plus,Hyundai,Coimbatore,2016,4,58671.0,Diesel,Automatic,First,17.01,1582.0,126.2,5.0,14.25
Mahindra TUV 300 2015-2019 T8,Mahindra,Coimbatore,2017,3,49404.0,Diesel,Manual,First,18.49,1493.0,100.0,7.0,7.36
Mahindra Scorpio VLX 2.2 mHawk BSIII,Mahindra,Delhi,2010,10,72000.0,Diesel,Manual,First,12.05,2179.0,120.0,8.0,4.4
Renault KWID RXT,Renault,Mumbai,2016,4,24000.0,Petrol,Manual,First,25.17,799.0,53.3,5.0,3.1
Renault KWID 1.0 RXT Optional AMT,Renault,Coimbatore,2017,3,53285.0,Petrol,Automatic,First,22.5,999.0,67.0,5.0,4.28
Maruti Swift VXi BSIV,Maruti,Pune,2017,3,12000.0,Petrol,Manual,First,16.1,1197.0,85.0,5.0,5.5
Skoda Laura 1.9 TDI AT Ambiente,Skoda,Kolkata,2012,8,45000.0,Diesel,Automatic,First,17.0,1896.0,105.0,5.0,6.99
Maruti Alto 800 2016-2019 VXI,Maruti,Coimbatore,2018,2,26234.0,Petrol,Manual,First,24.7,796.0,47.3,5.0,4.29
Maruti Swift VXI,Maruti,Delhi,2014,6,55000.0,Petrol,Manual,First,18.6,1197.0,85.8,5.0,4.2
Hyundai i20 1.4 CRDi Sportz,Hyundai,Pune,2012,8,90000.0,Diesel,Manual,First,23.0,1396.0,90.0,5.0,4.11
Audi Q3 2012-2015 35 TDI Quattro Premium,Audi,Mumbai,2015,5,48000.0,Diesel,Automatic,First,15.73,1968.0,174.33,5.0,18.75
Mercedes-Benz GLE 350d,Mercedes-Benz,Mumbai,2017,3,19863.0,Diesel,Automatic,First,11.57,2987.0,254.79,5.0,64.95
Hyundai i10 Era,Hyundai,Mumbai,2010,10,55000.0,Petrol,Manual,Second,19.81,1086.0,68.05,5.0,1.59
Maruti Wagon R LXI Optional,Maruti,Kolkata,2016,4,4800.0,Petrol,Manual,First,20.51,998.0,67.04,5.0,3.6
Honda City i VTEC V,Honda,Kochi,2017,3,38607.0,Petrol,Manual,Second,17.8,1497.0,117.3,5.0,7.87
Hyundai Grand i10 1.2 Kappa Sportz,Hyundai,Mumbai,2018,2,3958.0,Petrol,Manual,First,18.9,1197.0,81.86,5.0,5.55
Honda City i DTEC VX,Honda,Jaipur,2014,6,74000.0,Diesel,Manual,Second,25.1,1498.0,98.6,5.0,6.4
Maruti Swift Dzire VXi,Maruti,Mumbai,2009,11,54540.0,Petrol,Manual,Third,17.5,1298.0,85.8,5.0,2.65
Maruti Swift Dzire ZXi,Maruti,Delhi,2015,5,58400.0,Petrol,Manual,First,17.5,1298.0,85.8,5.0,5.5
Mahindra XUV500 W8 2WD,Mahindra,Kochi,2013,7,73648.0,Diesel,Manual,First,15.1,2179.0,140.0,7.0,7.31
Maruti Ciaz ZDi Plus SHVS,Maruti,Jaipur,2016,4,83000.0,Diesel,Manual,First,28.09,1248.0,88.5,5.0,7.1
Hyundai Verna 1.6 SX CRDi (O),Hyundai,Kochi,2016,4,16159.0,Diesel,Manual,First,22.32,1582.0,126.32,5.0,7.83
Hyundai Accent CRDi,Hyundai,Mumbai,2005,15,150000.0,Diesel,Manual,First,13.1,1493.0,82.0,5.0,0.85
Honda Brio S MT,Honda,Mumbai,2014,6,22100.0,Petrol,Manual,First,19.4,1198.0,86.8,5.0,3.55
Hyundai i20 Active 1.2 SX,Hyundai,Coimbatore,2017,3,35043.0,Petrol,Manual,First,17.19,1197.0,81.86,5.0,8.19
BMW 3 Series 320d Sport Line,BMW,Pune,2018,2,24000.0,Diesel,Automatic,First,18.88,1995.0,184.0,5.0,28.0
Volkswagen Jetta 2013-2015 2.0L TDI Highline AT,Volkswagen,Chennai,2015,5,480000.0,Diesel,Automatic,First,16.96,1968.0,138.03,5.0,13.0
Volkswagen Polo Petrol Highline 1.6L,Volkswagen,Chennai,2011,9,70000.0,Petrol,Manual,Second,15.26,1598.0,103.5,5.0,3.29
Maruti Swift VXi BSIV,Maruti,Pune,2015,5,13769.0,Petrol,Manual,Second,16.1,1197.0,85.0,5.0,4.41
Renault Duster 110PS Diesel RxZ,Renault,Kolkata,2013,7,58000.0,Diesel,Manual,First,19.01,1461.0,108.45,5.0,4.99
BMW X3 xDrive 20d Luxury Line,BMW,Hyderabad,2009,11,58000.0,Diesel,Automatic,First,18.56,1995.0,190.0,5.0,17.98
Fiat Avventura MULTIJET Emotion,Fiat,Coimbatore,2018,2,18705.0,Diesel,Manual,First,20.5,1248.0,91.72,5.0,7.71
Maruti Wagon R Stingray VXI,Maruti,Delhi,2013,7,32378.0,Petrol,Manual,First,20.51,998.0,67.04,5.0,2.8
Chevrolet Sail Hatchback LS ABS,Chevrolet,Kolkata,2013,7,45000.0,Diesel,Manual,First,22.1,1248.0,76.9,5.0,3.0
Mahindra XUV500 W8 2WD,Mahindra,Coimbatore,2015,5,36836.0,Diesel,Manual,First,15.1,2179.0,140.0,7.0,12.49
Tata Zest Quadrajet 1.3,Tata,Kochi,2016,4,54199.0,Diesel,Manual,First,23.0,1248.0,88.8,5.0,5.0
BMW X3 xDrive20d xLine,BMW,Kochi,2017,3,36935.0,Diesel,Automatic,First,18.56,1995.0,190.0,5.0,32.64
Maruti Swift VDI BSIV,Maruti,Chennai,2015,5,23000.0,Diesel,Manual,First,25.2,1248.0,74.0,5.0,6.5
BMW 5 Series 2013-2017 520d Luxury Line,BMW,Bangalore,2015,5,14000.0,Diesel,Automatic,First,18.12,1995.0,190.0,5.0,35.0
Tata Indigo CS eVX,Tata,Chennai,2015,5,100073.0,Diesel,Manual,Second,25.0,1396.0,69.01,5.0,2.0
Mahindra XUV500 W8 2WD,Mahindra,Kochi,2015,5,59182.0,Diesel,Manual,First,15.1,2179.0,140.0,7.0,9.46
Audi Q7 35 TDI Quattro Premium Plus,Audi,Kochi,2016,4,72132.0,Diesel,Automatic,Second,12.07,2967.0,241.4,7.0,39.0
BMW 5 Series 2003-2012 520d,BMW,Hyderabad,2009,11,79000.0,Diesel,Automatic,First,18.48,1995.0,177.0,5.0,15.0
Hyundai Verna 1.6 SX VTVT (O),Hyundai,Coimbatore,2013,7,66930.0,Petrol,Manual,First,17.1,1591.0,121.3,5.0,6.15
Hyundai Santa Fe 4WD AT,Hyundai,Pune,2015,5,100000.0,Diesel,Automatic,Second,13.01,2199.0,194.3,7.0,14.5
Hyundai Santro GLS II - Euro II,Hyundai,Bangalore,2012,8,43000.0,Petrol,Manual,First,,,,,3.25
Maruti Wagon R AMT VXI,Maruti,Kochi,2018,2,27413.0,Petrol,Automatic,First,20.51,998.0,67.0,5.0,5.18
Maruti Wagon R LX BSIII,Maruti,Pune,2007,13,90000.0,Petrol,Manual,Second,17.3,1061.0,64.0,5.0,1.24
Hyundai i20 Sportz 1.2,Hyundai,Kolkata,2013,7,40300.0,Petrol,Manual,First,18.5,1197.0,82.85,5.0,2.8
Skoda Superb Elegance 1.8 TSI AT,Skoda,Kochi,2011,9,73783.0,Petrol,Automatic,Second,13.7,1798.0,157.75,5.0,5.23
Hyundai Getz GLS,Hyundai,Pune,2005,15,86000.0,Petrol,Manual,Second,15.3,1341.0,83.0,5.0,0.45
Maruti Wagon R LXI BS IV,Maruti,Delhi,2014,6,65694.0,Petrol,Manual,First,18.9,998.0,67.1,5.0,3.25
Maruti Omni MPI CARGO BSIV,Maruti,Kolkata,2015,5,23000.0,Petrol,Manual,First,16.8,796.0,34.2,5.0,1.5
Hyundai i10 Magna 1.2,Hyundai,Mumbai,2012,8,51000.0,Petrol,Manual,First,20.36,1197.0,78.9,5.0,2.85
Renault KWID 1.0 RXT Optional,Renault,Kochi,2018,2,18335.0,Petrol,Manual,First,21.7,999.0,67.0,5.0,4.5
Mercedes-Benz B Class 2012-2015 B200 Sport CDI,Mercedes-Benz,Bangalore,2014,6,36000.0,Diesel,Automatic,First,15.0,2147.0,107.3,5.0,16.25
Volkswagen Polo GT TSI,Volkswagen,Mumbai,2017,3,25000.0,Petrol,Automatic,First,17.21,1197.0,103.5,5.0,7.75
Mahindra Scorpio VLX 4WD,Mahindra,Bangalore,2007,13,81000.0,Diesel,Manual,Third,12.05,2179.0,120.0,8.0,4.35
Toyota Fortuner 2.8 2WD AT,Toyota,Kochi,2019,1,21719.0,Diesel,Automatic,First,12.9,2755.0,174.5,7.0,33.13
Chevrolet Beat Diesel LT,Chevrolet,Coimbatore,2013,7,75421.0,Diesel,Manual,First,25.44,936.0,56.3,5.0,3.63
Toyota Innova 2.5 G4 Diesel 8-seater,Toyota,Delhi,2010,10,80000.0,Diesel,Manual,First,12.8,2494.0,102.0,8.0,4.75
Maruti Swift Dzire VXI,Maruti,Kochi,2018,2,10671.0,Petrol,Manual,First,20.85,1197.0,83.14,5.0,6.51
Renault KWID Climber 1.0 MT,Renault,Hyderabad,2018,2,4126.0,Petrol,Manual,First,21.7,999.0,67.0,5.0,4.8
Tata Bolt Quadrajet XM,Tata,Hyderabad,2017,3,98500.0,Diesel,Manual,First,22.95,1248.0,74.0,5.0,6.0
Hyundai Grand i10 Asta,Hyundai,Coimbatore,2016,4,61578.0,Petrol,Manual,First,18.9,1197.0,82.0,5.0,6.4
Volkswagen Vento 1.5 TDI Highline,Volkswagen,Ahmedabad,2014,6,54000.0,Diesel,Manual,First,20.34,1498.0,103.2,5.0,4.9
Audi A6 2011-2015 2.0 TDI,Audi,Coimbatore,2013,7,70998.0,Diesel,Automatic,First,17.68,1968.0,174.33,5.0,20.57
Maruti Swift Dzire Ldi BSIV,Maruti,Kolkata,2015,5,40082.0,Diesel,Manual,First,19.3,1248.0,73.9,5.0,4.76
Chevrolet Spark 1.0 LT,Chevrolet,Kochi,2012,8,50619.0,Petrol,Manual,First,18.0,995.0,62.0,5.0,2.0
BMW 3 Series 320d,BMW,Coimbatore,2009,11,103905.0,Diesel,Automatic,First,22.69,1995.0,190.0,5.0,9.92
Hyundai EON Era Plus,Hyundai,Kochi,2018,2,15334.0,Petrol,Manual,First,21.1,814.0,55.2,5.0,3.69
Maruti Swift Dzire VDI,Maruti,Hyderabad,2013,7,69000.0,Diesel,Manual,First,23.4,1248.0,74.0,5.0,5.75
Volkswagen CrossPolo 1.5 TDI,Volkswagen,Hyderabad,2014,6,75160.0,Diesel,Manual,First,20.14,1498.0,88.5,5.0,5.7
Honda Amaze E i-Vtech,Honda,Coimbatore,2014,6,44753.0,Petrol,Manual,First,18.0,1198.0,86.7,5.0,4.94
Volkswagen Vento Petrol Highline AT,Volkswagen,Kochi,2012,8,53024.0,Petrol,Automatic,First,14.4,1598.0,103.6,5.0,4.29
Maruti Wagon R Stingray VXI,Maruti,Kolkata,2014,6,23840.0,Petrol,Manual,First,20.51,998.0,67.04,5.0,3.0
Volkswagen Polo 1.5 TDI Highline,Volkswagen,Hyderabad,2014,6,81298.0,Diesel,Manual,First,20.14,1498.0,88.8,5.0,6.5
Volkswagen Polo Petrol Comfortline 1.2L,Volkswagen,Jaipur,2015,5,59000.0,Petrol,Manual,Second,16.47,1198.0,73.9,5.0,4.9
Honda Amaze SX i-DTEC,Honda,Kochi,2016,4,51806.0,Diesel,Manual,First,25.8,1498.0,98.6,5.0,5.4
Audi A6 35 TDI Matrix,Audi,Delhi,2014,6,56000.0,Diesel,Automatic,First,18.53,1968.0,187.74,5.0,24.0
Tata Tigor 1.05 Revotorq XZ Option,Tata,Kochi,2019,1,29279.0,Diesel,Manual,First,24.7,1047.0,69.0,5.0,7.46
Volkswagen Vento 1.5 TDI Highline AT,Volkswagen,Kochi,2017,3,33550.0,Diesel,Automatic,First,21.5,1498.0,108.5,5.0,9.6
Audi A6 35 TDI Matrix,Audi,Hyderabad,2014,6,62000.0,Diesel,Automatic,First,18.53,1968.0,187.74,5.0,25.0
Nissan Terrano XL 110 PS,Nissan,Hyderabad,2014,6,66000.0,Diesel,Manual,First,19.01,1461.0,108.5,5.0,6.8
Skoda Rapid 1.5 TDI AT Elegance,Skoda,Coimbatore,2016,4,46630.0,Diesel,Automatic,First,21.66,1498.0,103.52,5.0,8.59
Ford Figo Aspire 1.5 TDCi Trend,Ford,Hyderabad,2016,4,72566.0,Diesel,Manual,First,25.83,1498.0,99.0,5.0,5.29
Tata Venture EX,Tata,Pune,2011,9,51482.0,Diesel,Manual,First,15.42,1405.0,70.0,8.0,2.5
Mercedes-Benz New C-Class C 220 CDI BE Avantgare,Mercedes-Benz,Chennai,2011,9,90000.0,Diesel,Automatic,First,14.84,2143.0,167.62,5.0,13.9
Toyota Fortuner 4x2 Manual,Toyota,Jaipur,2014,6,69000.0,Diesel,Manual,Second,13.0,2982.0,168.5,7.0,20.0
Honda City 1.5 V MT,Honda,Delhi,2011,9,90000.0,Petrol,Manual,Second,17.0,1497.0,118.0,5.0,3.4
Hyundai i20 Asta Option 1.2,Hyundai,Mumbai,2015,5,39000.0,Petrol,Manual,First,18.6,1197.0,81.83,5.0,5.5
Volkswagen Vento Diesel Trendline,Volkswagen,Hyderabad,2012,8,110000.0,Diesel,Manual,Second,20.54,1598.0,103.6,5.0,3.65
Ford Endeavour 2.5L 4X2 MT,Ford,Kochi,2011,9,68022.0,Diesel,Manual,First,13.1,2499.0,141.0,7.0,5.86
Ford EcoSport 1.5 Petrol Titanium Plus AT,Ford,Coimbatore,2018,2,27852.0,Petrol,Automatic,First,14.8,1497.0,121.36,5.0,10.44
Maruti Swift VDI BSIV,Maruti,Bangalore,2013,7,58291.0,Diesel,Manual,First,17.8,1248.0,,5.0,5.0
Hyundai i20 Sportz Diesel,Hyundai,Coimbatore,2011,9,68439.0,Diesel,Manual,First,23.0,1396.0,90.0,5.0,3.37
Toyota Innova 2.5 VX (Diesel) 8 Seater,Toyota,Delhi,2011,9,150000.0,Diesel,Manual,First,12.99,2494.0,100.6,8.0,6.95
Tata Nexon 1.5 Revotorq XZ Plus Dual Tone,Tata,Mumbai,2018,2,14000.0,Diesel,Manual,First,21.5,1497.0,108.5,5.0,9.9
Ford Figo Diesel Titanium,Ford,Hyderabad,2012,8,71558.0,Diesel,Manual,First,20.0,1399.0,68.05,5.0,3.3
Porsche Panamera Diesel,Porsche,Delhi,2013,7,48000.0,Diesel,Automatic,Second,17.85,2967.0,300.0,4.0,50.5
Hyundai Creta 1.6 CRDi AT SX Plus,Hyundai,Jaipur,2015,5,65800.0,Diesel,Automatic,First,17.01,1582.0,126.2,5.0,12.5
Audi A4 2.0 TDI Multitronic,Audi,Hyderabad,2014,6,53000.0,Diesel,Automatic,First,16.55,1968.0,140.0,5.0,20.5
Mahindra XUV500 W8 4WD,Mahindra,Kolkata,2017,3,14600.0,Diesel,Manual,First,16.0,2179.0,140.0,7.0,14.5
Isuzu MUX 4WD,Isuzu,Jaipur,2017,3,34429.0,Diesel,Automatic,First,13.8,2999.0,174.57,7.0,20.0
Maruti Swift Dzire VDI,Maruti,Delhi,2014,6,52000.0,Diesel,Manual,First,23.4,1248.0,74.0,5.0,5.25
Maruti Ciaz ZXi,Maruti,Kolkata,2015,5,25470.0,Petrol,Manual,First,20.73,1373.0,91.1,5.0,5.9
Hyundai EON Era Plus,Hyundai,Pune,2013,7,22000.0,Petrol,Manual,First,21.1,814.0,55.2,5.0,2.6
Mercedes-Benz E-Class 280 CDI,Mercedes-Benz,Chennai,2007,13,75000.0,Diesel,Automatic,First,11.0,2987.0,198.5,5.0,11.0
BMW 5 Series 2003-2012 520d,BMW,Pune,2011,9,95995.0,Diesel,Automatic,First,18.48,1995.0,177.0,5.0,15.5
Hyundai Grand i10 1.2 CRDi Sportz Option,Hyundai,Jaipur,2017,3,26877.0,Diesel,Manual,First,24.0,1186.0,73.97,5.0,5.75
Jaguar XJ 3.0L Portfolio,Jaguar,Hyderabad,2015,5,26000.0,Diesel,Automatic,First,14.47,2993.0,301.73,5.0,75.0
Maruti Swift Ldi BSIII,Maruti,Chennai,2007,13,140000.0,Diesel,Manual,Second,17.8,1248.0,75.0,5.0,2.0
Hyundai Santro Xing GLS,Hyundai,Hyderabad,2008,12,95291.0,Petrol,Manual,First,17.92,1086.0,62.1,5.0,2.3
Toyota Innova 2.5 V Diesel 8-seater,Toyota,Hyderabad,2009,11,135000.0,Diesel,Manual,Second,12.8,2494.0,102.0,8.0,8.2
Hyundai i20 Sportz 1.2,Hyundai,Kolkata,2015,5,32000.0,Petrol,Manual,First,18.6,1197.0,81.83,5.0,4.8
Mercedes-Benz E-Class 280 CDI,Mercedes-Benz,Mumbai,2008,12,68333.0,Diesel,Automatic,Second,11.0,2987.0,198.5,5.0,8.5
Ford Figo Diesel ZXI,Ford,Chennai,2011,9,72000.0,Diesel,Manual,First,20.0,1399.0,68.0,5.0,2.9
Toyota Corolla Altis 1.4 DG,Toyota,Ahmedabad,2012,8,52100.0,Diesel,Manual,First,21.43,1364.0,86.79,5.0,6.5
Hyundai Grand i10 1.2 Kappa Sportz,Hyundai,Jaipur,2018,2,10000.0,Petrol,Manual,First,18.9,1197.0,81.86,5.0,5.85
Jeep Compass 2.0 Limited 4X4,Jeep,Coimbatore,2019,1,6261.0,Diesel,Manual,First,16.3,1956.0,170.0,5.0,23.91
Maruti Ignis 1.2 AMT Alpha,Maruti,Coimbatore,2019,1,3906.0,Petrol,Automatic,First,20.89,1197.0,81.8,5.0,7.36
Toyota Fortuner 3.0 Diesel,Toyota,Pune,2014,6,55960.0,Diesel,Manual,First,11.5,2982.0,171.0,7.0,17.25
Volkswagen Vento Diesel Highline,Volkswagen,Jaipur,2013,7,144000.0,Diesel,Manual,First,20.54,1598.0,103.6,5.0,7.0
Toyota Innova Crysta 2.4 VX MT,Toyota,Mumbai,2017,3,38000.0,Diesel,Manual,First,13.68,2393.0,147.8,7.0,17.65
Ford Figo Diesel Celebration Edition,Ford,Jaipur,2013,7,51000.0,Diesel,Manual,First,20.0,1399.0,68.1,5.0,2.5
Toyota Platinum Etios 1.4 GXD,Toyota,Hyderabad,2015,5,150000.0,Diesel,Manual,First,23.59,1364.0,67.05,5.0,6.0
Mahindra Thar DI 4X4,Mahindra,Mumbai,2018,2,2500.0,Diesel,Manual,First,18.06,2523.0,63.0,7.0,8.25
Land Rover Range Rover HSE Dynamic,Land,Kochi,2018,2,41661.0,Diesel,Automatic,First,12.7,2179.0,187.7,5.0,44.83
BMW 3 Series 320d Highline,BMW,Delhi,2011,9,64000.0,Diesel,Automatic,First,16.07,1995.0,181.0,5.0,10.5
Hyundai Accent GLS,Hyundai,Bangalore,2008,12,80000.0,Petrol,Manual,Second,13.2,1495.0,94.0,5.0,1.9
Maruti Celerio ZXI AT,Maruti,Jaipur,2016,4,30000.0,Petrol,Automatic,Second,23.1,998.0,67.04,5.0,4.25
Jaguar XF 2.2 Litre Luxury,Jaguar,Chennai,2014,6,43000.0,Diesel,Automatic,Second,16.36,2179.0,187.7,5.0,26.5
Audi A6 2.7 TDI,Audi,Bangalore,2013,7,90000.0,Diesel,Automatic,Second,12.4,2698.0,179.5,5.0,22.5
Nissan Micra Diesel XV,Nissan,Hyderabad,2011,9,123880.0,Diesel,Manual,First,23.08,1461.0,63.1,5.0,3.3
Honda Amaze S i-Vtech,Honda,Jaipur,2015,5,42000.0,Petrol,Manual,Second,18.0,1198.0,86.7,5.0,4.3
Renault Duster 85PS Diesel RxL Option,Renault,Chennai,2012,8,79824.0,Diesel,Manual,First,19.87,1461.0,83.8,5.0,5.25
Toyota Innova 2.5 G (Diesel) 8 Seater,Toyota,Jaipur,2015,5,75000.0,Diesel,Manual,First,12.99,2494.0,100.6,8.0,11.75
Honda Amaze E i-Vtech,Honda,Ahmedabad,2014,6,72411.0,Petrol,Manual,First,18.0,1198.0,86.7,5.0,4.25
Mercedes-Benz New C-Class C 250 CDI Elegance,Mercedes-Benz,Delhi,2012,8,63000.0,Diesel,Automatic,First,14.94,2143.0,204.0,5.0,14.22
Toyota Etios Liva G,Toyota,Chennai,2015,5,53713.0,Petrol,Manual,First,17.71,1197.0,78.9,5.0,4.2
Toyota Innova Crysta 2.8 GX AT 8S,Toyota,Delhi,2017,3,18000.0,Diesel,Automatic,First,11.36,2755.0,171.5,8.0,18.25
Mercedes-Benz New C-Class 200 CDI Elegance,Mercedes-Benz,Bangalore,2013,7,51000.0,Diesel,Manual,First,15.8,2148.0,170.0,5.0,18.5
Maruti Swift VXI BSIII,Maruti,Chennai,2008,12,86700.0,Petrol,Manual,Second,16.1,1298.0,88.2,5.0,2.4
Maruti Baleno Alpha 1.3,Maruti,Kolkata,2016,4,29000.0,Diesel,Manual,First,27.39,1248.0,74.0,5.0,6.5
Hyundai Santro Xing GL Plus LPG,Hyundai,Hyderabad,2014,6,56000.0,LPG,Manual,First,13.45,1086.0,62.1,5.0,3.2
Maruti Celerio VXI AT,Maruti,Mumbai,2015,5,33000.0,Petrol,Automatic,First,23.1,998.0,67.04,5.0,3.99
Ford Ecosport 1.5 DV5 MT Ambiente,Ford,Kochi,2014,6,64394.0,Diesel,Manual,First,22.7,1498.0,89.84,5.0,5.45
Tata Manza Aura Quadrajet,Tata,Hyderabad,2010,10,76000.0,Diesel,Manual,First,18.8,1248.0,90.0,5.0,2.7
Honda Jazz 1.5 SV i DTEC,Honda,Mumbai,2016,4,48719.0,Diesel,Manual,First,27.3,1498.0,98.6,5.0,6.25
Mahindra XUV500 W8 2WD,Mahindra,Coimbatore,2016,4,59711.0,Diesel,Manual,First,15.1,2179.0,140.0,7.0,13.28
Nissan Micra Diesel XV Premium,Nissan,Hyderabad,2012,8,83000.0,Diesel,Manual,First,23.08,1461.0,63.1,5.0,3.7
Mercedes-Benz New C-Class C 220d Avantgarde Edition C,Mercedes-Benz,Coimbatore,2018,2,10714.0,Diesel,Automatic,First,19.27,2143.0,167.62,5.0,39.51
Tata Manza Aura Plus Quadrajet BS IV,Tata,Hyderabad,2010,10,127510.0,Diesel,Manual,Second,19.0,1248.0,90.0,5.0,1.4
Maruti Swift VDI,Maruti,Kolkata,2014,6,35010.0,Diesel,Manual,First,22.9,1248.0,74.0,5.0,3.5
Maruti Swift Dzire 1.2 Lxi BSIV,Maruti,Jaipur,2012,8,75451.0,Petrol,Manual,First,17.5,1197.0,85.8,5.0,3.78
Tata Indigo eCS LS (TDI) BS-III,Tata,Pune,2015,5,83000.0,Diesel,Manual,First,19.09,1405.0,69.01,5.0,2.7
Honda Amaze S i-Dtech,Honda,Kolkata,2013,7,38755.0,Diesel,Manual,First,25.8,1498.0,98.6,5.0,3.2
Maruti Swift VXI BSIV,Maruti,Delhi,2016,4,30000.0,Petrol,Manual,First,20.4,1197.0,81.8,5.0,5.0
Maruti Ertiga ZDI,Maruti,Chennai,2012,8,40000.0,Diesel,Manual,First,20.77,1248.0,88.8,7.0,7.0
Hyundai Grand i10 Era,Hyundai,Kolkata,2014,6,19500.0,Petrol,Manual,Second,18.9,1197.0,82.0,5.0,2.85
Nissan Micra Active XV,Nissan,Ahmedabad,2016,4,41000.0,Petrol,Manual,First,19.69,1198.0,67.04,5.0,4.25
Hyundai Grand i10 Asta Option,Hyundai,Bangalore,2014,6,30000.0,Petrol,Manual,Second,18.9,1197.0,82.0,5.0,4.9
Jeep Compass 2.0 Sport,Jeep,Hyderabad,2017,3,37000.0,Diesel,Manual,First,17.1,1956.0,170.0,5.0,16.9
Volkswagen Polo Diesel Comfortline 1.2L,Volkswagen,Delhi,2014,6,62000.0,Diesel,Manual,Second,22.07,1199.0,73.9,5.0,4.25
Honda Amaze S AT i-Vtech,Honda,Pune,2015,5,42023.0,Petrol,Automatic,First,15.5,1198.0,86.7,5.0,4.34
BMW X3 xDrive20d Advantage Edition,BMW,Kolkata,2012,8,51001.0,Diesel,Automatic,First,16.09,1995.0,184.0,5.0,17.0
BMW 3 Series 320d Luxury Line,BMW,Kochi,2017,3,55389.0,Diesel,Automatic,First,18.88,1995.0,184.0,5.0,28.45
Honda City V AT,Honda,Kochi,2014,6,46728.0,Petrol,Automatic,First,15.6,1497.0,116.3,5.0,6.15
Mahindra Ssangyong Rexton RX5,Mahindra,Kochi,2014,6,58995.0,Diesel,Manual,First,12.83,2696.0,162.0,7.0,9.25
Maruti Swift Dzire LDI,Maruti,Delhi,2015,5,37857.0,Diesel,Manual,First,26.59,1248.0,74.0,5.0,4.85
Maruti Swift VDI BSIV,Maruti,Jaipur,2014,6,71000.0,Diesel,Manual,First,25.2,1248.0,74.0,5.0,4.8
Honda Brio S Option MT,Honda,Pune,2012,8,49024.0,Petrol,Manual,First,18.4,1198.0,86.8,5.0,2.3
Hyundai Grand i10 Sportz,Hyundai,Mumbai,2016,4,10770.0,Petrol,Manual,First,18.9,1197.0,82.0,5.0,4.75
Tata Zest Quadrajet 1.3 75PS XM,Tata,Pune,2017,3,72000.0,Diesel,Manual,First,22.95,1248.0,74.0,5.0,5.0
Hyundai EON Era Plus,Hyundai,Jaipur,2015,5,91000.0,Petrol,Manual,First,21.1,814.0,55.2,5.0,2.5
Hyundai i20 1.2 Spotz,Hyundai,Mumbai,2017,3,14000.0,Petrol,Manual,First,18.6,1197.0,81.83,5.0,5.95
Volvo S60 D4 KINETIC,Volvo,Delhi,2014,6,48000.0,Diesel,Automatic,Second,9.0,1984.0,181.0,5.0,16.0
Ford Ecosport 1.5 DV5 MT Titanium Optional,Ford,Delhi,2014,6,75136.0,Diesel,Manual,First,22.7,1498.0,89.84,5.0,6.15
Maruti Ritz VXI,Maruti,Hyderabad,2014,6,32500.0,Petrol,Manual,Second,21.1,1197.0,85.8,5.0,4.05
Hyundai i20 1.4 CRDi Magna,Hyundai,Hyderabad,2010,10,94500.0,Diesel,Manual,Second,21.9,1396.0,90.0,5.0,3.1
Maruti Dzire VXI,Maruti,Hyderabad,2013,7,34900.0,Petrol,Manual,First,22.0,1197.0,81.8,5.0,5.49
Porsche Panamera 2010 2013 4S,Porsche,Coimbatore,2010,10,42400.0,Petrol,Automatic,Third,8.0,4806.0,394.3,4.0,42.91
Maruti Swift VDi BSIII W/ ABS,Maruti,Jaipur,2015,5,50000.0,Diesel,Manual,First,17.8,1248.0,75.0,5.0,5.7
Honda Brio S MT,Honda,Kolkata,2014,6,35000.0,Petrol,Manual,First,19.4,1198.0,86.8,5.0,2.85
Chevrolet Beat LS,Chevrolet,Bangalore,2012,8,37000.0,Petrol,Manual,Second,18.6,1199.0,79.4,5.0,2.35
Hyundai Creta 1.6 SX Plus Petrol Automatic,Hyundai,Coimbatore,2018,2,32807.0,Petrol,Automatic,First,13.0,1591.0,121.3,5.0,14.76
Honda City ZX GXi,Honda,Pune,2008,12,119000.0,Petrol,Manual,Second,17.7,1497.0,78.0,5.0,2.25
Maruti Ritz LXi,Maruti,Mumbai,2016,4,12000.0,Petrol,Manual,First,18.5,1197.0,85.8,5.0,3.65
Ford EcoSport 1.5 TDCi Trend,Ford,Delhi,2016,4,46727.0,Diesel,Manual,First,22.77,1498.0,98.59,5.0,7.25
BMW 3 Series 320d,BMW,Hyderabad,2010,10,73336.0,Diesel,Automatic,First,13.2,1995.0,170.0,5.0,10.69
Hyundai Verna 1.6 SX VTVT,Hyundai,Mumbai,2014,6,9000.0,Petrol,Manual,Second,17.01,1591.0,121.3,5.0,5.5
Toyota Innova 2.5 G4 Diesel 8-seater,Toyota,Chennai,2005,15,240000.0,Diesel,Manual,Fourth & Above,12.8,2494.0,102.0,8.0,5.1
Maruti Wagon R LXI,Maruti,Mumbai,2014,6,25422.0,Petrol,Manual,First,22.5,998.0,67.04,5.0,3.25
Maruti Ertiga VDI,Maruti,Mumbai,2018,2,14000.0,Diesel,Manual,First,25.47,1248.0,88.5,7.0,9.25
Maruti Alto LXi BSIII,Maruti,Hyderabad,2008,12,66000.0,Petrol,Manual,First,19.7,796.0,46.3,5.0,1.7
Maruti A-Star Vxi,Maruti,Kochi,2010,10,55324.0,Petrol,Manual,First,19.0,998.0,66.1,5.0,2.87
BMW X5 3.0d,BMW,Bangalore,2009,11,90000.0,Diesel,Automatic,First,11.0,2993.0,235.0,5.0,17.75
Mahindra KUV 100 G80 K6 Plus 5Str,Mahindra,Kolkata,2017,3,43000.0,Petrol,Manual,First,18.15,1198.0,82.0,5.0,4.5
Hyundai i10 Magna AT,Hyundai,Bangalore,2008,12,58483.0,Petrol,Automatic,Second,19.2,1197.0,80.0,5.0,2.95
Honda Civic 2006-2010 1.8 S AT,Honda,Pune,2007,13,93000.0,Petrol,Automatic,Second,12.9,1799.0,130.0,5.0,2.6
Hyundai i10 Sportz 1.2,Hyundai,Hyderabad,2010,10,50000.0,Petrol,Manual,First,20.36,1197.0,78.9,5.0,3.0
Mercedes-Benz New C-Class C 220 CDI Elegance AT,Mercedes-Benz,Ahmedabad,2014,6,78616.0,Diesel,Automatic,Second,14.84,2143.0,170.0,5.0,15.5
Toyota Etios G,Toyota,Pune,2011,9,37000.0,Petrol,Manual,First,17.6,1496.0,88.73,5.0,2.8
Honda City 1.5 E MT,Honda,Kolkata,2010,10,54801.0,Petrol,Manual,First,17.0,1497.0,118.0,5.0,2.5
Maruti Swift Dzire VDI,Maruti,Bangalore,2014,6,29000.0,Diesel,Manual,First,23.4,1248.0,74.0,5.0,5.75
Maruti Swift VXI,Maruti,Pune,2010,10,68000.0,Petrol,Manual,First,22.0,1197.0,81.8,5.0,2.8
Hyundai Verna 1.6 EX VTVT,Hyundai,Kolkata,2014,6,58000.0,Petrol,Manual,First,17.01,1591.0,121.3,5.0,4.59
Maruti Ritz VDi,Maruti,Pune,2012,8,64290.0,Diesel,Manual,First,23.2,1248.0,73.94,5.0,3.65
Toyota Fortuner 4x2 Manual,Toyota,Mumbai,2015,5,31000.0,Diesel,Manual,First,13.0,2982.0,168.5,7.0,19.85
Jeep Compass 2.0 Limited,Jeep,Pune,2018,2,16039.0,Diesel,Manual,First,17.1,1956.0,170.0,5.0,18.5
Hyundai i20 Asta Option 1.2,Hyundai,Hyderabad,2017,3,19860.0,Petrol,Manual,First,18.6,1197.0,81.83,5.0,6.95
Maruti Wagon R LXI CNG,Maruti,Delhi,2014,6,48500.0,CNG,Manual,Second,26.6,998.0,58.16,5.0,2.85
Tata New Safari DICOR 2.2 EX 4x4 BS IV,Tata,Jaipur,2012,8,75391.0,Diesel,Manual,First,13.93,2179.0,138.0,7.0,3.75
Maruti Swift Dzire LDi,Maruti,Jaipur,2008,12,78000.0,Diesel,Manual,Second,19.3,1248.0,73.9,5.0,2.3
Tata Indigo eCS eLS BS IV,Tata,Kolkata,2016,4,78000.0,Diesel,Manual,First,25.0,1396.0,69.01,5.0,2.3
Maruti Swift LDI,Maruti,Hyderabad,2016,4,52000.0,Diesel,Manual,First,28.4,1248.0,74.0,5.0,5.95
Maruti Celerio VXI AT,Maruti,Kolkata,2016,4,30000.0,Petrol,Automatic,First,23.1,998.0,67.04,5.0,3.49
BMW 5 Series 2013-2017 530d M Sport,BMW,Coimbatore,2016,4,19254.0,Diesel,Automatic,First,14.69,2993.0,258.0,5.0,47.7
Volkswagen Polo 1.2 MPI Highline,Volkswagen,Coimbatore,2015,5,29651.0,Petrol,Manual,First,16.47,1198.0,74.0,5.0,6.43
Tata Safari DICOR 2.2 LX 4x2,Tata,Bangalore,2011,9,80000.0,Diesel,Manual,First,13.93,2179.0,138.03,7.0,4.5
Mini Cooper S Carbon Edition,Mini,Kolkata,2018,2,2971.0,Petrol,Automatic,First,13.6,1598.0,181.0,4.0,39.75
Ford Figo Petrol Titanium,Ford,Kolkata,2015,5,21400.0,Petrol,Manual,First,15.6,1196.0,70.0,5.0,4.0
Honda City i DTEC V,Honda,Ahmedabad,2015,5,77000.0,Diesel,Manual,First,26.0,1498.0,98.6,5.0,6.98
Hyundai Tucson CRDi,Hyundai,Delhi,2006,14,80000.0,Diesel,Manual,Second,12.6,1991.0,112.0,7.0,1.75
Skoda Laura Ambiente 2.0 TDI CR MT,Skoda,Delhi,2013,7,81755.0,Diesel,Manual,First,20.0,1968.0,108.5,5.0,4.75
Toyota Fortuner 3.0 Diesel,Toyota,Hyderabad,2016,4,99593.0,Diesel,Manual,First,11.5,2982.0,171.0,7.0,23.5
Hyundai Verna 1.6 SX,Hyundai,Hyderabad,2014,6,39791.0,Diesel,Manual,First,22.32,1582.0,126.32,5.0,7.49
Mahindra XUV500 W6 2WD,Mahindra,Hyderabad,2015,5,113000.0,Diesel,Manual,First,15.1,2179.0,140.0,7.0,10.85
Renault KWID RXT,Renault,Mumbai,2017,3,24000.0,Petrol,Manual,First,25.17,799.0,53.3,5.0,3.5
Hyundai i20 Asta 1.2,Hyundai,Bangalore,2015,5,39000.0,Petrol,Manual,Second,18.6,1197.0,81.83,5.0,6.3
Honda City V AT,Honda,Bangalore,2012,8,37000.0,Petrol,Automatic,First,15.6,1497.0,116.3,5.0,6.75
Ford Endeavour 3.2 Titanium AT 4X4,Ford,Coimbatore,2017,3,61108.0,Diesel,Automatic,First,10.91,3198.0,197.0,7.0,28.88
Skoda Superb Elegance 1.8 TSI AT,Skoda,Kochi,2016,4,61648.0,Petrol,Automatic,First,13.7,1798.0,157.75,5.0,14.23
BMW 3 Series 320d Sport,BMW,Mumbai,2012,8,37000.0,Diesel,Automatic,Third,22.69,1995.0,190.0,5.0,15.0
Maruti Ertiga VXI CNG,Maruti,Mumbai,2013,7,53000.0,CNG,Manual,First,22.8,1373.0,80.9,7.0,5.8
Maruti Ritz LDi,Maruti,Jaipur,2013,7,65000.0,Diesel,Manual,First,23.2,1248.0,73.94,5.0,3.75
Hyundai Santro Xing XP,Hyundai,Jaipur,2005,15,120000.0,Petrol,Manual,First,,1086.0,,5.0,1.15
Toyota Fortuner 3.0 Diesel,Toyota,Jaipur,2011,9,148009.0,Diesel,Manual,Second,11.5,2982.0,171.0,7.0,12.75
Maruti Swift Lxi BSIII,Maruti,Mumbai,2009,11,53001.0,Petrol,Manual,First,16.1,1298.0,88.2,5.0,1.95
Tata Tigor 1.2 Revotron XT,Tata,Mumbai,2018,2,22345.0,Petrol,Manual,First,20.3,1199.0,84.0,5.0,4.95
Honda City i VTEC CVT VX,Honda,Delhi,2015,5,50000.0,Petrol,Automatic,First,18.0,1497.0,117.3,5.0,8.25
BMW 3 Series 320d,BMW,Hyderabad,2013,7,48183.0,Diesel,Automatic,First,13.2,1995.0,170.0,5.0,20.99
Mercedes-Benz E-Class 2009-2013 E250 CDI Blue Efficiency,Mercedes-Benz,Hyderabad,2010,10,93000.0,Diesel,Automatic,Second,14.21,2143.0,203.0,5.0,17.5
Maruti Swift VDI,Maruti,Kochi,2015,5,53500.0,Diesel,Manual,First,28.4,1248.0,74.0,5.0,5.36
Maruti Ertiga VXI,Maruti,Delhi,2014,6,17585.0,Petrol,Manual,First,16.02,1373.0,93.7,7.0,6.35
Hyundai Verna 1.6 VTVT,Hyundai,Kolkata,2011,9,36226.0,Petrol,Manual,First,17.01,1591.0,121.3,5.0,2.95
Land Rover Discovery Sport TD4 HSE,Land,Coimbatore,2019,1,25899.0,Diesel,Automatic,First,12.63,2179.0,147.5,5.0,55.7
Hyundai Santro Xing GL,Hyundai,Kolkata,2009,11,60170.0,Petrol,Manual,First,,1086.0,62.0,5.0,1.15
Mercedes-Benz New C-Class C 220 CDI Style,Mercedes-Benz,Hyderabad,2017,3,11200.0,Diesel,Automatic,First,19.27,2143.0,167.62,5.0,37.5
Hyundai i10 Magna 1.2,Hyundai,Kochi,2017,3,49045.0,Petrol,Manual,First,20.36,1197.0,78.9,5.0,4.07
Volkswagen Polo Diesel Comfortline 1.2L,Volkswagen,Kolkata,2012,8,45000.0,Diesel,Manual,First,22.07,1199.0,73.9,5.0,2.99
Maruti Vitara Brezza VDi Option,Maruti,Delhi,2017,3,40000.0,Diesel,Manual,First,24.3,1248.0,88.5,5.0,7.9
Renault Duster 85PS Diesel RxL,Renault,Mumbai,2016,4,36600.0,Diesel,Manual,First,19.87,1461.0,83.8,5.0,7.49
Tata Indica Vista Aqua 1.3 Quadrajet,Tata,Jaipur,2009,11,117000.0,Diesel,Manual,First,18.0,1248.0,75.0,5.0,1.1
Mercedes-Benz GL-Class 350 CDI Blue Efficiency,Mercedes-Benz,Delhi,2016,4,16000.0,Diesel,Automatic,First,11.3,2987.0,254.8,7.0,56.0
Hyundai Xcent 1.2 CRDi S,Hyundai,Mumbai,2016,4,50000.0,Diesel,Manual,First,25.4,1186.0,73.97,5.0,3.5
Hyundai Verna CRDi SX ABS,Hyundai,Hyderabad,2008,12,150000.0,Diesel,Manual,First,18.1,1493.0,110.0,5.0,3.0
Hyundai Verna 1.6 SX VTVT,Hyundai,Mumbai,2014,6,11000.0,Petrol,Manual,First,17.01,1591.0,121.3,5.0,6.1
Ford Figo Petrol ZXI,Ford,Bangalore,2010,10,102016.0,Petrol,Manual,First,15.6,1196.0,70.0,5.0,2.25
Maruti Swift VDI Optional,Maruti,Chennai,2016,4,38000.0,Diesel,Manual,First,25.2,1248.0,74.0,5.0,5.95
Renault Pulse RxL,Renault,Hyderabad,2013,7,71491.0,Diesel,Manual,First,23.08,1461.0,63.12,5.0,4.95
Volkswagen Polo 1.2 MPI Highline,Volkswagen,Bangalore,2015,5,46354.0,Petrol,Manual,Second,16.47,1198.0,74.0,5.0,5.49
BMW 3 Series 320d Luxury Line,BMW,Delhi,2019,1,87000.0,Diesel,Automatic,First,22.69,1995.0,190.0,5.0,6.67
Skoda Rapid 1.6 MPI Active,Skoda,Ahmedabad,2015,5,20765.0,Petrol,Manual,First,15.0,1598.0,103.52,5.0,6.25
Hyundai Santro GS,Hyundai,Ahmedabad,2005,15,58000.0,Petrol,Manual,Second,,999.0,,5.0,1.51
Audi Q7 3.0 TDI Quattro Premium Plus,Audi,Coimbatore,2014,6,51076.0,Diesel,Automatic,First,12.07,2967.0,241.4,7.0,34.88
Maruti Ciaz VDi Plus,Maruti,Jaipur,2016,4,84085.0,Diesel,Manual,First,26.21,1248.0,88.5,5.0,6.9
Honda City i DTEC VX,Honda,Kolkata,2014,6,55000.0,Diesel,Manual,First,25.1,1498.0,98.6,5.0,5.99
Mercedes-Benz E-Class 2009-2013 E350 Petrol,Mercedes-Benz,Mumbai,2010,10,73000.0,Petrol,Automatic,First,10.93,3498.0,272.0,5.0,10.4
Audi A6 2011-2015 3.0 TDI Quattro Premium Plus,Audi,Pune,2012,8,50001.0,Diesel,Automatic,First,14.57,2967.0,241.38,5.0,29.0
Mahindra Xylo H4,Mahindra,Coimbatore,2016,4,93166.0,Diesel,Manual,Second,14.02,2179.0,118.3,7.0,5.85
Honda City 1.5 EXI AT,Honda,Kochi,2006,14,99583.0,Petrol,Automatic,Third,12.0,1493.0,100.0,5.0,2.21
Maruti SX4 ZXI MT BSIV,Maruti,Mumbai,2010,10,72000.0,Petrol,Manual,First,15.5,1586.0,103.3,5.0,2.4
Toyota Corolla Altis G,Toyota,Pune,2009,11,70000.0,Petrol,Manual,Third,14.53,1798.0,138.1,5.0,3.0
Volkswagen Vento Petrol Highline AT,Volkswagen,Pune,2012,8,61000.0,Petrol,Automatic,Second,14.4,1598.0,103.6,5.0,3.75
Hyundai EON Era Plus,Hyundai,Pune,2015,5,66510.0,Petrol,Manual,First,21.1,814.0,55.2,5.0,2.95
Skoda Laura Ambition 2.0 TDI CR MT,Skoda,Hyderabad,2011,9,84062.0,Diesel,Manual,First,20.0,1968.0,108.5,5.0,5.8
Maruti Swift VDI,Maruti,Hyderabad,2012,8,80799.0,Diesel,Manual,First,22.9,1248.0,74.0,5.0,4.9
Toyota Corolla Altis 1.8 VL CVT,Toyota,Kolkata,2018,2,5000.0,Petrol,Automatic,First,14.28,1798.0,138.03,5.0,16.95
Toyota Innova 2.5 G (Diesel) 8 Seater,Toyota,Hyderabad,2013,7,92000.0,Diesel,Manual,First,12.99,2494.0,100.0,8.0,12.5
Tata Tiago Wizz 1.05 Revotorq,Tata,Hyderabad,2017,3,53000.0,Diesel,Manual,First,27.28,1047.0,69.0,5.0,5.0
Skoda Rapid 1.6 MPI Ambition,Skoda,Mumbai,2015,5,39822.0,Petrol,Manual,First,15.41,1598.0,103.52,5.0,4.68
Ford Endeavour 3.2 Titanium AT 4X4,Ford,Mumbai,2016,4,29000.0,Diesel,Automatic,First,10.91,3198.0,197.0,7.0,29.8
Renault KWID RXL,Renault,Kochi,2017,3,24214.0,Petrol,Manual,Second,25.17,799.0,53.3,5.0,3.46
Hyundai i20 1.4 Asta CRDi with AVN,Hyundai,Pune,2012,8,75000.0,Diesel,Manual,First,23.0,1396.0,90.0,5.0,4.0
Skoda Laura Ambiente,Skoda,Chennai,2012,8,77216.0,Diesel,Manual,Second,17.5,1896.0,106.0,5.0,4.5
Toyota Corolla Altis Diesel D4DG,Toyota,Kochi,2013,7,74290.0,Diesel,Manual,First,21.43,1364.0,87.2,5.0,5.87
Mahindra Scorpio S8 8 Seater,Mahindra,Delhi,2015,5,61000.0,Diesel,Manual,First,15.4,2179.0,120.0,8.0,9.5
Audi Q5 2.0 TDI Premium Plus,Audi,Chennai,2013,7,44000.0,Diesel,Automatic,First,14.16,1968.0,174.3,5.0,32.5
Chevrolet Enjoy TCDi LS 8 Seater,Chevrolet,Coimbatore,2014,6,74041.0,Diesel,Manual,First,18.2,1248.0,73.8,8.0,3.88
BMW 3 Series 320d,BMW,Coimbatore,2013,7,85846.0,Diesel,Automatic,First,22.69,1995.0,190.0,5.0,13.08
Nissan Sunny 2011-2014 Diesel XV,Nissan,Delhi,2012,8,52000.0,Diesel,Manual,First,21.64,1461.0,84.8,5.0,3.5
Honda Accord 2.4 MT,Honda,Mumbai,2010,10,47000.0,Petrol,Manual,Second,12.8,2354.0,177.6,5.0,3.5
Hyundai Verna CRDi,Hyundai,Bangalore,2010,10,72010.0,Diesel,Manual,First,16.8,1493.0,110.0,5.0,4.45
Maruti Omni E MPI STD BS IV,Maruti,Jaipur,2015,5,15000.0,Petrol,Manual,First,16.8,796.0,34.2,8.0,2.35
Honda City i VTEC SV,Honda,Kolkata,2015,5,480000.0,Petrol,Manual,First,17.4,1497.0,117.3,5.0,5.0
Audi A7 2011-2015 Sportback,Audi,Kolkata,2012,8,24720.0,Diesel,Automatic,Second,,2967.0,241.4,5.0,28.0
Ford Fiesta 1.4 ZXi Leather,Ford,Chennai,2007,13,75000.0,Petrol,Manual,Second,16.6,1388.0,68.0,5.0,2.0
Hyundai i20 1.4 Asta,Hyundai,Mumbai,2015,5,57000.0,Diesel,Manual,First,22.54,1396.0,88.73,5.0,6.35
Mercedes-Benz E-Class E250 CDI Avantgrade,Mercedes-Benz,Kochi,2015,5,41057.0,Diesel,Automatic,First,13.0,2143.0,201.1,5.0,24.63
Maruti Wagon R LXI CNG,Maruti,Pune,2012,8,92000.0,CNG,Manual,Second,26.2,998.0,58.2,5.0,3.0
Ford EcoSport 1.5 TDCi Trend Plus,Ford,Chennai,2016,4,20000.0,Diesel,Manual,First,22.77,1498.0,98.59,5.0,7.9
Hyundai i20 1.2 Magna,Hyundai,Mumbai,2011,9,52359.0,Petrol,Manual,First,18.5,1197.0,80.0,5.0,3.25
Honda City i VTEC V,Honda,Delhi,2016,4,17000.0,Petrol,Manual,Second,17.8,1497.0,117.3,5.0,8.25
Nissan Micra Diesel XV,Nissan,Kolkata,2011,9,39002.0,Diesel,Manual,First,23.08,1461.0,63.1,5.0,2.85
Ford Figo Diesel EXI,Ford,Pune,2010,10,129986.0,Diesel,Manual,Second,20.0,1399.0,68.0,5.0,3.2
Nissan Micra XL,Nissan,Kolkata,2013,7,45000.0,Petrol,Manual,First,18.44,1198.0,75.0,5.0,1.75
Maruti Swift VDI BSIV,Maruti,Kolkata,2013,7,41300.0,Diesel,Manual,First,17.8,1248.0,,5.0,3.38
Honda Accord 2.4 MT,Honda,Ahmedabad,2009,11,82002.0,Petrol,Manual,Second,12.8,2354.0,177.6,5.0,5.75
Skoda Superb Elegance 1.8 TSI AT,Skoda,Mumbai,2010,10,67000.0,Petrol,Automatic,First,13.7,1798.0,157.75,5.0,4.7
Maruti Omni 8 Seater BSIV,Maruti,Hyderabad,2017,3,21260.0,Petrol,Manual,First,14.0,796.0,35.0,5.0,2.9
Hyundai i20 Magna Optional 1.4 CRDi,Hyundai,Ahmedabad,2012,8,55362.0,Diesel,Manual,First,21.9,1396.0,88.8,5.0,4.25
Hyundai Creta 1.6 CRDi AT SX Plus,Hyundai,Chennai,2017,3,13000.0,Diesel,Automatic,First,17.01,1582.0,126.2,5.0,14.5
Maruti Swift VDI BSIV,Maruti,Kochi,2016,4,45725.0,Diesel,Manual,First,25.2,1248.0,74.0,5.0,5.34
Maruti Swift LDI BSIV,Maruti,Jaipur,2014,6,105000.0,Diesel,Manual,First,25.2,1248.0,74.0,5.0,3.85
Toyota Innova 2.5 G (Diesel) 8 Seater BS IV,Toyota,Hyderabad,2009,11,156056.0,Diesel,Manual,First,12.8,2494.0,102.0,8.0,8.5
Hyundai Xcent 1.1 CRDi Base,Hyundai,Mumbai,2016,4,135000.0,Diesel,Manual,First,24.4,1120.0,71.0,5.0,4.2
Maruti Ertiga Paseo VDI,Maruti,Delhi,2016,4,67000.0,Diesel,Manual,First,20.77,1248.0,88.7,7.0,6.75
Ford Endeavour 3.2 Trend AT 4X4,Ford,Jaipur,2016,4,90000.0,Diesel,Automatic,First,10.91,3198.0,197.2,7.0,26.0
Hyundai i20 1.4 Sportz,Hyundai,Coimbatore,2019,1,32251.0,Diesel,Manual,First,22.54,1396.0,88.73,5.0,8.61
Maruti Zen Estilo LXI BS IV,Maruti,Mumbai,2009,11,47000.0,Petrol,Manual,First,19.0,998.0,67.1,5.0,1.46
Maruti Ritz VDi,Maruti,Mumbai,2011,9,75308.0,Diesel,Manual,Second,21.1,1248.0,73.9,5.0,2.8
Maruti Alto K10 LXI CNG Optional,Maruti,Kochi,2018,2,44202.0,CNG,Manual,First,32.26,998.0,58.2,4.0,4.0
Honda City 1.5 S MT,Honda,Mumbai,2014,6,58000.0,Petrol,Manual,First,17.0,1497.0,118.0,5.0,5.47
Maruti Swift Dzire ZXi,Maruti,Mumbai,2009,11,60000.0,Petrol,Manual,First,17.5,1298.0,85.8,5.0,2.45
BMW X1 sDrive 20d Sportline,BMW,Hyderabad,2014,6,45000.0,Diesel,Automatic,First,17.05,1995.0,184.0,5.0,21.5
Tata Manza Aqua Safire,Tata,Mumbai,2010,10,41195.0,Petrol,Manual,First,15.0,1368.0,90.0,5.0,1.38
Mahindra XUV500 W10 2WD,Mahindra,Chennai,2016,4,89000.0,Diesel,Manual,First,16.0,2179.0,140.0,7.0,13.5
Hyundai i10 Sportz AT,Hyundai,Bangalore,2009,11,60510.0,Petrol,Automatic,Second,16.95,1197.0,78.9,5.0,3.1
Maruti Baleno Sigma 1.2,Maruti,Mumbai,2016,4,8500.0,Petrol,Manual,First,21.4,1197.0,83.1,5.0,5.49
Maruti Vitara Brezza ZDi Plus Dual Tone,Maruti,Kochi,2017,3,35981.0,Diesel,Manual,First,24.3,1248.0,88.5,5.0,9.51
Ford Figo Petrol ZXI,Ford,Mumbai,2012,8,23152.0,Petrol,Manual,First,15.6,1196.0,70.02,5.0,2.39
Maruti Wagon R CNG LXI,Maruti,Delhi,2014,6,74663.0,CNG,Manual,First,33.54,998.0,67.04,5.0,3.25
Volkswagen Vento Sport 1.2 TSI AT,Volkswagen,Mumbai,2014,6,61529.0,Petrol,Automatic,First,18.19,1197.0,103.5,5.0,5.65
Mahindra Xylo D2 BS III,Mahindra,Ahmedabad,2010,10,91596.0,Diesel,Manual,First,14.95,2489.0,93.7,7.0,1.85
Porsche Cayenne Base,Porsche,Kochi,2019,1,14298.0,Petrol,Automatic,First,13.33,2995.0,340.0,5.0,2.02
Maruti Swift Dzire VDi,Maruti,Hyderabad,2013,7,83327.0,Diesel,Manual,First,19.3,1248.0,73.9,5.0,5.8
Volkswagen Polo 1.2 MPI Highline Plus,Volkswagen,Hyderabad,2017,3,22857.0,Petrol,Manual,First,16.2,1199.0,74.0,5.0,6.9
Hyundai Verna 1.6 VTVT,Hyundai,Chennai,2013,7,34620.0,Petrol,Manual,Second,17.01,1591.0,121.3,5.0,5.35
Hyundai i10 Era 1.1,Hyundai,Bangalore,2010,10,56000.0,Petrol,Manual,First,19.81,1086.0,68.05,5.0,2.85
Mercedes-Benz E-Class E250 CDI Launch Edition,Mercedes-Benz,Chennai,2014,6,81000.0,Diesel,Automatic,First,13.0,2143.0,204.0,5.0,22.75
Maruti Zen LXI,Maruti,Jaipur,1998,22,95150.0,Petrol,Manual,Third,17.3,993.0,60.0,5.0,0.45
Hyundai i10 Sportz,Hyundai,Coimbatore,2013,7,32776.0,Petrol,Manual,First,20.36,1197.0,78.9,5.0,4.64
Honda Amaze S i-Dtech,Honda,Coimbatore,2016,4,51587.0,Diesel,Manual,First,25.8,1498.0,98.6,5.0,5.27
Tata Safari Storme VX,Tata,Jaipur,2016,4,36000.0,Diesel,Manual,First,14.1,2179.0,148.0,7.0,10.0
Honda Brio 1.2 S MT,Honda,Mumbai,2015,5,22000.0,Petrol,Manual,First,18.5,1198.0,86.8,5.0,3.95
Hyundai i20 Asta,Hyundai,Kochi,2010,10,30754.0,Petrol,Manual,First,17.0,1197.0,80.0,5.0,3.38
Volkswagen Jetta 2012-2014 1.4 TSI,Volkswagen,Coimbatore,2018,2,37109.0,Petrol,Manual,First,14.69,1390.0,120.33,5.0,16.8
Honda Jazz Select Edition,Honda,Kolkata,2010,10,45000.0,Petrol,Manual,First,16.7,1198.0,88.8,5.0,1.99
Hyundai Grand i10 Sportz,Hyundai,Coimbatore,2017,3,33284.0,Petrol,Manual,First,18.9,1197.0,82.0,5.0,5.84
Jaguar XF Diesel,Jaguar,Coimbatore,2016,4,55115.0,Diesel,Automatic,First,14.74,2993.0,270.9,5.0,36.15
Jaguar XF 2.2 Litre Luxury,Jaguar,Kolkata,2014,6,18000.0,Diesel,Automatic,First,16.36,2179.0,187.7,5.0,25.7
Mahindra XUV500 W8 2WD,Mahindra,Coimbatore,2013,7,130790.0,Diesel,Manual,First,16.0,2179.0,140.0,7.0,9.24
Maruti S Cross DDiS 320 Alpha,Maruti,Delhi,2015,5,16607.0,Diesel,Manual,First,22.7,1598.0,118.0,5.0,7.65
Audi A4 2.0 TDI 177 Bhp Premium Plus,Audi,Coimbatore,2015,5,32205.0,Diesel,Automatic,First,17.11,1968.0,174.33,5.0,25.31
Renault Duster 110PS Diesel RxZ,Renault,Delhi,2013,7,67000.0,Diesel,Manual,First,19.01,1461.0,108.45,5.0,4.75
Maruti Swift Dzire VXI,Maruti,Coimbatore,2014,6,57676.0,Petrol,Manual,First,19.1,1197.0,85.8,5.0,6.69
Volkswagen Polo Petrol Trendline 1.2L,Volkswagen,Mumbai,2012,8,41000.0,Petrol,Manual,First,16.47,1198.0,73.9,5.0,3.1
Maruti Omni 8 Seater BSII,Maruti,Jaipur,2012,8,65000.0,Petrol,Manual,First,19.7,796.0,35.0,8.0,1.55
Hyundai Grand i10 1.2 Kappa Magna AT,Hyundai,Coimbatore,2019,1,12153.0,Petrol,Automatic,First,18.9,1197.0,81.86,5.0,6.84
Tata Nano Twist XT,Tata,Hyderabad,2014,6,16810.0,Petrol,Manual,First,25.4,624.0,37.5,4.0,1.6
Audi A4 30 TFSI Premium Plus,Audi,Kochi,2017,3,61221.0,Petrol,Automatic,First,17.84,1395.0,147.51,5.0,21.73
Volkswagen Polo 1.2 MPI Highline,Volkswagen,Mumbai,2015,5,22000.0,Petrol,Manual,First,16.47,1198.0,74.0,5.0,4.75
Maruti Alto 800 LXI,Maruti,Chennai,2015,5,63714.0,Petrol,Manual,First,22.74,796.0,47.3,5.0,2.45
Mini Cooper 5 DOOR D,Mini,Kochi,2019,1,14857.0,Diesel,Automatic,First,20.7,1496.0,113.98,5.0,31.55
Audi A4 New 2.0 TDI Multitronic,Audi,Delhi,2012,8,69000.0,Diesel,Automatic,Second,15.2,1968.0,140.8,5.0,10.25
Ford Endeavour Titanium 4X2,Ford,Coimbatore,2019,1,14648.0,Diesel,Manual,First,12.62,2198.0,158.0,7.0,27.36
Ford Ecosport 1.5 Ti VCT MT Titanium,Ford,Hyderabad,2013,7,100000.0,Petrol,Manual,Second,15.8,1499.0,110.0,5.0,6.5
Hyundai Grand i10 Magna,Hyundai,Jaipur,2016,4,22000.0,Petrol,Manual,First,18.9,1197.0,82.0,5.0,4.25
Chevrolet Sail 1.2 LS,Chevrolet,Mumbai,2014,6,10000.0,Petrol,Manual,First,18.2,1199.0,82.4,5.0,5.5
Maruti Swift Dzire LXI,Maruti,Kolkata,2015,5,107000.0,Petrol,Manual,First,20.85,1197.0,83.14,5.0,4.0
Tata Zest Revotron 1.2T XM,Tata,Kochi,2017,3,48198.0,Petrol,Manual,First,17.57,1193.0,88.7,5.0,4.65
Mercedes-Benz New C-Class C 220 CDI Avantgarde,Mercedes-Benz,Delhi,2015,5,15000.0,Diesel,Automatic,First,19.27,2143.0,170.0,5.0,28.5
Chevrolet Cruze LTZ,Chevrolet,Coimbatore,2014,6,80073.0,Diesel,Manual,First,17.3,1998.0,163.7,5.0,7.11
Maruti Ritz VDi,Maruti,Hyderabad,2013,7,85388.0,Diesel,Manual,First,21.1,1248.0,73.9,5.0,3.9
Hyundai Grand i10 1.2 Kappa Sportz Option,Hyundai,Jaipur,2017,3,14700.0,Petrol,Manual,First,18.9,1197.0,81.86,5.0,5.6
Maruti Dzire LDI,Maruti,Pune,2012,8,150000.0,Diesel,Manual,Third,28.4,1248.0,73.75,5.0,2.25
Hyundai Verna 1.6 SX,Hyundai,Kolkata,2011,9,34994.0,Diesel,Manual,First,22.32,1582.0,126.32,5.0,3.9
Jaguar XF Diesel,Jaguar,Coimbatore,2014,6,82536.0,Diesel,Automatic,First,14.74,2993.0,270.9,5.0,28.63
Skoda Superb Elegance 1.8 TSI AT,Skoda,Delhi,2013,7,82000.0,Petrol,Automatic,First,13.7,1798.0,157.75,5.0,7.25
Maruti Wagon R LXI,Maruti,Pune,2006,14,52000.0,Petrol,Manual,Second,18.9,998.0,67.1,5.0,2.0
Volkswagen Polo Petrol Highline 1.2L,Volkswagen,Mumbai,2011,9,20000.0,Petrol,Manual,First,16.47,1198.0,73.9,5.0,3.5
Honda Civic 2010-2013 1.8 S MT,Honda,Hyderabad,2011,9,55000.0,Petrol,Manual,First,14.8,1799.0,130.2,5.0,5.0
Maruti Eeco CNG 5 Seater AC,Maruti,Ahmedabad,2015,5,47001.0,CNG,Manual,First,20.0,1196.0,63.0,5.0,3.72
Maruti Wagon R VXI,Maruti,Chennai,2014,6,52000.0,Petrol,Manual,First,22.5,998.0,67.04,5.0,3.45
Maruti Swift Dzire VDI,Maruti,Kolkata,2013,7,43284.0,Diesel,Manual,First,23.4,1248.0,74.0,5.0,4.5
Hyundai Creta 1.6 SX Plus Petrol Automatic,Hyundai,Coimbatore,2018,2,23875.0,Petrol,Automatic,First,13.0,1591.0,121.3,5.0,14.36
Hyundai Grand i10 Asta,Hyundai,Bangalore,2016,4,51866.0,Petrol,Manual,First,18.9,1197.0,82.0,5.0,5.5
Nissan Micra Diesel XV Premium,Nissan,Mumbai,2013,7,69000.0,Diesel,Manual,First,23.08,1461.0,63.1,5.0,3.0
Hyundai Grand i10 1.2 Kappa Asta,Hyundai,Coimbatore,2017,3,62788.0,Petrol,Manual,First,18.9,1197.0,81.86,5.0,6.08
Volkswagen Vento Diesel Highline,Volkswagen,Chennai,2013,7,150000.0,Diesel,Manual,First,20.54,1598.0,103.6,5.0,5.0
Toyota Fortuner 4x2 AT,Toyota,Kochi,2015,5,47566.0,Diesel,Automatic,First,12.55,2982.0,168.5,7.0,20.25
Hyundai Santro GS zipDrive - Euro II,Hyundai,Chennai,2002,18,67000.0,Petrol,Manual,Third,,999.0,,5.0,1.2
Toyota Innova Crysta 2.8 GX AT,Toyota,Pune,2018,2,20300.0,Diesel,Automatic,First,11.36,2755.0,171.5,7.0,18.0
Mercedes-Benz A Class A180 CDI,Mercedes-Benz,Pune,2015,5,48300.0,Diesel,Automatic,First,20.0,2143.0,107.3,5.0,17.5
Hyundai EON D Lite,Hyundai,Pune,2013,7,30000.0,Petrol,Manual,First,21.1,814.0,55.2,5.0,2.1
Hyundai Elantra CRDi SX,Hyundai,Bangalore,2012,8,36000.0,Diesel,Manual,Second,22.7,1582.0,126.24,5.0,7.5
Mini Cooper 3 DOOR D,Mini,Kochi,2015,5,27641.0,Diesel,Automatic,Second,20.7,1496.0,113.98,4.0,24.77
Renault Duster 110PS Diesel RXZ Option,Renault,Bangalore,2015,5,60000.0,Diesel,Manual,First,19.64,1461.0,108.45,5.0,8.65
Ford Endeavour 3.2 Titanium AT 4X4,Ford,Chennai,2019,1,9000.0,Diesel,Automatic,First,10.91,3198.0,197.0,7.0,35.5
Toyota Corolla Altis GL MT,Toyota,Delhi,2014,6,60750.0,Petrol,Manual,First,14.28,1798.0,138.03,5.0,10.5
Mahindra XUV500 W7,Mahindra,Delhi,2018,2,9000.0,Diesel,Manual,First,14.0,2179.0,155.0,7.0,13.0
BMW 7 Series 730Ld Design Pure Excellence CBU,BMW,Kolkata,2012,8,41100.0,Diesel,Automatic,First,16.77,2993.0,261.49,5.0,26.5
Maruti Wagon R LX BSIII,Maruti,Ahmedabad,2004,16,60000.0,Petrol,Manual,Second,17.3,1061.0,64.0,5.0,1.4
Honda City i VTEC SV,Honda,Kochi,2017,3,38424.0,Petrol,Manual,First,17.8,1497.0,117.3,5.0,7.51
Maruti Swift VDI,Maruti,Delhi,2014,6,50000.0,Diesel,Manual,First,22.9,1248.0,74.0,5.0,4.3
Honda City i-VTEC CVT VX,Honda,Mumbai,2015,5,19000.0,Petrol,Automatic,First,18.0,1497.0,117.3,5.0,8.95
Maruti Ertiga VDI,Maruti,Kochi,2015,5,58734.0,Diesel,Manual,First,20.77,1248.0,88.76,7.0,6.91
Renault Duster 110PS Diesel RxZ,Renault,Coimbatore,2016,4,65257.0,Diesel,Manual,First,19.01,1461.0,108.45,5.0,9.75
Maruti Swift Dzire VDi,Maruti,Jaipur,2010,10,130000.0,Diesel,Manual,Second,19.3,1248.0,73.9,5.0,4.0
Maruti Ritz VDi,Maruti,Hyderabad,2011,9,79000.0,Diesel,Manual,First,23.2,1248.0,73.94,5.0,3.65
Mahindra XUV500 W8 4WD,Mahindra,Chennai,2013,7,78000.0,Diesel,Manual,First,15.1,2179.0,140.0,7.0,10.75
Honda Brio S MT,Honda,Kochi,2015,5,49133.0,Petrol,Manual,First,19.4,1198.0,86.8,5.0,4.51
Mercedes-Benz M-Class ML 350 4Matic,Mercedes-Benz,Coimbatore,2016,4,22769.0,Diesel,Automatic,First,,2987.0,165.0,5.0,49.22
Tata Manza Club Class Quadrajet90 LS,Tata,Coimbatore,2014,6,54448.0,Diesel,Manual,First,21.02,1248.0,88.8,5.0,3.7
Toyota Innova 2.5 V Diesel 7-seater,Toyota,Hyderabad,2014,6,158793.0,Diesel,Manual,First,12.8,2494.0,102.0,7.0,12.99
Maruti Swift VXI,Maruti,Delhi,2015,5,62088.0,Petrol,Manual,First,18.6,1197.0,85.8,5.0,4.15
Hyundai Verna 1.6 EX VTVT,Hyundai,Kolkata,2012,8,14800.0,Petrol,Manual,First,17.01,1591.0,121.3,5.0,4.4
Honda Mobilio S i VTEC,Honda,Kolkata,2015,5,26000.0,Petrol,Manual,First,17.3,1497.0,117.3,7.0,4.25
Honda Amaze S i-Vtech,Honda,Mumbai,2017,3,32005.0,Petrol,Manual,First,18.0,1198.0,86.7,5.0,4.25
Honda City i-VTEC CVT VX,Honda,Jaipur,2017,3,35000.0,Petrol,Automatic,First,18.0,1497.0,117.3,5.0,7.7
Land Rover Range Rover 2.2L Dynamic,Land,Pune,2015,5,52000.0,Diesel,Automatic,First,12.7,2179.0,187.7,5.0,39.75
Honda City i-VTEC V,Honda,Mumbai,2017,3,11000.0,Petrol,Manual,First,17.4,1497.0,117.3,5.0,8.5
Mercedes-Benz E-Class 280 Elegance,Mercedes-Benz,Jaipur,2008,12,62000.0,Petrol,Automatic,First,9.5,2997.0,231.1,5.0,7.0
Ford Ikon 1.3 Flair,Ford,Chennai,2002,18,65134.0,Petrol,Manual,Third,13.8,1299.0,70.0,5.0,0.8
Toyota Fortuner 4x2 Manual,Toyota,Delhi,2013,7,71000.0,Diesel,Manual,First,13.0,2982.0,168.5,7.0,15.25
Maruti A-Star Vxi,Maruti,Hyderabad,2008,12,51366.0,Petrol,Manual,First,19.0,998.0,66.1,5.0,2.25
Tata Sumo EX,Tata,Kolkata,2016,4,46300.0,Diesel,Manual,First,14.07,1948.0,83.1,7.0,4.85
Honda City V AT,Honda,Coimbatore,2012,8,60908.0,Petrol,Automatic,Second,15.6,1497.0,116.3,5.0,6.42
Nissan Micra XV D,Nissan,Chennai,2012,8,93450.0,Diesel,Manual,Second,23.19,1461.0,63.12,5.0,2.5
Hyundai Verna SX CRDi AT,Hyundai,Hyderabad,2011,9,104000.0,Diesel,Automatic,First,19.08,1582.0,126.32,5.0,5.75
Maruti 800 Std,Maruti,Pune,2003,17,52000.0,Petrol,Manual,First,16.1,796.0,37.0,4.0,0.5
Mahindra XUV500 W8 4WD,Mahindra,Coimbatore,2015,5,42999.0,Diesel,Manual,First,15.1,2179.0,140.0,7.0,11.52
Maruti SX4 VDI,Maruti,Delhi,2014,6,90000.0,Diesel,Manual,First,21.5,1248.0,88.8,5.0,4.5
Hyundai i20 Sportz AT 1.4,Hyundai,Bangalore,2013,7,72000.0,Petrol,Automatic,First,15.0,1396.0,98.6,5.0,4.75
Hyundai Creta 1.6 CRDi SX,Hyundai,Coimbatore,2019,1,54321.0,Diesel,Manual,First,19.67,1582.0,126.2,5.0,13.54
Mercedes-Benz E-Class E250 CDI Avantgrade,Mercedes-Benz,Kochi,2015,5,59630.0,Diesel,Automatic,First,13.0,2143.0,201.1,5.0,23.41
Toyota Fortuner 4x2 AT,Toyota,Hyderabad,2013,7,116000.0,Diesel,Automatic,Second,12.55,2982.0,168.5,7.0,19.25
Volvo S60 D4 KINETIC,Volvo,Ahmedabad,2015,5,34000.0,Diesel,Automatic,First,9.0,1984.0,181.0,5.0,20.0
Mercedes-Benz E-Class 2009-2013 E250 CDI Avantgarde,Mercedes-Benz,Delhi,2011,9,70000.0,Diesel,Automatic,First,14.21,2143.0,203.0,5.0,13.0
Honda Accord 2.4 Elegance M/T,Honda,Chennai,2010,10,80000.0,Petrol,Manual,First,10.2,2354.0,180.0,5.0,3.99
Honda Amaze S i-Dtech,Honda,Pune,2015,5,110000.0,Diesel,Manual,First,25.8,1498.0,98.6,5.0,4.65
Maruti Dzire ZDI,Maruti,Ahmedabad,2013,7,56454.0,Diesel,Manual,First,28.4,1248.0,73.75,5.0,4.65
Maruti Swift LXI,Maruti,Kolkata,2013,7,60000.0,Petrol,Manual,First,18.6,1197.0,85.8,5.0,3.15
Toyota Corolla Altis G HV AT,Toyota,Delhi,2013,7,56000.0,Petrol,Automatic,First,14.53,1798.0,138.1,5.0,8.25
Land Rover Range Rover Vogue SE 4.4 SDV8,Land,Bangalore,2012,8,63000.0,Diesel,Automatic,Second,11.49,4367.0,335.3,5.0,65.0
Maruti Swift VDI,Maruti,Chennai,2012,8,63000.0,Diesel,Manual,First,22.9,1248.0,74.0,5.0,4.5
Jeep Compass 2.0 Limited Option 4X4,Jeep,Kolkata,2017,3,15050.0,Diesel,Manual,First,16.3,1956.0,170.0,5.0,17.5
Maruti Swift VXI BSIV,Maruti,Mumbai,2016,4,29401.0,Petrol,Manual,First,20.4,1197.0,81.8,5.0,4.31
Honda Jazz 1.2 SV i VTEC,Honda,Kochi,2016,4,25238.0,Petrol,Manual,First,18.7,1199.0,88.7,5.0,6.2
Toyota Etios GD,Toyota,Chennai,2011,9,79000.0,Diesel,Manual,First,23.59,1364.0,,5.0,4.67
Volkswagen Polo Petrol Trendline 1.2L,Volkswagen,Kochi,2011,9,58752.0,Petrol,Manual,First,16.47,1198.0,73.9,5.0,3.32
Honda Civic 2006-2010 1.8 V AT,Honda,Delhi,2011,9,62000.0,Petrol,Automatic,First,12.9,1799.0,130.0,5.0,3.75
Toyota Etios G SP,Toyota,Bangalore,2013,7,132000.0,Petrol,Manual,First,16.78,1496.0,88.73,5.0,4.7
Hyundai Verna 1.6 SX VTVT,Hyundai,Chennai,2016,4,51000.0,Petrol,Manual,First,17.01,1591.0,121.3,5.0,6.5
Toyota Innova 2.5 G4 Diesel 8-seater,Toyota,Hyderabad,2009,11,185200.0,Diesel,Manual,First,12.8,2494.0,102.0,8.0,7.25
Maruti SX4 S Cross DDiS 320 Zeta,Maruti,Coimbatore,2016,4,61717.0,Diesel,Manual,First,22.7,1598.0,118.0,5.0,8.94
Ford Freestyle Titanium Plus Petrol,Ford,Kolkata,2018,2,8896.0,Petrol,Manual,First,19.0,1194.0,94.68,5.0,7.34
Maruti Baleno Alpha 1.2,Maruti,Delhi,2016,4,17000.0,Petrol,Manual,First,21.4,1197.0,83.1,5.0,6.9
Honda Jazz V,Honda,Mumbai,2016,4,31378.0,Petrol,Manual,First,18.2,1199.0,88.7,5.0,5.9
Hyundai Verna 1.6 CRDi EX AT,Hyundai,Pune,2013,7,114000.0,Diesel,Automatic,First,22.32,1582.0,126.3,5.0,6.75
Honda Amaze VX i-DTEC,Honda,Ahmedabad,2014,6,81000.0,Diesel,Manual,First,25.8,1498.0,98.6,5.0,4.1
Audi Q3 30 TDI Premium FWD,Audi,Mumbai,2017,3,31000.0,Diesel,Automatic,First,18.51,1968.0,147.51,5.0,27.0
Skoda Rapid 2013-2016 1.6 MPI Ambition,Skoda,Mumbai,2014,6,35000.0,Petrol,Manual,First,15.0,1598.0,103.52,5.0,4.5
Audi A4 2.0 TDI 177 Bhp Premium Plus,Audi,Kolkata,2013,7,60001.0,Diesel,Automatic,First,17.11,1968.0,174.33,5.0,14.5
Maruti Swift Dzire VDI,Maruti,Jaipur,2014,6,75074.0,Diesel,Manual,First,23.4,1248.0,74.0,5.0,5.25
Tata Indica Vista Quadrajet LS,Tata,Kolkata,2012,8,80000.0,Diesel,Manual,Second,22.3,1248.0,74.0,5.0,1.2
Toyota Innova 2.5 G (Diesel) 8 Seater,Toyota,Jaipur,2006,14,147350.0,Diesel,Manual,Second,12.99,2494.0,100.6,8.0,4.95
Renault Duster 110PS Diesel RxZ Plus,Renault,Hyderabad,2013,7,60000.0,Diesel,Manual,First,19.64,1461.0,108.45,5.0,7.5
Mercedes-Benz E-Class E400 Cabriolet,Mercedes-Benz,Kolkata,2015,5,7501.0,Petrol,Automatic,First,10.0,2996.0,333.0,4.0,48.0
Honda Amaze S i-Dtech,Honda,Delhi,2015,5,58000.0,Diesel,Manual,First,25.8,1498.0,98.6,5.0,4.45
Mercedes-Benz GLE 350d,Mercedes-Benz,Coimbatore,2018,2,29277.0,Diesel,Automatic,First,11.57,2987.0,254.79,5.0,59.65
Maruti Ritz VDi,Maruti,Kochi,2015,5,57034.0,Diesel,Manual,First,23.2,1248.0,73.94,5.0,4.38
Maruti Ciaz ZDi Plus SHVS,Maruti,Kochi,2016,4,40810.0,Diesel,Manual,First,28.09,1248.0,88.5,5.0,7.9
Hyundai Santro Xing GL,Hyundai,Bangalore,2008,12,35268.0,Petrol,Manual,Second,,1086.0,62.0,5.0,1.88
BMW 5 Series 520d Sedan,BMW,Mumbai,2008,12,81000.0,Diesel,Automatic,Second,18.48,,,,10.5
Maruti Baleno Delta CVT,Maruti,Coimbatore,2018,2,34630.0,Petrol,Automatic,First,21.4,1197.0,83.1,5.0,7.29
Ford Fiesta Diesel Titanium Plus,Ford,Hyderabad,2012,8,45122.0,Diesel,Manual,First,23.5,1498.0,88.7,5.0,6.0
Mahindra XUV500 W8 2WD,Mahindra,Chennai,2011,9,126000.0,Diesel,Manual,Third,16.0,2179.0,140.0,7.0,6.7
Maruti Alto LXi,Maruti,Jaipur,2009,11,63000.0,Petrol,Manual,First,19.7,796.0,46.3,5.0,1.5
Mini Cooper 3 DOOR D,Mini,Kochi,2016,4,32298.0,Diesel,Automatic,First,20.7,1496.0,113.98,4.0,23.8
Mahindra XUV500 W8 4WD,Mahindra,Kochi,2014,6,63288.0,Diesel,Manual,First,15.1,2179.0,140.0,7.0,7.77
Hyundai Santro Xing GLS,Hyundai,Coimbatore,2012,8,43337.0,Petrol,Manual,First,17.92,1086.0,62.1,5.0,3.32
Maruti Swift VDI,Maruti,Kochi,2015,5,46561.0,Diesel,Manual,First,22.9,1248.0,74.0,5.0,4.94
Mercedes-Benz A Class A180 CDI,Mercedes-Benz,Delhi,2013,7,34000.0,Diesel,Automatic,Second,20.0,2143.0,107.3,5.0,11.0
Renault KWID RXT,Renault,Hyderabad,2016,4,48000.0,Petrol,Manual,First,25.17,799.0,53.3,5.0,3.4
Maruti Swift VDI,Maruti,Kochi,2013,7,56263.0,Diesel,Manual,First,22.9,1248.0,74.0,5.0,4.17
Maruti Zen LXI,Maruti,Hyderabad,2005,15,84060.0,Petrol,Manual,Second,17.3,993.0,60.0,5.0,1.25
Hyundai Grand i10 Magna AT,Hyundai,Mumbai,2016,4,9000.0,Petrol,Automatic,First,18.9,1197.0,82.0,5.0,5.45
Tata Manza Aura Quadrajet BS IV,Tata,Jaipur,2012,8,79000.0,Diesel,Manual,First,21.12,1248.0,88.8,5.0,2.59
Mahindra XUV500 W10 AWD,Mahindra,Pune,2015,5,87900.0,Diesel,Manual,First,16.0,2179.0,140.0,7.0,12.01
Maruti Swift Dzire 1.2 Vxi BSIV,Maruti,Delhi,2010,10,72425.0,Petrol,Manual,Second,17.5,1197.0,85.8,5.0,2.45
Audi Q3 35 TDI Quattro Premium Plus,Audi,Bangalore,2015,5,38000.0,Diesel,Automatic,First,15.73,1968.0,174.33,5.0,29.0
Ford Fiesta 1.4 SXi TDCi,Ford,Hyderabad,2008,12,83000.0,Diesel,Manual,Second,17.8,1399.0,,5.0,2.4
Mercedes-Benz New C-Class C 220 CDI Elegance AT,Mercedes-Benz,Hyderabad,2010,10,107000.0,Diesel,Automatic,First,14.84,2143.0,170.0,5.0,11.99
Honda City i VTEC CVT VX,Honda,Delhi,2015,5,51000.0,Petrol,Automatic,First,18.0,1497.0,117.3,5.0,7.9
Toyota Innova 2.5 GX 7 STR,Toyota,Pune,2010,10,140000.0,Diesel,Manual,Third,12.8,2494.0,102.0,7.0,6.25
Chevrolet Beat LT,Chevrolet,Pune,2011,9,48000.0,Petrol,Manual,Second,18.6,1199.0,79.4,5.0,1.8
Maruti Wagon R LXI CNG,Maruti,Delhi,2013,7,62000.0,CNG,Manual,First,26.6,998.0,58.16,5.0,2.8
Honda Jazz 1.2 S i VTEC,Honda,Mumbai,2015,5,31000.0,Petrol,Manual,First,18.7,1199.0,88.7,5.0,4.9
Nissan Micra XL Primo,Nissan,Jaipur,2010,10,75055.0,Petrol,Manual,First,18.06,1198.0,75.0,5.0,2.25
Maruti Ciaz AT ZXi,Maruti,Coimbatore,2017,3,51210.0,Petrol,Automatic,First,19.12,1373.0,91.1,5.0,8.89
Toyota Fortuner 4x2 AT,Toyota,Mumbai,2012,8,87000.0,Diesel,Automatic,First,12.55,2982.0,168.5,7.0,15.0
Ford Aspire Ambiente Diesel,Ford,Kolkata,2018,2,17000.0,Diesel,Manual,First,26.1,1498.0,99.0,5.0,5.65
Maruti Ertiga ZDI,Maruti,Jaipur,2014,6,57000.0,Diesel,Manual,First,20.77,1248.0,88.8,7.0,7.0
Maruti Alto 800 LXI,Maruti,Hyderabad,2016,4,9370.0,Petrol,Manual,First,22.74,796.0,47.3,5.0,2.95
Honda Brio V MT,Honda,Chennai,2013,7,53226.0,Petrol,Manual,First,19.4,1198.0,86.8,5.0,3.3
Hyundai Verna Transform CRDi VGT SX ABS,Hyundai,Hyderabad,2010,10,120000.0,Diesel,Manual,Second,16.2,1493.0,110.0,5.0,3.5
Honda City 1.5 GXI,Honda,Jaipur,2007,13,75055.0,Petrol,Manual,First,12.8,1493.0,100.0,5.0,2.3
Hyundai Creta 1.6 CRDi SX,Hyundai,Coimbatore,2017,3,37247.0,Diesel,Manual,First,19.67,1582.0,126.2,5.0,13.69
Toyota Etios Liva GD,Toyota,Delhi,2013,7,64000.0,Diesel,Manual,First,23.59,1364.0,67.06,5.0,3.1
Hyundai Sonata Transform 2.4 GDi MT,Hyundai,Mumbai,2014,6,12000.0,Petrol,Manual,First,13.44,2359.0,198.25,5.0,12.75
Hyundai Creta 1.6 CRDi SX Option,Hyundai,Pune,2017,3,40158.0,Diesel,Manual,First,19.67,1582.0,126.2,5.0,13.75
Honda Jazz 1.2 SV i VTEC,Honda,Chennai,2017,3,11000.0,Petrol,Manual,First,18.7,1199.0,88.7,5.0,6.75
Volkswagen Vento Diesel Comfortline,Volkswagen,Chennai,2014,6,70010.0,Diesel,Manual,First,20.54,1598.0,103.6,5.0,5.25
Mahindra XUV500 W6 2WD,Mahindra,Mumbai,2015,5,82000.0,Diesel,Manual,First,16.0,2179.0,140.0,7.0,8.75
Mahindra TUV 300 2015-2019 T8,Mahindra,Kochi,2017,3,57259.0,Diesel,Manual,First,18.49,1493.0,100.0,7.0,8.87
Honda Accord 2001-2003 2.3 VTi L AT,Honda,Bangalore,2010,10,84000.0,Petrol,Automatic,Second,11.1,2354.0,142.0,5.0,6.5
Maruti Ertiga VDI,Maruti,Pune,2012,8,168000.0,Diesel,Manual,First,20.77,1248.0,88.76,7.0,4.5
Mahindra Ssangyong Rexton RX5,Mahindra,Hyderabad,2012,8,73670.0,Diesel,Manual,First,12.83,2696.0,162.0,7.0,12.5
Toyota Fortuner 4x2 AT,Toyota,Delhi,2014,6,89540.0,Diesel,Automatic,First,12.55,2982.0,168.5,7.0,16.8
Maruti Ertiga ZDI,Maruti,Hyderabad,2016,4,85423.0,Diesel,Manual,First,20.77,1248.0,88.8,7.0,8.75
Hyundai Elantra CRDi SX AT,Hyundai,Pune,2013,7,48823.0,Diesel,Automatic,First,19.5,1582.0,126.24,5.0,8.5
Hyundai i10 Magna 1.2,Hyundai,Kolkata,2011,9,35082.0,Petrol,Manual,First,20.36,1197.0,78.9,5.0,2.21
Maruti Omni MPI STD BSIV,Maruti,Jaipur,2012,8,126000.0,Petrol,Manual,First,16.8,796.0,34.2,5.0,1.6
Honda Amaze VX AT i-Vtech,Honda,Delhi,2016,4,19000.0,Petrol,Automatic,First,15.5,1198.0,86.7,5.0,6.25
Honda Civic 2006-2010 1.8 V AT,Honda,Mumbai,2007,13,69000.0,Petrol,Automatic,Second,12.9,1799.0,130.0,5.0,2.25
Mercedes-Benz CLA 200 CDI Sport,Mercedes-Benz,Kochi,2019,1,29836.0,Diesel,Automatic,First,17.9,2143.0,136.0,5.0,25.75
Skoda Superb 1.8 TFSI MT,Skoda,Ahmedabad,2010,10,48002.0,Petrol,Manual,Second,13.14,1798.0,157.8,5.0,6.75
Maruti Ciaz ZDi Plus SHVS,Maruti,Ahmedabad,2015,5,52324.0,Diesel,Manual,First,28.09,1248.0,88.5,5.0,6.25
Ford Ecosport 1.5 DV5 MT Titanium Optional,Ford,Delhi,2013,7,65000.0,Diesel,Manual,First,22.7,1498.0,89.84,5.0,5.1
Mercedes-Benz M-Class ML 320 CDI,Mercedes-Benz,Mumbai,2009,11,66000.0,Diesel,Automatic,Second,8.7,2987.0,224.34,5.0,10.75
Hyundai Grand i10 CRDi Sportz,Hyundai,Hyderabad,2016,4,75700.0,Diesel,Manual,First,24.0,1120.0,70.0,5.0,5.7
Volkswagen Vento Diesel Breeze,Volkswagen,Bangalore,2013,7,43000.0,Diesel,Manual,First,20.5,1598.0,105.0,5.0,5.95
Chevrolet Beat Diesel LT,Chevrolet,Kochi,2012,8,42706.0,Diesel,Manual,First,25.44,936.0,56.3,5.0,2.4
Mahindra Quanto C6,Mahindra,Mumbai,2013,7,35000.0,Diesel,Manual,First,17.21,1493.0,100.0,7.0,3.49
Hyundai i10 Asta 1.2 AT with Sunroof,Hyundai,Hyderabad,2011,9,54348.0,Petrol,Automatic,First,19.2,1197.0,80.0,5.0,4.0
Toyota Etios Liva 1.4 GD,Toyota,Delhi,2013,7,84000.0,Diesel,Manual,First,23.59,1364.0,67.04,5.0,3.85
Toyota Corolla Altis 2008-2013 1.8 VL AT,Toyota,Mumbai,2010,10,63298.0,Petrol,Automatic,First,14.53,1794.0,138.1,5.0,3.95
Hyundai i10 Magna 1.2,Hyundai,Jaipur,2013,7,75049.0,Petrol,Manual,Second,20.36,1197.0,78.9,5.0,3.0
Ford Figo Aspire 1.2 Ti-VCT Titanium,Ford,Kochi,2018,2,24237.0,Petrol,Manual,First,18.16,1196.0,86.8,5.0,6.7
Maruti Ritz ZXi,Maruti,Coimbatore,2016,4,22767.0,Petrol,Manual,First,18.5,1197.0,85.8,5.0,6.14
Hyundai i20 Sportz AT 1.4,Hyundai,Bangalore,2012,8,58000.0,Petrol,Automatic,Second,15.0,1396.0,98.6,5.0,4.4
Maruti Swift Dzire LDI,Maruti,Pune,2017,3,57000.0,Diesel,Manual,First,26.59,1248.0,74.0,5.0,4.25
BMW 7 Series 2007-2012 750Li,BMW,Kochi,2010,10,50161.0,Petrol,Automatic,First,8.77,4395.0,402.0,5.0,25.93
Maruti S Cross DDiS 320 Alpha,Maruti,Kolkata,2016,4,45000.0,Diesel,Manual,First,22.7,1598.0,118.0,5.0,7.0
Toyota Fortuner 4x4 AT,Toyota,Coimbatore,2017,3,68319.0,Diesel,Automatic,First,12.55,2982.0,168.5,7.0,25.12
Hyundai EON 1.0 Magna Plus Option O,Hyundai,Kochi,2017,3,30711.0,Petrol,Manual,First,20.3,998.0,68.05,5.0,4.45
Hyundai i20 1.4 CRDi Magna,Hyundai,Kolkata,2011,9,38277.0,Diesel,Manual,First,21.9,1396.0,90.0,5.0,2.4
Volkswagen Vento Diesel Highline,Volkswagen,Pune,2012,8,115000.0,Diesel,Manual,Second,20.54,1598.0,103.6,5.0,4.33
Maruti Swift Dzire VXi AT,Maruti,Coimbatore,2017,3,46849.0,Petrol,Automatic,First,18.5,1197.0,83.14,5.0,6.93
Hyundai i20 Magna 1.4 CRDi,Hyundai,Ahmedabad,2014,6,64000.0,Diesel,Manual,First,21.9,1396.0,90.0,5.0,4.25
Mercedes-Benz E-Class 2009-2013 E250 CDI Blue Efficiency,Mercedes-Benz,Pune,2010,10,130923.0,Diesel,Automatic,First,14.21,2143.0,203.0,5.0,12.5
Hyundai Grand i10 Sportz,Hyundai,Chennai,2015,5,15000.0,Petrol,Manual,First,18.9,1197.0,82.0,5.0,4.9
Hyundai i20 1.4 CRDi Sportz,Hyundai,Mumbai,2014,6,32720.0,Diesel,Manual,First,23.0,1396.0,90.0,5.0,4.5
Renault KWID RXT,Renault,Jaipur,2016,4,12500.0,Petrol,Manual,First,25.17,799.0,53.3,5.0,3.0
Hyundai Xcent 1.2 Kappa AT SX Option,Hyundai,Chennai,2015,5,59800.0,Petrol,Automatic,First,16.9,1197.0,82.0,5.0,5.8
Volkswagen Vento Petrol Highline,Volkswagen,Pune,2011,9,54211.0,Petrol,Manual,First,15.04,1598.0,103.6,5.0,3.33
Chevrolet Cruze LTZ AT,Chevrolet,Kochi,2015,5,62242.0,Diesel,Automatic,First,14.39,1998.0,163.7,5.0,6.62
Nissan Terrano XL 110 PS,Nissan,Mumbai,2015,5,54000.0,Diesel,Manual,Second,19.01,1461.0,108.5,5.0,5.75
Hyundai Verna 1.6 SX,Hyundai,Hyderabad,2012,8,65000.0,Diesel,Manual,First,22.32,1582.0,126.32,5.0,6.2
Maruti Celerio VXI AMT,Maruti,Chennai,2015,5,55000.0,Petrol,Automatic,First,23.1,998.0,67.04,5.0,3.5
Maruti Wagon R LXI,Maruti,Pune,2010,10,71000.0,Petrol,Manual,First,18.9,998.0,67.1,5.0,2.0
Hyundai i20 Magna Optional 1.4 CRDi,Hyundai,Chennai,2012,8,70000.0,Diesel,Manual,First,21.9,1396.0,88.8,5.0,4.0
Audi A4 1.8 TFSI,Audi,Mumbai,2011,9,53000.0,Petrol,Automatic,First,12.3,1781.0,163.2,5.0,9.5
BMW X1 sDrive20d,BMW,Mumbai,2013,7,43000.0,Diesel,Automatic,First,17.05,1995.0,184.0,5.0,17.5
Skoda Rapid 1.6 MPI AT Elegance Plus,Skoda,Mumbai,2015,5,54000.0,Petrol,Automatic,First,14.3,1598.0,103.52,5.0,6.11
Hyundai i10 Magna,Hyundai,Ahmedabad,2014,6,51000.0,Petrol,Manual,First,20.36,1197.0,78.9,5.0,3.75
Mitsubishi Pajero 2.8 GLX CRZ,Mitsubishi,Hyderabad,2007,13,78000.0,Diesel,Manual,Second,10.5,2835.0,107.2,6.0,6.2
Honda City i DTEC SV,Honda,Mumbai,2014,6,25000.0,Diesel,Manual,First,26.0,1498.0,98.6,5.0,6.15
Maruti Alto K10 2010-2014 VXI,Maruti,Pune,2012,8,12600.0,Petrol,Manual,First,20.92,998.0,67.1,5.0,2.4
Maruti Swift Ldi BSIII,Maruti,Pune,2009,11,80000.0,Diesel,Manual,Fourth & Above,17.8,1248.0,75.0,5.0,2.15
Hyundai Grand i10 Magna,Hyundai,Kolkata,2016,4,21000.0,Petrol,Manual,First,18.9,1197.0,82.0,5.0,3.75
Ford Figo Petrol ZXI,Ford,Mumbai,2011,9,32000.0,Petrol,Manual,Second,15.6,1196.0,70.0,5.0,2.15
Hyundai Grand i10 SportZ Edition,Hyundai,Bangalore,2015,5,50000.0,Petrol,Manual,First,18.9,1197.0,81.86,5.0,4.75
Maruti SX4 Vxi BSIV,Maruti,Mumbai,2010,10,47500.0,Petrol,Manual,First,15.5,1586.0,103.3,5.0,2.45
Honda City i-VTEC VX,Honda,Mumbai,2017,3,7500.0,Petrol,Manual,First,17.4,1497.0,117.3,5.0,11.15
Renault Duster 110PS Diesel RxZ AMT,Renault,Jaipur,2016,4,68163.0,Diesel,Automatic,First,19.6,1461.0,108.45,5.0,8.9
Honda Amaze S i-Dtech,Honda,Ahmedabad,2014,6,61000.0,Diesel,Manual,First,25.8,1498.0,98.6,5.0,4.35
Toyota Innova 2.5 Z Diesel 7 Seater,Toyota,Jaipur,2015,5,100000.0,Diesel,Manual,Second,12.99,2494.0,100.6,7.0,12.0
BMW 3 Series 320d Highline,BMW,Mumbai,2009,11,61500.0,Diesel,Automatic,Second,16.07,1995.0,181.0,5.0,8.5
Hyundai i10 Magna 1.1 iTech SE,Hyundai,Kochi,2017,3,42883.0,Petrol,Manual,First,19.81,1086.0,68.05,5.0,4.27
Renault Duster 85PS Diesel RxL Optional with Nav,Renault,Jaipur,2012,8,97000.0,Diesel,Manual,Second,20.45,1461.0,83.8,5.0,4.25
Mitsubishi Outlander 2.4,Mitsubishi,Bangalore,2010,10,39525.0,Petrol,Automatic,First,11.3,2360.0,170.0,5.0,9.25
Maruti Vitara Brezza LDi,Maruti,Kochi,2017,3,35384.0,Diesel,Manual,First,24.3,1248.0,88.5,5.0,8.61
Mercedes-Benz R-Class R350 CDI 4MATIC,Mercedes-Benz,Hyderabad,2010,10,46000.0,Diesel,Automatic,First,11.8,2987.0,261.0,7.0,28.0
Ford EcoSport 1.5 Diesel Titanium,Ford,Coimbatore,2018,2,32189.0,Diesel,Manual,First,23.0,1498.0,98.96,5.0,9.25
Hyundai Verna 1.6 CRDI AT SX Option,Hyundai,Chennai,2016,4,27000.0,Diesel,Automatic,First,19.08,1582.0,126.2,5.0,8.6
Volkswagen Polo 1.2 MPI Highline,Volkswagen,Coimbatore,2018,2,22734.0,Petrol,Manual,First,16.47,1198.0,74.0,5.0,7.53
Renault Duster 110PS Diesel RxL,Renault,Mumbai,2014,6,58002.0,Diesel,Manual,First,19.64,1461.0,108.45,5.0,5.75
Honda Brio S Option AT,Honda,Chennai,2012,8,31500.0,Petrol,Automatic,First,16.5,1198.0,86.8,5.0,4.15
Ford Figo 2015-2019 1.2P Titanium MT,Ford,Coimbatore,2017,3,30933.0,Petrol,Manual,First,18.16,1196.0,86.8,5.0,5.84
Audi A6 2.0 TDI Design Edition,Audi,Kolkata,2012,8,27090.0,Diesel,Automatic,First,18.53,1968.0,187.74,5.0,16.5
BMW X5 2014-2019 xDrive 30d Design Pure Experience 7 Seater,BMW,Mumbai,2015,5,29500.0,Diesel,Automatic,First,15.97,2993.0,258.0,7.0,43.0
Hyundai i10 Sportz Option,Hyundai,Pune,2013,7,45000.0,Petrol,Manual,First,20.36,1197.0,78.9,5.0,3.55
Hyundai i20 1.2 Asta Option,Hyundai,Hyderabad,2018,2,11691.0,Petrol,Manual,First,18.6,1197.0,81.83,5.0,8.9
Skoda Octavia L and K 1.9 TDI MT,Skoda,Hyderabad,2006,14,121000.0,Diesel,Manual,Second,16.4,1896.0,90.0,5.0,2.5
Hyundai Verna Transform SX VGT CRDi,Hyundai,Hyderabad,2010,10,118077.0,Diesel,Manual,First,16.2,1493.0,110.0,5.0,3.85
Hyundai Verna 1.6 SX VTVT (O) AT,Hyundai,Chennai,2012,8,36300.0,Petrol,Automatic,Third,17.1,1591.0,121.4,5.0,7.5
Hyundai Getz GVS,Hyundai,Mumbai,2005,15,90000.0,Petrol,Manual,Second,15.3,1341.0,61.0,5.0,1.8
Ford Figo Diesel EXI,Ford,Chennai,2010,10,78000.0,Diesel,Manual,First,20.0,1399.0,68.0,5.0,2.25
Audi A6 2011-2015 35 TDI Technology,Audi,Mumbai,2015,5,42000.0,Diesel,Automatic,First,17.68,1968.0,174.33,5.0,24.25
Volkswagen Polo 1.2 MPI Highline,Volkswagen,Mumbai,2015,5,27000.0,Petrol,Manual,First,16.47,1198.0,74.0,5.0,4.35
BMW X1 sDrive20d,BMW,Kolkata,2012,8,22000.0,Diesel,Automatic,First,17.05,1995.0,184.0,5.0,11.5
Honda City i VTEC SV,Honda,Kolkata,2014,6,49000.0,Petrol,Manual,First,17.4,1497.0,117.3,5.0,4.75
Hyundai i20 Sportz Option Diesel,Hyundai,Hyderabad,2012,8,42600.0,Diesel,Manual,First,23.0,1396.0,90.0,5.0,4.99
Honda Jazz 1.2 V CVT i VTEC,Honda,Coimbatore,2018,2,12794.0,Petrol,Automatic,First,19.0,1199.0,88.7,5.0,9.15
Maruti Swift 1.3 VXi,Maruti,Jaipur,2006,14,125000.0,Petrol,Manual,Fourth & Above,16.1,,,,2.35
Honda CR-V 2.4 AT,Honda,Hyderabad,2014,6,88046.0,Petrol,Automatic,First,10.1,2354.0,152.0,5.0,13.99
Mercedes-Benz A Class A180 CDI,Mercedes-Benz,Bangalore,2014,6,8000.0,Diesel,Automatic,Second,20.0,2143.0,107.3,5.0,19.75
Mahindra XUV500 AT W10 AWD,Mahindra,Coimbatore,2018,2,82739.0,Diesel,Automatic,First,16.0,2179.0,140.0,7.0,16.77
Mahindra Bolero SLX 2WD,Mahindra,Bangalore,2006,14,193000.0,Diesel,Manual,Third,13.6,2523.0,63.0,7.0,2.5
Renault Scala RxL AT,Renault,Mumbai,2013,7,7000.0,Petrol,Automatic,First,17.97,1498.0,99.6,5.0,3.65
Land Rover Freelander 2 HSE SD4,Land,Ahmedabad,2012,8,60000.0,Diesel,Automatic,Second,12.35,2179.0,187.74,5.0,23.5
Maruti Alto 800 VXI,Maruti,Pune,2017,3,38000.0,Petrol,Manual,First,22.74,796.0,47.3,5.0,3.11
Toyota Etios G,Toyota,Kochi,2013,7,56344.0,Petrol,Manual,First,17.6,1496.0,88.73,5.0,4.57
Hyundai i20 Sportz Option,Hyundai,Mumbai,2014,6,17858.0,Petrol,Manual,First,17.0,1197.0,80.0,5.0,5.32
Hyundai i10 Sportz,Hyundai,Hyderabad,2012,8,53000.0,Petrol,Manual,First,20.36,1197.0,78.9,5.0,3.2
Maruti Swift VDI BSIV,Maruti,Kochi,2016,4,67906.0,Diesel,Manual,First,25.2,1248.0,74.0,5.0,5.63
Hyundai EON Magna Plus,Hyundai,Hyderabad,2015,5,19000.0,Petrol,Manual,First,21.1,814.0,55.2,5.0,3.0
BMW 3 Series 320d,BMW,Mumbai,2010,10,67000.0,Diesel,Automatic,Second,22.69,1995.0,190.0,5.0,9.25
Tata Indigo XL Classic Dicor,Tata,Delhi,2011,9,80000.0,Diesel,Manual,First,23.57,1396.0,70.0,5.0,1.2
Maruti Alto 800 LXI,Maruti,Delhi,2015,5,61000.0,Petrol,Manual,First,22.74,796.0,47.3,5.0,2.15
Volkswagen Polo Diesel Highline 1.2L,Volkswagen,Pune,2010,10,39000.0,Diesel,Manual,First,22.07,1199.0,73.9,5.0,3.05
Toyota Corolla Altis VL AT,Toyota,Ahmedabad,2014,6,59000.0,Petrol,Automatic,First,14.28,1798.0,138.03,5.0,11.5
Hyundai Santro Xing GLS,Hyundai,Hyderabad,2008,12,80931.0,Petrol,Manual,First,17.92,1086.0,62.1,5.0,2.3
Maruti Swift ZXI,Maruti,Kolkata,2016,4,34000.0,Petrol,Manual,First,20.4,1197.0,81.8,5.0,4.95
Renault Scala Diesel RxL,Renault,Hyderabad,2013,7,130000.0,Diesel,Manual,First,21.64,1461.0,84.8,5.0,4.75
Maruti Vitara Brezza ZDi Plus,Maruti,Coimbatore,2018,2,52380.0,Diesel,Manual,First,24.3,1248.0,88.5,5.0,10.15
Nissan Micra XV,Nissan,Kolkata,2011,9,44000.0,Petrol,Manual,First,18.06,1198.0,75.0,5.0,2.65
Ford Figo Diesel EXI,Ford,Hyderabad,2015,5,84000.0,Diesel,Manual,First,20.0,1399.0,68.05,5.0,3.8
Honda CR-V 2.0 AT,Honda,Kochi,2017,3,41697.0,Petrol,Automatic,First,13.1,1997.0,141.1,5.0,16.68
Nissan Terrano XV 110 PS,Nissan,Pune,2014,6,163000.0,Diesel,Manual,First,19.01,1461.0,108.5,5.0,5.0
Toyota Etios Liva 1.2 G,Toyota,Chennai,2011,9,42000.0,Petrol,Manual,Second,17.71,1197.0,78.9,5.0,3.75
Hyundai i20 Asta 1.4 CRDi,Hyundai,Jaipur,2013,7,129000.0,Diesel,Manual,Third,21.27,1396.0,88.76,5.0,4.11
Ford Figo Aspire 1.2 Ti-VCT Ambiente,Ford,Chennai,2015,5,32200.0,Petrol,Manual,Second,18.16,1196.0,86.8,5.0,4.25
Mitsubishi Pajero 2.8 GLX CRZ,Mitsubishi,Mumbai,2004,16,129000.0,Diesel,Manual,First,10.5,2835.0,107.2,6.0,3.45
Audi A4 2.0 TDI 177 Bhp Premium Plus,Audi,Bangalore,2014,6,40000.0,Diesel,Automatic,First,17.11,1968.0,174.33,5.0,22.5
Toyota Innova 2.0 E,Toyota,Delhi,2006,14,150000.0,Petrol,Manual,First,12.4,1998.0,132.0,8.0,4.5
Chevrolet Aveo U-VA 1.2 LS,Chevrolet,Jaipur,2007,13,140000.0,Petrol,Manual,First,15.26,1150.0,74.9,5.0,0.9
Hyundai Getz GLS,Hyundai,Hyderabad,2006,14,63181.0,Petrol,Manual,First,15.3,1341.0,83.0,5.0,1.85
Honda Amaze S i-Dtech,Honda,Kolkata,2013,7,39575.0,Diesel,Manual,First,25.8,1498.0,98.6,5.0,3.25
Maruti Swift VDI BSIV W ABS,Maruti,Pune,2010,10,63600.0,Diesel,Manual,Second,17.8,1248.0,,5.0,3.1
Ford Ecosport 1.5 DV5 MT Titanium Optional,Ford,Coimbatore,2014,6,70374.0,Diesel,Manual,First,22.7,1498.0,89.84,5.0,7.34
Volkswagen CrossPolo 1.5 TDI,Volkswagen,Kolkata,2015,5,26256.0,Diesel,Manual,First,20.14,1498.0,88.5,5.0,4.25
Hyundai Elite i20 Petrol Sportz,Hyundai,Delhi,2016,4,13460.0,Petrol,Manual,First,18.6,1197.0,81.86,5.0,6.45
Toyota Innova 2.5 V Diesel 8-seater,Toyota,Chennai,2011,9,122000.0,Diesel,Manual,Second,12.8,2494.0,102.0,8.0,10.75
Mercedes-Benz M-Class ML 250 CDI,Mercedes-Benz,Kolkata,2015,5,58589.0,Diesel,Automatic,First,15.26,2143.0,203.2,5.0,27.75
Maruti Wagon R LX BSIII,Maruti,Jaipur,2005,15,115000.0,Petrol,Manual,Second,17.3,1061.0,64.0,5.0,0.99
Ford Endeavour 2.2 Trend AT 4X2,Ford,Pune,2016,4,75000.0,Diesel,Automatic,First,12.62,2198.0,158.0,7.0,24.0
Hyundai Elite i20 Petrol Sportz,Hyundai,Jaipur,2016,4,30292.0,Petrol,Manual,First,18.6,1197.0,81.86,5.0,6.1
Honda WRV i-VTEC VX,Honda,Ahmedabad,2017,3,32248.0,Petrol,Manual,First,17.5,1199.0,88.7,5.0,8.25
Volkswagen Polo Petrol Highline 1.2L,Volkswagen,Bangalore,2013,7,74000.0,Petrol,Manual,First,16.47,1198.0,73.9,5.0,4.65
Honda CR-V 2.0L 2WD MT,Honda,Mumbai,2014,6,56100.0,Petrol,Manual,First,13.7,1997.0,153.86,5.0,9.75
Hyundai Grand i10 1.2 Kappa Asta,Hyundai,Bangalore,2014,6,61325.0,Petrol,Manual,First,18.9,1197.0,81.86,5.0,4.4
Maruti Swift Dzire VXI,Maruti,Kolkata,2014,6,33000.0,Petrol,Manual,First,19.1,1197.0,85.8,5.0,3.99
BMW 5 Series 2003-2012 530d,BMW,Coimbatore,2016,4,18090.0,Diesel,Automatic,First,16.2,2993.0,258.0,5.0,45.73
Ford Ecosport 1.5 DV5 MT Ambiente,Ford,Kochi,2014,6,71390.0,Diesel,Manual,First,22.7,1498.0,89.84,5.0,5.27
Maruti Wagon R LXI CNG,Maruti,Mumbai,2014,6,41000.0,CNG,Manual,First,26.2,998.0,58.2,5.0,3.5
Honda City i DTec V,Honda,Ahmedabad,2016,4,67000.0,Diesel,Manual,First,26.0,1498.0,98.6,5.0,7.25
Tata Indigo LS,Tata,Chennai,2008,12,99000.0,Diesel,Manual,Second,17.0,1405.0,70.0,5.0,1.6
Renault Duster 110PS Diesel RxL,Renault,Pune,2014,6,142000.0,Diesel,Manual,Second,19.01,1461.0,108.45,5.0,6.0
Hyundai i10 Sportz,Hyundai,Chennai,2010,10,26966.0,Petrol,Manual,First,20.36,1197.0,78.9,5.0,3.0
Honda Jazz 1.2 SV i VTEC,Honda,Mumbai,2015,5,27628.0,Petrol,Manual,First,18.7,1199.0,88.7,5.0,4.95
Maruti SX4 S Cross DDiS 200 Zeta,Maruti,Hyderabad,2016,4,82497.0,Diesel,Manual,First,23.65,1248.0,88.5,5.0,8.99
Honda Accord VTi-L MT,Honda,Mumbai,2007,13,86000.0,Petrol,Manual,Third,11.9,2354.0,144.0,5.0,1.85
Volkswagen Polo Petrol Comfortline 1.2L,Volkswagen,Coimbatore,2016,4,26981.0,Petrol,Manual,First,16.47,1198.0,73.9,5.0,6.16
Maruti Ritz VDi,Maruti,Hyderabad,2010,10,110471.0,Diesel,Manual,First,21.1,1248.0,73.9,5.0,3.5
Honda Amaze S Petrol,Honda,Jaipur,2014,6,69000.0,Petrol,Manual,First,19.5,1199.0,88.76,5.0,4.5
Hyundai i20 1.2 Asta Option,Hyundai,Hyderabad,2017,3,12000.0,Petrol,Manual,First,18.6,1197.0,81.83,5.0,7.75
Renault Duster 85PS Diesel RxL,Renault,Hyderabad,2014,6,77500.0,Diesel,Manual,First,20.45,1461.0,83.8,5.0,6.6
Hyundai Grand i10 Magna,Hyundai,Kochi,2014,6,48031.0,Petrol,Manual,First,18.9,1197.0,82.0,5.0,4.98
BMW 3 Series 320d Highline,BMW,Chennai,2008,12,170000.0,Diesel,Automatic,Third,16.07,1995.0,181.0,5.0,9.75
Ford Ecosport 1.5 DV5 MT Trend,Ford,Mumbai,2014,6,69565.0,Diesel,Manual,First,22.7,1498.0,89.84,5.0,5.55
Volkswagen Vento 1.5 TDI Highline AT,Volkswagen,Hyderabad,2016,4,45492.0,Diesel,Automatic,First,21.5,1498.0,108.5,5.0,10.3
Honda Accord 2.4 AT,Honda,Chennai,2011,9,85000.0,Petrol,Automatic,Second,11.7,2354.0,177.6,5.0,7.5
Chevrolet Aveo 1.4,Chevrolet,Hyderabad,2008,12,55902.0,Petrol,Manual,First,14.49,1399.0,92.7,5.0,1.8
Volkswagen Polo 1.2 MPI Highline Plus,Volkswagen,Hyderabad,2017,3,18500.0,Petrol,Manual,First,16.2,1199.0,74.0,5.0,6.25
Mahindra Xylo D4 BS III,Mahindra,Hyderabad,2015,5,129750.0,Diesel,Manual,Second,14.95,2489.0,93.7,7.0,6.8
Hyundai i10 Magna AT,Hyundai,Hyderabad,2009,11,50902.0,Petrol,Automatic,First,19.2,1197.0,80.0,5.0,3.0
Mahindra XUV500 W8 4WD,Mahindra,Coimbatore,2015,5,84725.0,Diesel,Manual,First,15.1,2179.0,140.0,7.0,11.6
Hyundai Elantra CRDi SX,Hyundai,Mumbai,2013,7,40000.0,Diesel,Manual,Second,22.7,1582.0,126.24,5.0,6.95
Volkswagen Passat 1.8 TSI MT,Volkswagen,Mumbai,2010,10,60000.0,Petrol,Manual,Third,14.3,1798.0,160.0,5.0,3.5
Hyundai Grand i10 1.2 Kappa Sportz,Hyundai,Coimbatore,2014,6,33496.0,Petrol,Manual,First,18.9,1197.0,81.86,5.0,5.5
Hyundai i20 Asta Option 1.2,Hyundai,Mumbai,2015,5,25000.0,Petrol,Manual,First,18.6,1197.0,81.83,5.0,5.65
Chevrolet Enjoy TCDi LS 8 Seater,Chevrolet,Ahmedabad,2013,7,71000.0,Diesel,Manual,First,18.2,1248.0,73.8,8.0,3.25
Skoda Rapid 1.6 MPI AT Ambition Plus Alloy,Skoda,Coimbatore,2015,5,20826.0,Petrol,Automatic,First,14.3,1598.0,103.6,5.0,7.72
Hyundai Creta 1.6 CRDi SX,Hyundai,Pune,2016,4,42244.0,Diesel,Manual,First,19.67,1582.0,126.2,5.0,12.0
Chevrolet Beat Diesel PS,Chevrolet,Jaipur,2013,7,98598.0,Diesel,Manual,First,25.44,936.0,57.6,5.0,1.55
Toyota Fortuner 3.0 Diesel,Toyota,Delhi,2011,9,62100.0,Diesel,Manual,First,11.5,2982.0,171.0,7.0,10.75
Hyundai i20 Sportz Option 1.2,Hyundai,Coimbatore,2016,4,44238.0,Petrol,Manual,First,18.6,1197.0,81.83,5.0,6.72
Audi Q7 3.0 TDI quattro,Audi,Coimbatore,2012,8,91743.0,Diesel,Automatic,First,12.07,2967.0,241.4,7.0,28.55
Porsche Panamera Diesel,Porsche,Bangalore,2013,7,19828.0,Diesel,Automatic,Second,17.85,2967.0,300.0,4.0,75.0
Honda City i VTEC VX,Honda,Hyderabad,2016,4,36891.0,Petrol,Manual,First,17.8,1497.0,117.3,5.0,10.49
Mahindra Quanto C4,Mahindra,Hyderabad,2012,8,90049.0,Diesel,Manual,First,17.21,1493.0,100.0,7.0,3.8
Audi A4 2.0 TDI Multitronic,Audi,Ahmedabad,2012,8,74002.0,Diesel,Automatic,First,16.55,1968.0,140.0,5.0,18.5
Hyundai Sonata Transform 2.4 GDi AT,Hyundai,Kolkata,2013,7,41000.0,Petrol,Automatic,First,12.37,2359.0,198.25,5.0,6.0
Hyundai Verna 1.6 SX,Hyundai,Hyderabad,2012,8,83678.0,Diesel,Manual,First,22.32,1582.0,126.32,5.0,5.5
Maruti Wagon R LXI BS IV,Maruti,Pune,2010,10,91000.0,Petrol,Manual,First,18.9,998.0,67.1,5.0,2.3
Maruti Ertiga SHVS ZDI Plus,Maruti,Jaipur,2016,4,50000.0,Diesel,Manual,First,24.52,1248.0,88.5,7.0,8.7
Hyundai Xcent 1.1 CRDi S Option,Hyundai,Delhi,2015,5,58000.0,Diesel,Manual,First,24.4,1120.0,71.01,5.0,4.95
Maruti Swift VDI,Maruti,Jaipur,2012,8,80000.0,Diesel,Manual,First,22.9,1248.0,74.0,5.0,4.25
Mahindra XUV500 W6 2WD,Mahindra,Kochi,2017,3,41290.0,Diesel,Manual,Second,16.0,2179.0,140.0,7.0,10.94
BMW 5 Series 520d Luxury Line,BMW,Delhi,2013,7,65000.0,Diesel,Automatic,First,22.48,1995.0,190.0,5.0,21.26
Toyota Corolla Altis 1.8 G,Toyota,Bangalore,2016,4,16471.0,Petrol,Manual,Second,14.28,1798.0,138.03,5.0,11.5
Hyundai i20 Asta 1.4 CRDi,Hyundai,Pune,2015,5,54339.0,Diesel,Manual,Second,22.54,1396.0,88.73,5.0,6.0
Mahindra KUV 100 mFALCON G80 K2,Mahindra,Hyderabad,2016,4,24025.0,Petrol,Manual,First,18.15,1198.0,82.0,6.0,4.1
Maruti Alto 800 2016-2019 LXI,Maruti,Kolkata,2013,7,24027.0,Petrol,Manual,First,24.7,796.0,47.3,5.0,2.01
Fiat Punto EVO 1.2 Emotion,Fiat,Hyderabad,2010,10,59270.0,Petrol,Manual,First,15.7,1172.0,67.0,5.0,2.6
Maruti Wagon R VXI BS IV,Maruti,Kolkata,2012,8,40000.0,Petrol,Manual,First,18.9,998.0,67.1,5.0,2.35
Mitsubishi Pajero 4X4 LHD,Mitsubishi,Bangalore,2012,8,155566.0,Diesel,Manual,Second,9.5,2835.0,118.6,6.0,9.15
Honda Brio EX MT,Honda,Chennai,2013,7,42320.0,Petrol,Manual,First,19.4,1198.0,86.8,5.0,2.9
Hyundai i20 Asta Option 1.4 CRDi,Hyundai,Coimbatore,2017,3,24153.0,Diesel,Manual,Second,22.54,1396.0,88.73,5.0,9.18
Hyundai Creta 1.6 SX Plus Petrol Automatic,Hyundai,Mumbai,2016,4,27000.0,Petrol,Automatic,First,13.0,1591.0,121.3,5.0,11.45
Maruti Alto Green LXi (CNG),Maruti,Hyderabad,2012,8,92000.0,CNG,Manual,Second,26.83,796.0,38.4,5.0,2.1
Honda Amaze S i-VTEC,Honda,Kochi,2017,3,61795.0,Petrol,Manual,First,17.8,1198.0,86.7,5.0,5.53
Mahindra KUV 100 mFALCON G80 K6 Plus,Mahindra,Chennai,2016,4,13500.0,Petrol,Manual,First,18.15,1198.0,82.0,6.0,3.75
Honda City i-VTEC CVT VX,Honda,Pune,2018,2,4500.0,Petrol,Automatic,First,18.0,1497.0,117.3,5.0,12.5
Mahindra XUV500 AT W10 FWD,Mahindra,Mumbai,2017,3,23000.0,Diesel,Automatic,First,16.0,2179.0,140.0,7.0,15.5
Hyundai Santro GLS I - Euro I,Hyundai,Pune,2011,9,65400.0,Petrol,Manual,First,,1086.0,,5.0,2.1
Mercedes-Benz New C-Class 220 CDI AT,Mercedes-Benz,Mumbai,2013,7,80578.0,Diesel,Automatic,Second,14.84,2143.0,170.0,5.0,14.5
Renault Duster 110PS Diesel RxZ AMT,Renault,Coimbatore,2017,3,42646.0,Diesel,Automatic,First,19.6,1461.0,108.45,5.0,12.46
Volkswagen Polo 1.2 MPI Comfortline,Volkswagen,Bangalore,2014,6,30000.0,Petrol,Manual,Second,16.47,1198.0,74.0,5.0,5.25
BMW 5 Series 520d Sedan,BMW,Delhi,2012,8,90000.0,Diesel,Automatic,First,18.48,,,,14.5
Mercedes-Benz S Class 2005 2013 S 350 CDI,Mercedes-Benz,Bangalore,2009,11,98000.0,Diesel,Automatic,Second,13.5,2987.0,282.0,5.0,25.0
Hyundai Santro GLS II - Euro II,Hyundai,Kochi,2012,8,66400.0,Petrol,Manual,First,,,,,2.66
Jaguar XJ 3.0L Premium Luxury,Jaguar,Hyderabad,2012,8,50000.0,Diesel,Automatic,First,12.9,2993.0,271.23,4.0,45.0
Maruti Swift VDI,Maruti,Jaipur,2015,5,63310.0,Diesel,Manual,First,28.4,1248.0,74.0,5.0,5.1
Honda Amaze S i-Dtech,Honda,Delhi,2014,6,66000.0,Diesel,Manual,First,25.8,1498.0,98.6,5.0,3.5
BMW 3 Series 320d Highline,BMW,Ahmedabad,2011,9,74000.0,Diesel,Automatic,Second,16.07,1995.0,181.0,5.0,12.5
Hyundai Verna 1.4 EX,Hyundai,Hyderabad,2012,8,93000.0,Diesel,Manual,First,23.5,1396.0,88.7,5.0,5.55
Toyota Fortuner 4x2 4 Speed AT,Toyota,Delhi,2015,5,70000.0,Diesel,Automatic,First,11.5,2982.0,169.0,7.0,19.48
Maruti Swift VXI,Maruti,Ahmedabad,2012,8,48772.0,Petrol,Manual,First,18.6,1197.0,85.8,5.0,3.91
Chevrolet Beat LS,Chevrolet,Chennai,2010,10,66000.0,Petrol,Manual,First,18.6,1199.0,79.4,5.0,2.19
Hyundai Grand i10 Asta Option AT,Hyundai,Coimbatore,2017,3,27417.0,Petrol,Automatic,First,18.9,1197.0,82.0,5.0,6.89
Ford Figo Petrol ZXI,Ford,Coimbatore,2011,9,51593.0,Petrol,Manual,Second,15.6,1196.0,70.0,5.0,3.47
Nissan Teana 230jM,Nissan,Mumbai,2008,12,86340.0,Petrol,Automatic,Second,9.1,2349.0,,5.0,3.25
Maruti Swift VXI BSIII,Maruti,Pune,2010,10,75000.0,Petrol,Manual,First,16.1,1298.0,88.2,5.0,2.85
Audi A4 35 TDI Premium,Audi,Coimbatore,2016,4,39237.0,Diesel,Automatic,First,17.11,1968.0,174.33,5.0,25.64
Honda City V MT,Honda,Kochi,2018,2,11966.0,Petrol,Manual,First,16.8,1497.0,116.3,5.0,10.28
Honda Jazz V,Honda,Hyderabad,2015,5,37000.0,Petrol,Manual,First,18.2,1199.0,88.7,5.0,6.3
Volkswagen Polo 1.5 TDI Highline,Volkswagen,Chennai,2014,6,70920.0,Diesel,Manual,First,20.14,1498.0,88.8,5.0,4.75
Nissan Terrano XL D Option,Nissan,Hyderabad,2013,7,65280.0,Diesel,Manual,First,19.87,1461.0,83.14,5.0,5.8
Land Rover Discovery Sport SD4 HSE Luxury 7S,Land,Hyderabad,2016,4,62000.0,Diesel,Automatic,First,12.51,2179.0,187.7,7.0,44.5
Hyundai i20 Magna Optional 1.2,Hyundai,Kochi,2014,6,44525.0,Petrol,Manual,First,18.5,1197.0,82.9,5.0,4.65
Honda City 1.5 E MT,Honda,Jaipur,2009,11,86863.0,Petrol,Manual,First,17.0,1497.0,118.0,5.0,3.6
Mahindra XUV500 W10 AWD,Mahindra,Hyderabad,2015,5,102626.0,Diesel,Manual,First,16.0,2179.0,140.0,7.0,12.25
Jeep Compass 2.0 Limited Option 4X4,Jeep,Jaipur,2017,3,45000.0,Diesel,Manual,First,16.3,1956.0,170.0,5.0,20.0
Mahindra XUV500 W10 AWD,Mahindra,Jaipur,2017,3,22000.0,Diesel,Manual,First,16.0,2179.0,140.0,7.0,16.0
Mahindra Scorpio VLX 4WD AIRBAG AT BSIV,Mahindra,Coimbatore,2011,9,108905.0,Diesel,Automatic,Second,11.79,2179.0,120.0,8.0,6.21
Datsun GO Plus T,Datsun,Kolkata,2016,4,12800.0,Petrol,Manual,First,19.44,1198.0,67.0,7.0,3.25
Mahindra Scorpio S6 Plus 7 Seater,Mahindra,Kolkata,2016,4,32000.0,Diesel,Manual,First,15.4,2179.0,120.0,7.0,9.75
Honda Amaze S AT i-Vtech,Honda,Mumbai,2014,6,39000.0,Petrol,Automatic,First,15.5,1198.0,86.7,5.0,4.45
Honda City i-DTEC ZX,Honda,Pune,2017,3,42000.0,Diesel,Manual,First,25.6,1498.0,98.6,5.0,12.0
Tata Indigo GLE,Tata,Chennai,2008,12,73000.0,Petrol,Manual,First,14.4,1396.0,65.0,5.0,0.8
Hyundai Grand i10 1.2 CRDi Sportz,Hyundai,Chennai,2018,2,48000.0,Diesel,Manual,First,24.0,1186.0,73.97,5.0,5.95
Maruti Alto 800 2016-2019 CNG LXI,Maruti,Pune,2015,5,18000.0,CNG,Manual,First,33.44,796.0,40.3,4.0,3.0
Hyundai Verna 1.4 CX VTVT,Hyundai,Kolkata,2014,6,19000.0,Petrol,Manual,First,17.43,1396.0,105.5,5.0,5.25
Toyota Innova Crysta 2.4 VX MT,Toyota,Coimbatore,2019,1,33598.0,Diesel,Manual,First,13.68,2393.0,147.8,7.0,22.2
BMW X1 sDrive20d,BMW,Jaipur,2012,8,63000.0,Diesel,Automatic,First,17.05,1995.0,184.0,5.0,13.5
Volkswagen Jetta 2013-2015 2.0L TDI Highline AT,Volkswagen,Chennai,2015,5,48000.0,Diesel,Automatic,First,16.96,1968.0,138.03,5.0,13.5
Ford Figo Diesel ZXI,Ford,Delhi,2014,6,66000.0,Diesel,Manual,First,20.0,1399.0,68.05,5.0,3.47
Mahindra Ssangyong Rexton RX7,Mahindra,Ahmedabad,2013,7,80000.0,Diesel,Automatic,Second,11.18,2696.0,184.0,7.0,9.5
Volkswagen Vento Petrol Highline,Volkswagen,Chennai,2011,9,37000.0,Petrol,Manual,First,15.04,1598.0,103.6,5.0,4.8
Skoda Rapid 1.6 MPI Ambition With Alloy Wheel,Skoda,Kochi,2016,4,35058.0,Petrol,Manual,First,15.0,1598.0,103.52,5.0,6.54
Volkswagen Polo Petrol Comfortline 1.2L,Volkswagen,Delhi,2012,8,52000.0,Petrol,Manual,First,16.47,1198.0,73.9,5.0,3.1
Maruti S Cross DDiS 200 Delta,Maruti,Hyderabad,2015,5,61313.0,Diesel,Manual,First,23.65,1248.0,88.5,5.0,7.99
Toyota Corolla Altis G,Toyota,Kolkata,2009,11,45000.0,Petrol,Manual,Second,14.53,1798.0,138.1,5.0,3.3
Maruti Ertiga ZDI,Maruti,Bangalore,2015,5,74000.0,Diesel,Manual,First,20.77,1248.0,88.8,7.0,8.75
Hyundai i10 Asta Sunroof AT,Hyundai,Hyderabad,2013,7,89000.0,Petrol,Automatic,First,19.2,1197.0,80.0,5.0,4.19
Mercedes-Benz CLA 200 CDI Sport,Mercedes-Benz,Kochi,2019,1,13414.0,Diesel,Automatic,First,17.9,2143.0,136.0,5.0,30.77
Honda City ZX VTEC,Honda,Jaipur,2006,14,95000.0,Petrol,Manual,Second,16.9,1497.0,100.0,5.0,2.11
Mahindra KUV 100 G80 K8,Mahindra,Jaipur,2018,2,15900.0,Petrol,Manual,First,18.15,1198.0,82.0,6.0,6.25
Toyota Fortuner 3.0 Diesel,Toyota,Delhi,2011,9,151000.0,Diesel,Manual,First,11.5,2982.0,171.0,7.0,11.4
Honda City 1.5 V MT,Honda,Bangalore,2011,9,65000.0,Petrol,Manual,First,17.0,1497.0,118.0,5.0,5.2
Audi A6 35 TDI Matrix,Audi,Coimbatore,2017,3,36824.0,Diesel,Automatic,First,18.53,1968.0,187.74,5.0,39.84
Ford Figo Diesel ZXI,Ford,Coimbatore,2013,7,65287.0,Diesel,Manual,First,20.0,1399.0,68.05,5.0,4.45
Mercedes-Benz GLA Class 200 CDI,Mercedes-Benz,Kolkata,2014,6,52000.0,Diesel,Automatic,First,17.9,2143.0,136.0,5.0,19.5
Chevrolet Aveo U-VA 1.2 LS,Chevrolet,Hyderabad,2007,13,33000.0,Petrol,Manual,First,15.26,1150.0,74.9,5.0,1.75
Ford Figo 2015-2019 1.5D Titanium MT,Ford,Hyderabad,2016,4,71000.0,Diesel,Manual,First,25.83,1498.0,99.0,5.0,5.1
Hyundai Elantra CRDi SX AT,Hyundai,Delhi,2013,7,71000.0,Diesel,Automatic,First,22.7,1582.0,126.2,5.0,6.8
Maruti Baleno Zeta CVT,Maruti,Kolkata,2016,4,20000.0,Petrol,Automatic,First,21.4,1197.0,83.1,5.0,5.74
Maruti Swift LXi BSIV,Maruti,Hyderabad,2010,10,71000.0,Petrol,Manual,First,16.1,1197.0,85.0,5.0,3.3
Mercedes-Benz CLS-Class 2006-2010 350 CDI,Mercedes-Benz,Hyderabad,2010,10,29000.0,Diesel,Automatic,First,9.9,3498.0,271.72,4.0,32.0
BMW 3 Series Luxury Line,BMW,Ahmedabad,2016,4,27000.0,Diesel,Automatic,First,21.76,1995.0,190.0,5.0,35.0
Maruti Dzire AMT ZDI Plus,Maruti,Chennai,2017,3,19000.0,Diesel,Automatic,First,28.4,1248.0,73.75,5.0,8.9
Hyundai Verna 1.6 SX VTVT,Hyundai,Mumbai,2011,9,58000.0,Petrol,Manual,Second,17.01,1591.0,121.3,5.0,4.0
Jeep Compass 2.0 Longitude,Jeep,Kochi,2018,2,42203.0,Diesel,Manual,First,17.1,1956.0,170.0,5.0,19.46
Hyundai Sonata Embera 2.0L CRDi AT,Hyundai,Hyderabad,2009,11,94000.0,Diesel,Automatic,First,11.4,1991.0,142.0,5.0,5.25
Maruti Eeco 5 STR With AC Plus HTR CNG,Maruti,Delhi,2013,7,52000.0,CNG,Manual,Second,15.1,1196.0,73.0,5.0,2.6
Tata Nexon 1.5 Revotorq XZ Plus Dual Tone,Tata,Kolkata,2018,2,4900.0,Diesel,Manual,First,21.5,1497.0,108.5,5.0,9.22
Hyundai EON Era Plus,Hyundai,Jaipur,2013,7,70000.0,Petrol,Manual,First,21.1,814.0,55.2,5.0,1.8
Tata Indica DLS,Tata,Hyderabad,2005,15,100000.0,Diesel,Manual,Second,13.5,1405.0,,5.0,1.3
BMW 5 Series 2013-2017 530d M Sport,BMW,Kochi,2015,5,65266.0,Diesel,Automatic,First,14.69,2993.0,258.0,5.0,31.75
Maruti Ertiga VDI,Maruti,Delhi,2014,6,54569.0,Diesel,Manual,First,20.77,1248.0,88.76,7.0,5.99
Honda Amaze E i-Vtech,Honda,Kochi,2015,5,51361.0,Petrol,Manual,First,18.0,1198.0,86.7,5.0,4.94
Ford Fiesta 1.4 Duratec ZXI,Ford,Jaipur,2007,13,125000.0,Petrol,Manual,Third,16.6,1388.0,68.0,5.0,1.5
Honda Civic 2006-2010 1.8 V MT,Honda,Bangalore,2008,12,66000.0,Petrol,Manual,Third,13.5,1799.0,130.0,5.0,3.25
Maruti Wagon R LX DUO BSIII,Maruti,Hyderabad,2007,13,65047.0,LPG,Manual,First,17.3,1061.0,57.5,5.0,1.95
Maruti Ertiga ZDI,Maruti,Delhi,2014,6,22281.0,Diesel,Manual,First,20.77,1248.0,88.8,7.0,6.5
Hyundai Grand i10 CRDi Sportz,Hyundai,Delhi,2013,7,63210.0,Diesel,Manual,First,24.0,1120.0,70.0,5.0,3.71
Hyundai Xcent 1.2 VTVT E Plus,Hyundai,Pune,2018,2,31000.0,Petrol,Manual,First,20.14,1197.0,81.86,5.0,5.0
Hyundai i10 Era,Hyundai,Ahmedabad,2008,12,60000.0,Petrol,Manual,First,19.81,1086.0,68.05,5.0,1.99
Honda Amaze S i-Vtech,Honda,Mumbai,2017,3,32006.0,Petrol,Manual,First,18.0,1198.0,86.7,5.0,4.25
Audi A6 2.7 TDI,Audi,Ahmedabad,2009,11,78000.0,Diesel,Automatic,First,12.4,2698.0,179.5,5.0,8.0
Hyundai i10 Magna 1.2 iTech SE,Hyundai,Mumbai,2011,9,9489.0,Petrol,Manual,First,20.36,1197.0,78.9,5.0,2.95
Renault KWID RXT Optional,Renault,Pune,2018,2,5000.0,Petrol,Manual,First,25.17,799.0,53.3,5.0,3.5
Audi A4 New 2.0 TDI Multitronic,Audi,Jaipur,2012,8,60000.0,Diesel,Automatic,Second,15.2,1968.0,140.8,5.0,16.0
Maruti Alto 800 LXI Airbag,Maruti,Jaipur,2015,5,50000.0,Petrol,Manual,First,22.74,796.0,47.3,5.0,2.75
Honda City i VTEC VX Option,Honda,Delhi,2015,5,53000.0,Petrol,Manual,First,17.8,1497.0,117.3,5.0,6.95
Mercedes-Benz New C-Class C250 Avantgarde,Mercedes-Benz,Delhi,2011,9,64000.0,Petrol,Automatic,Second,11.74,1796.0,186.0,5.0,12.5
Audi Q5 3.0 TDI Quattro Technology,Audi,Coimbatore,2017,3,43827.0,Diesel,Automatic,First,13.22,2967.0,241.4,5.0,36.83
Volkswagen Polo 1.2 MPI Comfortline,Volkswagen,Pune,2011,9,36431.0,Petrol,Manual,First,16.2,1199.0,74.0,5.0,2.7
Hyundai Creta 1.4 E Plus Diesel,Hyundai,Mumbai,2017,3,35000.0,Diesel,Manual,First,21.38,1396.0,88.7,5.0,9.9
Honda City 1.5 V MT,Honda,Kochi,2011,9,94832.0,Petrol,Manual,First,17.0,1497.0,118.0,5.0,3.83
Honda City 1.5 S MT,Honda,Coimbatore,2012,8,88381.0,Petrol,Manual,First,17.0,1497.0,118.0,5.0,5.25
Maruti S Cross DDiS 320 Alpha,Maruti,Kolkata,2016,4,45194.0,Diesel,Manual,First,22.7,1598.0,118.0,5.0,7.75
Maruti SX4 Vxi BSIV,Maruti,Mumbai,2010,10,66000.0,Petrol,Manual,Second,16.51,1586.0,103.2,5.0,2.46
Maruti Swift Dzire VDI,Maruti,Kolkata,2014,6,38578.0,Diesel,Manual,First,23.4,1248.0,74.0,5.0,3.96
Maruti Ertiga ZDI,Maruti,Chennai,2015,5,40000.0,Diesel,Manual,First,20.77,1248.0,88.8,7.0,8.25
Hyundai i20 1.2 Spotz,Hyundai,Coimbatore,2018,2,20632.0,Petrol,Manual,First,18.6,1197.0,81.83,5.0,7.58
Hyundai Grand i10 CRDi Magna,Hyundai,Hyderabad,2014,6,73042.0,Diesel,Manual,First,24.0,1120.0,70.0,5.0,3.99
Honda City i VTEC SV,Honda,Delhi,2014,6,54257.0,Petrol,Manual,First,17.4,1497.0,117.3,5.0,6.25
Skoda Rapid 1.6 TDI Elegance,Skoda,Hyderabad,2013,7,93000.0,Diesel,Manual,First,20.5,1598.0,103.5,5.0,5.0
Mercedes-Benz E-Class E270 CDI,Mercedes-Benz,Hyderabad,2005,15,102000.0,Diesel,Automatic,Second,11.0,2987.0,198.5,5.0,4.65
Hyundai Santa Fe 4WD AT,Hyundai,Coimbatore,2016,4,28881.0,Diesel,Automatic,First,13.01,2199.0,194.3,7.0,21.37
Maruti Alto LXi,Maruti,Hyderabad,2007,13,52195.0,Petrol,Manual,First,19.7,796.0,46.3,5.0,1.75
ISUZU D-MAX V-Cross 4X4,ISUZU,Coimbatore,2018,2,20422.0,Diesel,Manual,First,12.4,2499.0,134.0,5.0,16.09
Hyundai Verna 1.4 CRDi GL,Hyundai,Kolkata,2012,8,38000.0,Diesel,Manual,First,24.8,1396.0,88.7,5.0,4.1
Ford Figo Diesel ZXI,Ford,Coimbatore,2015,5,92885.0,Diesel,Manual,First,20.0,1399.0,68.0,5.0,3.56
Honda City 1.5 S MT,Honda,Pune,2010,10,43000.0,Petrol,Manual,Second,17.0,1497.0,118.0,5.0,4.21
Maruti Swift VDI BSIV W ABS,Maruti,Coimbatore,2016,4,70478.0,Diesel,Manual,First,17.8,1248.0,,5.0,6.86
Hyundai Verna 1.6 CRDi S,Hyundai,Delhi,2015,5,57000.0,Diesel,Manual,First,23.9,1582.0,126.2,5.0,6.6
Hyundai Creta 1.6 SX Plus Petrol Automatic,Hyundai,Coimbatore,2018,2,32434.0,Petrol,Automatic,First,13.0,1591.0,121.3,5.0,14.35
Ford Ecosport 1.5 DV5 MT Titanium,Ford,Hyderabad,2017,3,32000.0,Diesel,Manual,First,22.7,1498.0,89.84,5.0,9.5
BMW X6 xDrive30d,BMW,Delhi,2011,9,59000.0,Diesel,Automatic,First,11.2,2993.0,241.0,4.0,21.9
BMW 5 Series 2013-2017 520d Luxury Line,BMW,Coimbatore,2016,4,76467.0,Diesel,Automatic,First,18.12,1995.0,190.0,5.0,30.45
Ford Figo Aspire 1.5 TDCi Ambiente,Ford,Hyderabad,2016,4,100000.0,Diesel,Manual,First,25.83,1498.0,99.0,5.0,5.1
Hyundai Verna VTVT 1.6 AT EX,Hyundai,Pune,2013,7,37086.0,Petrol,Automatic,First,17.0,1591.0,121.3,5.0,5.44
Ford Ikon 1.4 TDCi DuraTorq,Ford,Jaipur,2010,10,135000.0,Diesel,Manual,First,13.8,1399.0,68.0,5.0,1.6
Audi A6 2011-2015 2.0 TDI,Audi,Kochi,2014,6,54862.0,Diesel,Automatic,First,17.68,1968.0,174.33,5.0,16.67
Honda CR-V Sport,Honda,Hyderabad,2010,10,67758.0,Petrol,Manual,First,10.8,2354.0,,5.0,9.5
Hyundai i20 2015-2017 Sportz AT 1.4,Hyundai,Pune,2012,8,56200.0,Petrol,Automatic,First,15.0,1396.0,98.6,5.0,3.85
Toyota Fortuner 2.8 4WD MT,Toyota,Kochi,2011,9,169006.0,Diesel,Manual,First,14.24,2755.0,174.5,7.0,10.64
Renault KWID RXT,Renault,Bangalore,2016,4,20229.0,Petrol,Manual,First,25.17,799.0,53.3,5.0,3.5
Chevrolet Spark 1.0 LT,Chevrolet,Chennai,2008,12,62000.0,Petrol,Manual,Third,18.0,995.0,62.0,5.0,1.1
Hyundai Verna Transform VTVT,Hyundai,Hyderabad,2011,9,51500.0,Petrol,Manual,Second,16.2,1599.0,103.2,5.0,2.6
BMW 3 Series 320d Sport Line,BMW,Hyderabad,2012,8,69000.0,Diesel,Automatic,First,18.88,1995.0,184.0,5.0,18.5
Hyundai Santro Xing XP,Hyundai,Bangalore,2004,16,167000.0,Petrol,Manual,First,,1086.0,,5.0,1.35
Maruti Swift Dzire VDI,Maruti,Hyderabad,2015,5,62476.0,Diesel,Manual,First,26.59,1248.0,74.0,5.0,7.95
Hyundai Xcent 1.2 CRDi E Plus,Hyundai,Jaipur,2017,3,60500.0,Diesel,Manual,First,25.4,1186.0,73.97,5.0,5.49
Honda Jazz V CVT,Honda,Mumbai,2017,3,17978.0,Petrol,Automatic,First,19.0,1199.0,88.7,5.0,6.95
Tata Indigo LS,Tata,Jaipur,2008,12,300000.0,Diesel,Manual,First,17.0,1405.0,70.0,5.0,1.0
Ford Fiesta Classic 1.4 Duratorq CLXI,Ford,Chennai,2013,7,123000.0,Diesel,Manual,Second,17.8,1399.0,67.0,5.0,4.45
Maruti S-Cross Alpha DDiS 200 SH,Maruti,Kolkata,2016,4,45296.0,Diesel,Manual,First,25.1,1248.0,88.5,5.0,6.99
Maruti SX4 Zxi with Leather BSIII,Maruti,Coimbatore,2008,12,77325.0,Petrol,Manual,First,15.6,1586.0,104.68,5.0,3.51
Maruti Baleno Zeta Automatic,Maruti,Kochi,2018,2,25858.0,Petrol,Automatic,First,21.4,1197.0,83.1,5.0,7.54
Maruti Ritz LDi,Maruti,Bangalore,2016,4,120000.0,Diesel,Manual,First,23.2,1248.0,73.94,5.0,3.65
Hyundai Elantra CRDi SX AT,Hyundai,Ahmedabad,2016,4,22000.0,Diesel,Automatic,First,19.5,1582.0,126.24,5.0,16.0
Chevrolet Spark 1.0 LT,Chevrolet,Kolkata,2012,8,11000.0,Petrol,Manual,First,16.2,995.0,62.1,5.0,1.4
Hyundai i20 1.2 Spotz,Hyundai,Mumbai,2017,3,3900.0,Petrol,Manual,First,18.6,1197.0,81.83,5.0,6.45
Hyundai Xcent 1.1 CRDi Base,Hyundai,Hyderabad,2016,4,106092.0,Diesel,Manual,First,24.4,1120.0,71.0,5.0,4.4
Honda Jazz 1.2 V CVT i VTEC,Honda,Delhi,2015,5,27000.0,Petrol,Automatic,First,19.0,1199.0,88.7,5.0,5.95
Honda Brio S MT,Honda,Ahmedabad,2013,7,11000.0,Petrol,Manual,First,19.4,1198.0,86.8,5.0,3.9
Mercedes-Benz E-Class E250 CDI Avantgrade,Mercedes-Benz,Coimbatore,2016,4,39753.0,Diesel,Automatic,First,13.0,2143.0,201.1,5.0,35.28
Tata Hexa XT,Tata,Pune,2017,3,39800.0,Diesel,Manual,First,17.6,2179.0,153.86,7.0,14.25
Hyundai Xcent 1.1 CRDi Base,Hyundai,Pune,2017,3,73000.0,Diesel,Manual,First,24.4,1120.0,71.0,5.0,4.5
Ford Ecosport 1.5 DV5 MT Titanium Optional,Ford,Pune,2015,5,55000.0,Diesel,Manual,First,22.7,1498.0,89.84,5.0,7.5
Tata Nano XTA,Tata,Coimbatore,2017,3,18351.0,Petrol,Automatic,First,21.9,624.0,37.48,4.0,3.41
Honda Brio VX,Honda,Pune,2013,7,45000.0,Petrol,Manual,Second,19.4,1198.0,86.8,5.0,3.25
Maruti Ertiga SHVS ZDI Plus,Maruti,Hyderabad,2016,4,112200.0,Diesel,Manual,First,24.52,1248.0,88.5,7.0,8.3
Hyundai i10 Sportz 1.2,Hyundai,Bangalore,2010,10,29000.0,Petrol,Manual,First,20.36,1197.0,78.9,5.0,3.45
Hyundai Santro Xing XO,Hyundai,Hyderabad,2007,13,57309.0,Petrol,Manual,First,17.0,1086.0,,5.0,2.1
Mahindra XUV500 W10 2WD,Mahindra,Mumbai,2015,5,53392.0,Diesel,Manual,First,16.0,2179.0,140.0,7.0,11.95
Volkswagen Vento Diesel Highline,Volkswagen,Hyderabad,2010,10,71000.0,Diesel,Manual,First,20.54,1598.0,103.6,5.0,4.25
Tata Safari Storme 2012-2015 VX,Tata,Hyderabad,2014,6,93000.0,Diesel,Manual,First,14.0,2179.0,138.1,7.0,8.25
Honda Accord 2.4 Elegance M/T,Honda,Hyderabad,2010,10,119000.0,Petrol,Manual,First,10.2,2354.0,180.0,5.0,5.95
Maruti Eeco 7 Seater Standard,Maruti,Coimbatore,2016,4,42225.0,Petrol,Manual,First,15.1,1196.0,73.0,7.0,4.3
Maruti Swift VDI,Maruti,Ahmedabad,2012,8,65000.0,Diesel,Manual,First,22.9,1248.0,74.0,5.0,3.9
Maruti Baleno Zeta Automatic,Maruti,Pune,2016,4,27809.0,Petrol,Automatic,First,21.4,1197.0,83.1,5.0,6.41
Mahindra XUV500 W8 2WD,Mahindra,Coimbatore,2015,5,65100.0,Diesel,Manual,First,15.1,2179.0,140.0,7.0,8.36
Hyundai Xcent 1.2 Kappa S,Hyundai,Chennai,2014,6,51000.0,Petrol,Manual,First,19.1,1197.0,82.0,5.0,3.85
Mercedes-Benz New C-Class C 220 CDI Style,Mercedes-Benz,Hyderabad,2017,3,10000.0,Diesel,Automatic,First,19.27,2143.0,167.62,5.0,36.0
Skoda Superb 1.8 TSI MT,Skoda,Kolkata,2011,9,54895.0,Petrol,Manual,First,13.14,1798.0,160.0,5.0,7.5
Volkswagen CrossPolo 1.5 TDI,Volkswagen,Hyderabad,2015,5,80768.0,Diesel,Manual,First,20.14,1498.0,88.73,5.0,5.7
Maruti Ignis 1.2 Delta,Maruti,Kochi,2019,1,12076.0,Petrol,Manual,First,20.89,1197.0,81.8,5.0,5.5
Maruti Swift VDI BSIV,Maruti,Chennai,2016,4,49000.0,Diesel,Manual,First,25.2,1248.0,74.0,5.0,5.9
Honda City i VTEC VX Option,Honda,Mumbai,2015,5,42366.0,Petrol,Manual,First,17.8,1497.0,117.3,5.0,7.75
BMW 5 Series 530d Highline Sedan,BMW,Ahmedabad,2010,10,68000.0,Diesel,Automatic,First,11.5,2993.0,235.0,5.0,18.0
Skoda Laura Ambiente,Skoda,Hyderabad,2008,12,122397.0,Diesel,Manual,First,17.5,1896.0,106.0,5.0,4.4
Volkswagen Polo GT TSI,Volkswagen,Coimbatore,2017,3,50534.0,Petrol,Automatic,First,17.21,1197.0,103.5,5.0,8.27
Renault Duster 85PS Diesel RxL,Renault,Ahmedabad,2014,6,55300.0,Diesel,Manual,First,19.87,1461.0,83.8,5.0,4.75
Honda City 1.5 S AT,Honda,Hyderabad,2008,12,73095.0,Petrol,Automatic,First,16.8,1497.0,118.0,5.0,3.8
Volkswagen Vento Diesel Highline,Volkswagen,Ahmedabad,2011,9,51100.0,Diesel,Manual,First,20.54,1598.0,103.6,5.0,3.4
Hyundai Grand i10 Sportz,Hyundai,Pune,2016,4,13436.0,Petrol,Manual,Second,18.9,1197.0,82.0,5.0,4.7
Ford Fiesta 1.4 ZXi Duratec,Ford,Pune,2008,12,76000.0,Petrol,Manual,Second,16.6,1388.0,68.0,5.0,1.49
Hyundai Xcent 1.1 CRDi S,Hyundai,Mumbai,2016,4,63141.0,Diesel,Manual,Second,24.4,1120.0,71.0,5.0,4.5
Honda Amaze VX i-DTEC,Honda,Hyderabad,2014,6,74885.0,Diesel,Manual,First,25.8,1498.0,98.6,5.0,5.4
Honda City i VTEC CVT VX,Honda,Hyderabad,2016,4,14000.0,Petrol,Automatic,First,18.0,1497.0,117.3,5.0,11.5
Renault Fluence 1.5,Renault,Pune,2012,8,56000.0,Diesel,Manual,Second,20.4,1461.0,108.5,5.0,3.5
BMW 5 Series 520d Luxury Line,BMW,Ahmedabad,2010,10,46000.0,Diesel,Automatic,First,22.48,1995.0,190.0,5.0,16.5
Maruti SX4 ZXI MT BSIV,Maruti,Mumbai,2012,8,51800.0,Petrol,Manual,First,15.5,1586.0,103.3,5.0,3.9
Honda City ZX CVT,Honda,Hyderabad,2007,13,81000.0,Petrol,Automatic,First,16.4,1497.0,78.0,5.0,3.25
Volkswagen Ameo 1.2 MPI Comfortline,Volkswagen,Kochi,2018,2,17370.0,Petrol,Manual,First,17.0,1198.0,73.75,5.0,5.84
Volkswagen Ameo 1.2 MPI Comfortline,Volkswagen,Hyderabad,2016,4,18456.0,Petrol,Manual,First,17.0,1198.0,73.75,5.0,5.75
Audi A4 2.0 TDI Multitronic,Audi,Delhi,2010,10,59000.0,Diesel,Automatic,First,16.55,1968.0,140.0,5.0,10.0
Maruti Wagon R VXI,Maruti,Mumbai,2006,14,141537.0,Petrol,Manual,Second,18.9,998.0,67.1,5.0,1.05
Hyundai Verna SX CRDi AT,Hyundai,Delhi,2013,7,51000.0,Diesel,Automatic,First,19.08,1582.0,126.32,5.0,5.64
Mercedes-Benz GLC 220d 4MATIC Style,Mercedes-Benz,Coimbatore,2019,1,29311.0,Diesel,Automatic,First,17.9,2143.0,170.0,5.0,50.97
BMW 3 Series Luxury Line,BMW,Mumbai,2016,4,31000.0,Diesel,Automatic,First,21.76,1995.0,190.0,5.0,29.95
Honda Mobilio V Option i DTEC,Honda,Mumbai,2014,6,80000.0,Diesel,Manual,Second,24.2,1498.0,98.6,7.0,4.85
Hyundai Creta 1.6 CRDi AT SX Plus,Hyundai,Hyderabad,2016,4,33000.0,Diesel,Automatic,First,17.01,1582.0,126.2,5.0,14.5
Honda City 1.5 S MT,Honda,Hyderabad,2011,9,71556.0,Petrol,Manual,First,17.0,1497.0,118.0,5.0,5.5
Ford Fiesta 1.4 TDCi EXI,Ford,Bangalore,2011,9,85000.0,Diesel,Manual,First,17.8,1399.0,68.0,5.0,3.2
Maruti Swift Dzire LDI,Maruti,Chennai,2016,4,91000.0,Diesel,Manual,First,26.59,1248.0,74.0,5.0,4.5
Mercedes-Benz E-Class E250 CDI Launch Edition,Mercedes-Benz,Coimbatore,2015,5,73187.0,Diesel,Automatic,First,13.0,2143.0,204.0,5.0,30.72
Chevrolet Captiva LT,Chevrolet,Jaipur,2009,11,232000.0,Diesel,Manual,First,11.5,1991.0,147.9,7.0,3.5
Toyota Innova 2.5 V Diesel 7-seater,Toyota,Bangalore,2007,13,127079.0,Diesel,Manual,First,12.8,2494.0,102.0,7.0,6.99
Mahindra Quanto C8,Mahindra,Kochi,2014,6,58816.0,Diesel,Manual,First,17.21,1493.0,100.0,7.0,3.45
Honda City i VTEC V,Honda,Kochi,2015,5,63818.0,Petrol,Manual,First,17.4,1497.0,117.3,5.0,6.57
Audi A4 2.0 TDI 177 Bhp Premium Plus,Audi,Kolkata,2014,6,40000.0,Diesel,Automatic,First,17.11,1968.0,174.33,5.0,17.5
Volkswagen Polo Diesel Comfortline 1.2L,Volkswagen,Delhi,2013,7,77445.0,Diesel,Manual,First,22.07,1199.0,73.9,5.0,3.75
Ford EcoSport 1.5 Petrol Titanium Plus AT,Ford,Pune,2017,3,14000.0,Petrol,Automatic,First,14.8,1497.0,121.36,5.0,9.99
Toyota Innova 2.5 G (Diesel) 7 Seater BS IV,Toyota,Kolkata,2012,8,85122.0,Diesel,Manual,First,12.99,2494.0,100.0,7.0,8.2
Honda City 1.5 EXI,Honda,Jaipur,2005,15,123000.0,Petrol,Manual,Third,13.0,1493.0,100.0,5.0,1.1
Maruti SX4 Green Vxi (CNG),Maruti,Kochi,2015,5,61000.0,CNG,Manual,First,22.1,1586.0,85.7,5.0,3.89
Maruti Alto 800 2016-2019 LXI Optional,Maruti,Chennai,2015,5,63714.0,Petrol,Manual,First,24.7,796.0,47.3,5.0,2.45
Mercedes-Benz M-Class ML 320 CDI,Mercedes-Benz,Pune,2009,11,53000.0,Diesel,Automatic,First,8.7,2987.0,224.34,5.0,13.75
Maruti Swift Dzire LDI,Maruti,Kolkata,2017,3,60000.0,Diesel,Manual,First,26.59,1248.0,74.0,5.0,3.0
Maruti Vitara Brezza ZDi Plus Dual Tone,Maruti,Ahmedabad,2017,3,33000.0,Diesel,Manual,First,24.3,1248.0,88.5,5.0,9.25
Volvo S60 D5 Summum,Volvo,Mumbai,2013,7,31000.0,Diesel,Automatic,First,13.2,2400.0,215.0,5.0,17.65
Toyota Fortuner 4x2 AT,Toyota,Delhi,2014,6,79000.0,Diesel,Automatic,First,12.55,2982.0,168.5,7.0,18.25
Hyundai i20 Sportz Option Diesel,Hyundai,Kochi,2013,7,67914.0,Diesel,Manual,First,23.0,1396.0,90.0,5.0,3.45
Audi A4 35 TDI Premium,Audi,Bangalore,2015,5,58970.0,Diesel,Automatic,First,17.11,1968.0,174.33,5.0,23.75
Nissan Terrano XV D Pre,Nissan,Mumbai,2013,7,60000.0,Diesel,Manual,Second,19.64,1461.0,108.5,5.0,5.45
Maruti Celerio ZXI AMT,Maruti,Coimbatore,2017,3,35225.0,Petrol,Automatic,First,23.1,998.0,67.04,5.0,5.25
Maruti Esteem Vxi,Maruti,Delhi,2005,15,69496.0,Petrol,Manual,First,15.9,1298.0,,5.0,1.1
Hyundai i10 Sportz AT,Hyundai,Delhi,2012,8,62282.0,Petrol,Automatic,First,16.95,1197.0,78.9,5.0,2.9
BMW 3 Series 320d,BMW,Hyderabad,2010,10,80000.0,Diesel,Automatic,First,22.69,1995.0,190.0,5.0,14.2
Hyundai Grand i10 Sportz,Hyundai,Kochi,2018,2,43698.0,Petrol,Manual,First,18.9,1197.0,82.0,5.0,5.8
Hyundai Grand i10 Asta Option AT,Hyundai,Coimbatore,2017,3,28052.0,Petrol,Automatic,First,18.9,1197.0,82.0,5.0,7.22
Hyundai Grand i10 1.2 Kappa Sportz,Hyundai,Coimbatore,2016,4,29091.0,Petrol,Manual,First,18.9,1197.0,81.86,5.0,4.87
Volkswagen Polo 1.2 MPI Comfortline,Volkswagen,Delhi,2013,7,63000.0,Petrol,Manual,First,16.47,1198.0,74.0,5.0,3.3
Honda City ZX EXi,Honda,Hyderabad,2007,13,91000.0,Petrol,Manual,Second,17.7,1497.0,78.0,5.0,3.0
Mercedes-Benz GLA Class 200 CDI,Mercedes-Benz,Hyderabad,2014,6,30000.0,Diesel,Automatic,First,17.9,2143.0,136.0,5.0,26.0
Maruti Omni 8 Seater BSIV,Maruti,Hyderabad,2017,3,24571.0,Petrol,Manual,First,14.0,796.0,35.0,5.0,2.9
Hyundai Verna 1.6 SX VTVT AT,Hyundai,Bangalore,2014,6,45000.0,Petrol,Automatic,First,15.74,1591.0,121.3,5.0,7.5
Maruti Alto 800 LXI,Maruti,Hyderabad,2015,5,24617.0,Petrol,Manual,First,22.74,796.0,47.3,5.0,2.36
Maruti Vitara Brezza ZDi Plus Dual Tone,Maruti,Coimbatore,2017,3,26927.0,Diesel,Manual,First,24.3,1248.0,88.5,5.0,11.39
Mahindra XUV500 W8 2WD,Mahindra,Kochi,2013,7,87736.0,Diesel,Manual,First,15.1,2179.0,140.0,7.0,7.02
Maruti Vitara Brezza ZDi,Maruti,Delhi,2016,4,35299.0,Diesel,Manual,First,24.3,1248.0,88.5,5.0,8.0
Hyundai i20 1.2 Spotz,Hyundai,Kochi,2017,3,51612.0,Petrol,Manual,First,18.6,1197.0,81.83,5.0,7.11
Mercedes-Benz E-Class 250 D W 210,Mercedes-Benz,Mumbai,1998,22,55300.0,Diesel,Automatic,First,10.0,1796.0,157.7,5.0,3.9
Maruti Alto LXi,Maruti,Hyderabad,2009,11,65090.0,Petrol,Manual,First,19.7,796.0,46.3,5.0,2.15
Honda Amaze S i-Vtech,Honda,Kolkata,2013,7,40000.0,Petrol,Manual,First,18.0,1198.0,86.7,5.0,3.25
Land Rover Range Rover Sport HSE,Land,Kochi,2015,5,38467.0,Diesel,Automatic,First,12.65,2993.0,255.0,5.0,70.66
Hyundai Grand i10 CRDi Magna,Hyundai,Mumbai,2013,7,71904.0,Diesel,Manual,First,24.0,1120.0,70.0,5.0,4.61
Honda Civic 2006-2010 1.8 S MT,Honda,Mumbai,2008,12,87000.0,Petrol,Manual,First,13.5,1799.0,130.0,5.0,2.35
Hyundai Grand i10 CRDi Magna,Hyundai,Chennai,2014,6,33000.0,Diesel,Manual,Second,24.0,1120.0,70.0,5.0,4.05
Maruti 800 AC Uniq,Maruti,Jaipur,2009,11,22100.0,Petrol,Manual,Second,16.1,796.0,37.0,4.0,0.8
Toyota Etios Liva Diesel,Toyota,Hyderabad,2014,6,59589.0,Diesel,Manual,First,23.59,1364.0,67.1,5.0,5.6
Hyundai i20 Magna 1.4 CRDi,Hyundai,Delhi,2015,5,44000.0,Diesel,Manual,First,22.54,1396.0,88.73,5.0,5.35
Maruti Alto K10 VXI,Maruti,Mumbai,2017,3,12000.0,Petrol,Manual,First,24.07,998.0,67.1,5.0,3.25
BMW X1 sDrive20d,BMW,Pune,2012,8,66000.0,Diesel,Automatic,Second,17.05,1995.0,184.0,5.0,11.5
Maruti Celerio VXI AT,Maruti,Pune,2016,4,38009.0,Petrol,Automatic,First,23.1,998.0,67.04,5.0,4.25
Skoda Superb Elegance 1.8 TSI AT,Skoda,Mumbai,2009,11,35000.0,Petrol,Automatic,Second,13.7,1798.0,157.75,5.0,4.45
Mahindra Xylo E4,Mahindra,Pune,2009,11,70000.0,Diesel,Manual,First,14.0,2498.0,112.0,7.0,2.85
Mahindra XUV500 W8 2WD,Mahindra,Delhi,2014,6,86000.0,Diesel,Manual,First,15.1,2179.0,140.0,7.0,7.85
Maruti Swift Dzire VXI,Maruti,Pune,2016,4,32000.0,Petrol,Manual,First,19.1,1197.0,85.8,5.0,5.3
Ford Ecosport 1.0 Ecoboost Platinum Edition,Ford,Mumbai,2017,3,15000.0,Petrol,Manual,First,18.88,999.0,123.24,5.0,8.0
Toyota Corolla Altis Diesel D4DG,Toyota,Coimbatore,2014,6,69918.0,Diesel,Manual,First,21.43,1364.0,87.2,5.0,9.43
Hyundai i20 2015-2017 1.2 Magna,Hyundai,Pune,2012,8,39000.0,Petrol,Manual,First,18.5,1197.0,80.0,5.0,2.75
Renault Captur 1.5 Diesel Platine Mono,Renault,Mumbai,2018,2,1011.0,Diesel,Manual,First,20.37,1461.0,108.45,5.0,13.5
Mercedes-Benz E-Class 280 CDI,Mercedes-Benz,Hyderabad,2009,11,85000.0,Diesel,Automatic,First,11.0,2987.0,198.5,5.0,9.99
Maruti Baleno RS 1.0 Petrol,Maruti,Chennai,2017,3,46663.0,Petrol,Manual,First,21.1,998.0,100.0,5.0,6.95
Nissan Sunny 2011-2014 XL AT Special Edition,Nissan,Chennai,2015,5,27000.0,Petrol,Automatic,First,17.97,1498.0,99.6,5.0,6.75
Hyundai Grand i10 AT Asta,Hyundai,Chennai,2015,5,15000.0,Petrol,Automatic,First,18.9,1197.0,82.0,5.0,5.5
Maruti Ciaz Zeta,Maruti,Kochi,2018,2,10575.0,Petrol,Manual,First,21.56,1462.0,103.25,5.0,9.18
Hyundai Xcent 1.2 Kappa S,Hyundai,Jaipur,2014,6,12500.0,Petrol,Manual,First,19.1,1197.0,82.0,5.0,4.15
Hyundai Verna 1.6 SX CRDi (O),Hyundai,Ahmedabad,2012,8,52000.0,Diesel,Manual,First,22.32,1582.0,126.32,5.0,6.5
Maruti Wagon R VXI 1.2,Maruti,Kochi,2015,5,49818.0,Petrol,Manual,First,21.5,1197.0,81.8,5.0,4.11
Hyundai Verna CRDi,Hyundai,Hyderabad,2008,12,90000.0,Diesel,Manual,Second,16.8,1493.0,110.0,5.0,2.25
Toyota Etios Liva G,Toyota,Kochi,2015,5,52207.0,Petrol,Manual,First,17.71,1197.0,78.9,5.0,4.56
Mahindra Xylo E4 ABS BS III,Mahindra,Pune,2013,7,167362.0,Diesel,Manual,First,11.68,2498.0,112.0,7.0,4.0
Toyota Etios Liva GD,Toyota,Coimbatore,2015,5,49894.0,Diesel,Manual,First,23.59,1364.0,67.06,5.0,5.27
Mahindra Thar DI 4X4,Mahindra,Kochi,2019,1,13024.0,Diesel,Manual,First,18.06,2523.0,63.0,7.0,9.11
Nissan X-Trail SLX MT,Nissan,Pune,2010,10,128000.0,Diesel,Manual,Second,14.42,1995.0,147.6,5.0,6.2
Toyota Innova Crysta 2.8 ZX AT,Toyota,Kochi,2017,3,26023.0,Diesel,Automatic,First,11.36,2755.0,171.5,7.0,19.97
Hyundai Creta 1.4 CRDi S,Hyundai,Delhi,2016,4,42784.0,Diesel,Manual,First,21.38,1396.0,88.7,5.0,10.17
Maruti Swift VDI,Maruti,Pune,2014,6,115000.0,Diesel,Manual,First,28.4,1248.0,74.0,5.0,4.5
Hyundai Verna 1.6 CRDI SX Option,Hyundai,Kochi,2019,1,30529.0,Diesel,Manual,First,23.9,1582.0,126.2,5.0,14.28
Maruti Alto LXi BSIII,Maruti,Kochi,2012,8,14814.0,Petrol,Manual,Second,19.7,796.0,46.3,5.0,2.47
Maruti S Cross DDiS 200 Alpha,Maruti,Ahmedabad,2016,4,58000.0,Diesel,Manual,First,23.65,1248.0,88.5,5.0,7.9
Hyundai EON Era,Hyundai,Hyderabad,2011,9,68128.0,Petrol,Manual,First,21.1,814.0,55.2,5.0,2.3
Nissan Terrano XL,Nissan,Hyderabad,2013,7,63220.0,Petrol,Manual,First,13.24,1598.0,102.5,5.0,6.5
Hyundai EON Era,Hyundai,Hyderabad,2016,4,30000.0,Petrol,Manual,First,21.1,814.0,55.2,5.0,3.25
Tata Zest Quadrajet 1.3 XT,Tata,Bangalore,2017,3,27768.0,Diesel,Manual,First,20.65,1248.0,88.7,5.0,5.85
Mercedes-Benz E-Class 2009-2013 E250 CDI Elegance,Mercedes-Benz,Hyderabad,2014,6,53000.0,Diesel,Automatic,Second,14.21,2143.0,203.0,5.0,29.0
Audi Q5 2.0 TDI Premium Plus,Audi,Coimbatore,2014,6,87652.0,Diesel,Automatic,Second,14.16,1968.0,174.3,5.0,25.71
Ford Fiesta 1.6 ZXi Leather,Ford,Chennai,2008,12,94873.0,Petrol,Manual,Second,15.3,1596.0,101.0,5.0,1.85
BMW 3 Series 320d Prestige,BMW,Mumbai,2015,5,56000.0,Diesel,Automatic,First,18.88,1995.0,184.0,5.0,22.75
Maruti Baleno RS 1.0 Petrol,Maruti,Kochi,2018,2,18678.0,Petrol,Manual,First,21.1,998.0,100.0,5.0,8.32
Mercedes-Benz E-Class 2009-2013 E250 CDI Blue Efficiency,Mercedes-Benz,Delhi,2014,6,30000.0,Diesel,Automatic,First,14.21,2143.0,203.0,5.0,26.0
Ford Endeavour Hurricane LE,Ford,Mumbai,2012,8,129000.0,Diesel,Automatic,First,12.8,2953.0,,,7.0
Hyundai i10 Sportz 1.2,Hyundai,Hyderabad,2013,7,59000.0,Petrol,Manual,First,20.36,1197.0,78.9,5.0,3.45
Hyundai Grand i10 Asta Option,Hyundai,Mumbai,2017,3,13000.0,Petrol,Manual,First,18.9,1197.0,82.0,5.0,5.15
Honda Brio S MT,Honda,Kochi,2014,6,74325.0,Petrol,Manual,First,19.4,1198.0,86.8,5.0,3.51
Hyundai i20 Magna 1.4 CRDi (Diesel),Hyundai,Kolkata,2015,5,45000.0,Diesel,Manual,First,21.9,1396.0,88.76,5.0,3.45
Volkswagen Polo Petrol Highline 1.2L,Volkswagen,Pune,2013,7,57000.0,Petrol,Manual,First,16.47,1198.0,73.9,5.0,3.75
Honda City 1.5 EXI,Honda,Pune,2001,19,125943.0,Petrol,Manual,Second,13.0,1493.0,100.0,5.0,1.45
Skoda Octavia Ambiente 1.9 TDI,Skoda,Delhi,2008,12,80000.0,Diesel,Manual,First,18.7,1896.0,66.0,5.0,2.2
Ford Endeavour 2.5L 4X2,Ford,Hyderabad,2010,10,154000.0,Diesel,Manual,First,13.1,2499.0,141.0,7.0,7.99
Chevrolet Cruze LTZ,Chevrolet,Bangalore,2013,7,62000.0,Diesel,Manual,Second,18.3,1991.0,147.9,5.0,6.75
Honda CR-V AT With Sun Roof,Honda,Kolkata,2013,7,27000.0,Petrol,Automatic,First,14.0,,,,11.99
Honda Mobilio V i DTEC,Honda,Kolkata,2014,6,45000.0,Diesel,Manual,First,24.2,1498.0,98.6,7.0,5.0
Maruti Ertiga VDI,Maruti,Pune,2012,8,105000.0,Diesel,Manual,Second,20.77,1248.0,88.76,7.0,5.9
Hyundai Grand i10 Sportz,Hyundai,Mumbai,2013,7,26000.0,Petrol,Manual,First,18.9,1197.0,82.0,5.0,3.75
Jaguar XF 3.0 Litre S Premium Luxury,Jaguar,Mumbai,2014,6,30900.0,Diesel,Automatic,First,14.74,2993.0,270.9,5.0,29.5
Honda Amaze VX i-Vtech,Honda,Chennai,2014,6,48000.0,Petrol,Manual,First,18.0,1198.0,86.7,5.0,4.75
Audi A6 2.7 TDI,Audi,Pune,2011,9,112719.0,Diesel,Automatic,First,12.4,2698.0,179.5,5.0,11.5
Hyundai i20 1.2 Spotz,Hyundai,Chennai,2017,3,5000.0,Petrol,Manual,First,18.6,1197.0,81.83,5.0,6.95
Volkswagen Ameo 1.2 MPI Highline Plus 16,Volkswagen,Mumbai,2016,4,16000.0,Petrol,Manual,First,17.0,1198.0,73.75,5.0,5.4
Renault Fluence 2.0,Renault,Jaipur,2011,9,63000.0,Petrol,Automatic,First,13.4,1997.0,135.1,5.0,4.75
Maruti Alto K10 VXI,Maruti,Chennai,2011,9,28300.0,Petrol,Manual,First,24.07,998.0,67.1,5.0,2.15
Maruti Alto Std,Maruti,Jaipur,2005,15,49000.0,Petrol,Manual,First,19.7,796.0,46.3,5.0,0.9
Maruti Wagon R VXI BS IV,Maruti,Kolkata,2016,4,12501.0,Petrol,Manual,First,20.51,998.0,67.04,5.0,3.5
Fiat Linea 1.3 Emotion,Fiat,Kochi,2016,4,56628.0,Diesel,Manual,First,20.4,1248.0,92.0,5.0,5.85
Maruti Swift Dzire Vdi BSIV,Maruti,Pune,2010,10,105000.0,Diesel,Manual,First,19.3,1248.0,73.9,5.0,3.15
Renault Scala Diesel RxL,Renault,Pune,2016,4,52126.0,Diesel,Manual,First,21.64,1461.0,84.8,5.0,6.0
Hyundai i20 Magna,Hyundai,Kolkata,2010,10,38000.0,Petrol,Manual,First,18.5,1197.0,80.0,5.0,2.23
Hyundai Xcent 1.2 Kappa SX Option,Hyundai,Bangalore,2016,4,50000.0,Petrol,Manual,First,19.1,1197.0,82.0,5.0,2.5
Maruti Wagon R LXI,Maruti,Kochi,2015,5,50230.0,Petrol,Manual,First,18.9,998.0,67.1,5.0,3.87
Mahindra XUV500 W8 2WD,Mahindra,Ahmedabad,2014,6,31000.0,Diesel,Manual,First,15.1,2179.0,140.0,7.0,9.5
Toyota Fortuner 4x2 AT,Toyota,Delhi,2014,6,79000.0,Diesel,Automatic,First,12.55,2982.0,168.5,7.0,17.75
Renault Duster 110PS Diesel RxZ Plus,Renault,Delhi,2012,8,130000.0,Diesel,Manual,First,19.64,1461.0,108.45,5.0,3.75
Hyundai Santro Xing GLS,Hyundai,Chennai,2010,10,115000.0,Petrol,Manual,Second,17.92,1086.0,62.1,5.0,1.5
Hyundai Verna 1.6 SX VTVT,Hyundai,Pune,2013,7,41500.0,Petrol,Manual,Second,17.01,1591.0,121.3,5.0,5.0
BMW X1 sDrive 20d Exclusive,BMW,Pune,2014,6,54385.0,Diesel,Automatic,Second,15.06,1995.0,177.0,5.0,17.0
Honda Civic 2006-2010 1.8 V AT,Honda,Kochi,2011,9,56361.0,Petrol,Automatic,First,12.9,1799.0,130.0,5.0,4.38
Audi A6 35 TFSI Matrix,Audi,Delhi,2018,2,22000.0,Petrol,Automatic,First,15.26,1798.0,187.74,5.0,41.5
Maruti Wagon R LXI BS IV,Maruti,Kolkata,2017,3,8000.0,Petrol,Manual,First,20.51,998.0,67.04,5.0,3.0
Maruti Vitara Brezza ZDi Plus Dual Tone,Maruti,Coimbatore,2018,2,28741.0,Diesel,Manual,First,24.3,1248.0,88.5,5.0,11.0
Land Rover Discovery 3 TDV6 Diesel Automatic,Land,Pune,2012,8,117236.0,Diesel,Automatic,Second,11.8,2720.0,190.0,7.0,14.0
Maruti Dzire New,Maruti,Pune,2016,4,30500.0,Diesel,Automatic,First,26.59,1248.0,74.0,5.0,7.65
Hyundai Verna VTVT 1.6 SX,Hyundai,Kolkata,2018,2,5000.0,Petrol,Manual,First,17.0,1591.0,121.3,5.0,8.7
Maruti Ertiga ZDI Plus,Maruti,Hyderabad,2016,4,42000.0,Diesel,Manual,First,25.47,1248.0,88.5,7.0,9.9
Hyundai Accent GLE,Hyundai,Mumbai,2010,10,32773.0,Petrol,Manual,First,13.2,1495.0,94.0,5.0,2.05
Hyundai i20 1.2 Sportz,Hyundai,Kolkata,2016,4,19008.0,Petrol,Manual,First,17.0,1197.0,80.0,5.0,5.25
Hyundai Verna VTVT 1.6 SX,Hyundai,Kochi,2012,8,32542.0,Petrol,Manual,First,17.0,1591.0,121.3,5.0,5.77
Maruti Alto LX,Maruti,Hyderabad,2010,10,94753.0,Petrol,Manual,First,19.7,796.0,46.3,5.0,1.95
Mahindra Scorpio VLX,Mahindra,Ahmedabad,2011,9,70000.0,Diesel,Manual,Second,12.05,2179.0,120.0,8.0,7.45
Maruti Wagon R LXI,Maruti,Delhi,2012,8,68347.0,Petrol,Manual,First,18.9,998.0,67.1,5.0,2.6
Hyundai i20 1.2 Sportz,Hyundai,Ahmedabad,2011,9,72000.0,Petrol,Manual,Second,17.0,1197.0,80.0,5.0,3.25
Maruti Ritz VDi,Maruti,Hyderabad,2010,10,75014.0,Diesel,Manual,First,21.1,1248.0,73.9,5.0,3.85
Renault Koleos 2.0 Diesel,Renault,Delhi,2013,7,65000.0,Diesel,Automatic,Second,13.73,1995.0,148.0,5.0,7.5
BMW 3 Series 320d,BMW,Kochi,2012,8,55598.0,Diesel,Automatic,First,22.69,1995.0,190.0,5.0,11.5
Honda Brio V MT,Honda,Pune,2013,7,50000.0,Petrol,Manual,First,19.4,1198.0,86.8,5.0,3.25
Hyundai Sonata GOLD,Hyundai,Chennai,2003,17,44200.0,Petrol,Manual,Second,11.7,1997.0,134.0,5.0,1.5
Maruti Swift Dzire VDi,Maruti,Jaipur,2014,6,65000.0,Diesel,Manual,First,19.3,1248.0,73.9,5.0,5.31
Mahindra XUV500 W8 4WD,Mahindra,Hyderabad,2013,7,49000.0,Diesel,Manual,First,16.0,2179.0,140.0,7.0,9.0
Hyundai i10 Sportz 1.1L,Hyundai,Kolkata,2016,4,7200.0,Petrol,Manual,First,19.81,1086.0,68.05,5.0,3.59
Maruti Ciaz ZXi Plus,Maruti,Kochi,2016,4,43152.0,Petrol,Manual,First,20.73,1373.0,91.1,5.0,7.35
Toyota Innova 2.5 V Diesel 8-seater,Toyota,Pune,2013,7,112000.0,Diesel,Manual,First,12.8,2494.0,102.0,8.0,12.0
Hyundai Grand i10 Sportz,Hyundai,Coimbatore,2017,3,23540.0,Petrol,Manual,First,18.9,1197.0,82.0,5.0,6.02
Chevrolet Optra Magnum 2.0 LS BSIII,Chevrolet,Coimbatore,2008,12,82160.0,Diesel,Manual,First,16.52,1991.0,123.7,5.0,2.57
Mahindra Ssangyong Rexton RX5,Mahindra,Pune,2013,7,57000.0,Diesel,Manual,First,12.83,2696.0,162.0,7.0,12.45
Mahindra XUV500 W8 2WD,Mahindra,Coimbatore,2015,5,39335.0,Diesel,Manual,First,15.1,2179.0,140.0,7.0,12.63
Honda City i VTEC SV,Honda,Bangalore,2014,6,62000.0,Petrol,Manual,Second,17.4,1497.0,117.3,5.0,7.75
Ford Ecosport 1.5 DV5 MT Titanium,Ford,Delhi,2014,6,60000.0,Diesel,Manual,First,22.7,1498.0,89.84,5.0,5.5
Hyundai i20 Sportz 1.2,Hyundai,Kolkata,2015,5,35000.0,Petrol,Manual,First,18.6,1197.0,81.83,5.0,4.43
Mercedes-Benz CLA 200 CDI Sport,Mercedes-Benz,Kochi,2016,4,32345.0,Diesel,Automatic,First,17.9,2143.0,136.0,5.0,24.51
Hyundai EON Magna,Hyundai,Ahmedabad,2014,6,47000.0,Petrol,Manual,First,22.0,814.0,55.0,5.0,2.65
Maruti Alto 800 2016-2019 CNG LXI,Maruti,Delhi,2012,8,65537.0,CNG,Manual,Second,33.44,796.0,40.3,4.0,2.1
Toyota Etios G Safety,Toyota,Delhi,2011,9,36000.0,Petrol,Manual,First,17.6,1496.0,88.7,5.0,3.2
Maruti Swift Dzire Tour LDI,Maruti,Chennai,2016,4,75000.0,Diesel,Manual,First,23.4,1248.0,74.0,5.0,4.25
Maruti Alto LXi,Maruti,Kolkata,2008,12,38000.0,Petrol,Manual,First,19.7,796.0,46.3,5.0,1.1
Maruti Celerio ZXI,Maruti,Chennai,2015,5,57818.0,Petrol,Manual,First,23.1,998.0,67.04,5.0,4.3
Ford Ecosport 1.5 DV5 MT Titanium Optional,Ford,Hyderabad,2015,5,45000.0,Diesel,Manual,First,22.7,1498.0,89.84,5.0,8.9
Nissan Terrano XV 110 PS Limited Edition,Nissan,Jaipur,2015,5,75055.0,Diesel,Manual,First,19.01,1461.0,108.5,5.0,6.5
Honda Accord VTi-L AT,Honda,Delhi,2009,11,65462.0,Petrol,Automatic,Third,11.1,2354.0,142.0,5.0,3.5
Maruti Swift Ldi BSIII,Maruti,Hyderabad,2008,12,76206.0,Diesel,Manual,First,17.8,1248.0,75.0,5.0,4.25
Mahindra XUV500 AT W10 FWD,Mahindra,Kochi,2018,2,25948.0,Diesel,Automatic,First,16.0,2179.0,140.0,7.0,16.46
Honda Jazz 1.2 VX i VTEC,Honda,Mumbai,2016,4,28500.0,Petrol,Manual,First,18.7,1199.0,88.7,5.0,5.95
Honda City i VTEC V,Honda,Mumbai,2015,5,28004.0,Petrol,Manual,First,17.8,1497.0,117.3,5.0,7.1
Fiat Grande Punto 1.2 Dynamic,Fiat,Kolkata,2011,9,25000.0,Petrol,Manual,Second,15.7,1172.0,67.0,5.0,1.25
Maruti Estilo LXI,Maruti,Kolkata,2010,10,40000.0,Petrol,Manual,Second,19.5,1061.0,,,2.5
Maruti Ertiga ZXI,Maruti,Pune,2013,7,82543.0,Petrol,Manual,First,16.02,1373.0,93.7,7.0,5.5
Nissan Micra XL,Nissan,Chennai,2013,7,30000.0,Petrol,Manual,First,18.44,1198.0,75.0,5.0,3.25
Honda City 1.5 V MT,Honda,Hyderabad,2010,10,27800.0,Petrol,Manual,First,17.0,1497.0,118.0,5.0,5.0
Toyota Etios VX,Toyota,Coimbatore,2016,4,33415.0,Petrol,Manual,First,16.78,1496.0,88.73,5.0,6.58
BMW 3 Series 320d Luxury Line,BMW,Mumbai,2013,7,38000.0,Diesel,Automatic,First,18.88,1995.0,184.0,5.0,19.5
Honda Jazz 1.2 SV i VTEC,Honda,Kochi,2017,3,41981.0,Petrol,Manual,First,18.7,1199.0,88.7,5.0,6.14
Maruti Dzire VDI,Maruti,Jaipur,2013,7,77084.0,Diesel,Manual,First,28.4,1248.0,73.75,5.0,4.95
Skoda Rapid 1.6 TDI Elegance,Skoda,Hyderabad,2013,7,71803.0,Diesel,Manual,First,20.5,1598.0,103.5,5.0,5.75
Mahindra XUV500 W6 2WD,Mahindra,Kolkata,2013,7,73314.0,Diesel,Manual,First,15.1,2179.0,140.0,7.0,6.6
Hyundai Grand i10 AT Asta,Hyundai,Coimbatore,2015,5,69053.0,Petrol,Automatic,First,18.9,1197.0,82.0,5.0,5.72
Honda City 1.5 V MT,Honda,Delhi,2009,11,79782.0,Petrol,Manual,Second,17.0,1497.0,118.0,5.0,2.6
Toyota Innova 2.5 GX 7 STR,Toyota,Hyderabad,2010,10,250000.0,Diesel,Manual,Second,12.8,2494.0,102.0,7.0,6.5
Mahindra XUV500 W8 2WD,Mahindra,Pune,2011,9,90000.0,Diesel,Manual,Second,15.1,2179.0,140.0,7.0,6.1
Maruti Swift Dzire VDi,Maruti,Hyderabad,2010,10,130000.0,Diesel,Manual,First,19.3,1248.0,73.9,5.0,3.85
Volkswagen Vento Petrol Highline,Volkswagen,Pune,2013,7,65000.0,Petrol,Manual,Second,15.04,1598.0,103.6,5.0,4.5
Toyota Etios GD,Toyota,Coimbatore,2013,7,46496.0,Diesel,Manual,First,23.59,1364.0,,5.0,5.3
Audi A4 2.0 TDI,Audi,Bangalore,2013,7,76000.0,Diesel,Automatic,Second,16.55,1968.0,147.51,5.0,18.25
Maruti Ertiga LXI,Maruti,Ahmedabad,2012,8,28002.0,Petrol,Manual,First,16.02,1373.0,93.7,7.0,5.75
Toyota Corolla Altis 1.8 G CNG,Toyota,Mumbai,2010,10,63000.0,CNG,Manual,Second,14.53,1798.0,138.0,5.0,3.35
Maruti 800 AC,Maruti,Jaipur,2010,10,70000.0,Petrol,Manual,Second,16.1,796.0,37.0,4.0,0.9
Honda City 1.5 V MT,Honda,Hyderabad,2011,9,66276.0,Petrol,Manual,First,17.0,1497.0,118.0,5.0,5.5
Maruti Swift Dzire VXI,Maruti,Kolkata,2014,6,45000.0,Petrol,Manual,First,19.1,1197.0,85.8,5.0,3.99
Toyota Camry Hybrid,Toyota,Delhi,2014,6,67000.0,Petrol,Automatic,First,19.16,2494.0,158.2,5.0,18.75
Hyundai Grand i10 CRDi Sportz,Hyundai,Kolkata,2014,6,43068.0,Diesel,Manual,First,24.0,1120.0,70.0,5.0,3.5
Toyota Innova Crysta 2.8 GX AT 8S,Toyota,Chennai,2016,4,40000.0,Diesel,Automatic,First,11.36,2755.0,171.5,8.0,16.45
Hyundai i10 Magna,Hyundai,Coimbatore,2011,9,50436.0,Petrol,Manual,First,20.36,1197.0,78.9,5.0,3.65
Hyundai Grand i10 AT Asta,Hyundai,Bangalore,2014,6,21000.0,Petrol,Automatic,First,18.9,1197.0,82.0,5.0,5.4
Maruti Baleno Alpha Diesel,Maruti,Mumbai,2018,2,2000.0,Diesel,Manual,First,27.39,1248.0,74.0,5.0,8.7
Skoda Superb Style 1.8 TSI AT,Skoda,Mumbai,2016,4,14500.0,Petrol,Automatic,First,14.67,1798.0,177.46,5.0,20.75
Mercedes-Benz New C-Class 220 CDI AT,Mercedes-Benz,Hyderabad,2010,10,68782.0,Diesel,Automatic,First,14.84,2143.0,170.0,5.0,12.5
Maruti Ritz VDi,Maruti,Kolkata,2011,9,35888.0,Diesel,Manual,First,21.1,1248.0,73.9,5.0,1.89
Maruti Swift Dzire Tour LDI,Maruti,Kolkata,2015,5,168205.0,Diesel,Manual,First,23.4,1248.0,74.0,5.0,4.0
Honda Civic 2010-2013 1.8 V MT,Honda,Mumbai,2012,8,47000.0,Petrol,Manual,First,14.8,1799.0,130.2,5.0,3.95
Maruti Ertiga SHVS VDI,Maruti,Hyderabad,2015,5,93700.0,Diesel,Manual,First,24.52,1248.0,88.5,7.0,7.85
Hyundai Elantra CRDi SX,Hyundai,Kolkata,2014,6,45000.0,Diesel,Manual,First,22.7,1582.0,126.24,5.0,7.0
Toyota Fortuner 4x2 AT,Toyota,Hyderabad,2016,4,55547.0,Diesel,Automatic,First,12.55,2982.0,168.5,7.0,24.99
Volkswagen Polo GT TSI,Volkswagen,Delhi,2013,7,69000.0,Petrol,Automatic,First,17.21,1197.0,103.6,5.0,4.5
Skoda Octavia Classic 1.9 TDI MT,Skoda,Pune,2005,15,88000.0,Diesel,Manual,Third,18.7,1896.0,66.0,5.0,1.25
Volkswagen Polo 1.5 TDI Trendline,Volkswagen,Delhi,2014,6,32400.0,Diesel,Manual,First,20.14,1498.0,88.8,5.0,3.95
Hyundai Santro Xing GL Plus,Hyundai,Pune,2012,8,79000.0,Petrol,Manual,Second,17.92,1086.0,62.1,5.0,1.6
Hyundai Accent GLE,Hyundai,Hyderabad,2004,16,110000.0,Petrol,Manual,First,13.2,1495.0,94.0,5.0,0.6
Hyundai EON D Lite Plus,Hyundai,Coimbatore,2014,6,45407.0,Petrol,Manual,Second,21.1,814.0,55.2,5.0,3.39
Toyota Innova 2.5 V Diesel 7-seater,Toyota,Hyderabad,2011,9,136490.0,Diesel,Manual,First,12.8,2494.0,102.0,7.0,9.8
Maruti Ignis 1.3 Zeta,Maruti,Mumbai,2017,3,19000.0,Diesel,Manual,First,26.8,1248.0,74.0,5.0,5.91
Maruti Ciaz Alpha,Maruti,Mumbai,2017,3,19416.0,Petrol,Manual,First,21.56,1462.0,103.25,5.0,8.25
Maruti Swift Dzire VXi,Maruti,Mumbai,2012,8,15500.0,Petrol,Manual,First,17.5,1298.0,85.8,5.0,3.75
Honda City i VTEC CVT VX,Honda,Hyderabad,2017,3,12538.0,Petrol,Automatic,First,18.0,1497.0,117.3,5.0,12.5
Maruti Swift VDI BSIV W ABS,Maruti,Bangalore,2015,5,62588.0,Diesel,Manual,First,17.8,1248.0,,5.0,5.95
Honda Brio S MT,Honda,Delhi,2015,5,44328.0,Petrol,Manual,First,19.4,1198.0,86.8,5.0,3.8
Toyota Etios Liva GD,Toyota,Delhi,2014,6,63000.0,Diesel,Manual,First,23.59,1364.0,67.04,5.0,4.35
Volvo XC60 D5,Volvo,Hyderabad,2015,5,100000.0,Diesel,Automatic,First,13.5,2400.0,215.0,5.0,32.5
Tata Indigo CS eGVX,Tata,Kolkata,2015,5,103000.0,Petrol,Manual,First,15.64,1193.0,64.08,5.0,3.0
Toyota Innova Crysta 2.8 ZX AT,Toyota,Pune,2016,4,50296.0,Diesel,Automatic,Second,11.36,2755.0,171.5,7.0,19.0
Volkswagen Vento Diesel Highline,Volkswagen,Pune,2013,7,95500.0,Diesel,Manual,First,20.54,1598.0,103.6,5.0,5.0
Ford Ecosport 1.5 DV5 MT Titanium,Ford,Pune,2014,6,72100.0,Diesel,Manual,First,22.7,1498.0,89.84,5.0,5.45
Maruti Wagon R VXI,Maruti,Mumbai,2010,10,19119.0,Petrol,Manual,First,18.9,998.0,67.1,5.0,2.7
Mercedes-Benz S-Class 320 L,Mercedes-Benz,Mumbai,2006,14,30000.0,Petrol,Manual,First,13.0,2987.0,210.0,5.0,10.75
Volkswagen Polo 1.5 TDI Highline,Volkswagen,Hyderabad,2015,5,75600.0,Diesel,Manual,First,20.14,1498.0,88.8,5.0,5.8
Tata Indica GLS BS IV,Tata,Pune,2007,13,137000.0,Petrol,Manual,Second,15.3,1193.0,65.3,5.0,0.95
Maruti 800 Std BSIII,Maruti,Jaipur,2002,18,53500.0,Petrol,Manual,Second,16.1,796.0,37.0,4.0,0.63
Jeep Compass 2.0 Longitude,Jeep,Kochi,2018,2,26101.0,Diesel,Manual,First,17.1,1956.0,170.0,5.0,17.55
Maruti Alto K10 LXI Optional,Maruti,Pune,2016,4,7000.0,Petrol,Manual,First,24.07,998.0,67.1,5.0,3.0
Skoda Octavia Elegance 2.0 TDI AT,Skoda,Bangalore,2013,7,50000.0,Diesel,Automatic,First,19.3,1968.0,141.0,5.0,15.0
Maruti Swift Dzire VDI Optional,Maruti,Hyderabad,2016,4,30000.0,Diesel,Manual,First,26.59,1248.0,74.0,5.0,6.0
Maruti Ciaz VDi Plus SHVS,Maruti,Mumbai,2016,4,38151.0,Diesel,Manual,First,28.09,1248.0,88.5,5.0,7.65
Mercedes-Benz New C-Class C 220 CDI CLASSIC,Mercedes-Benz,Jaipur,2009,11,116000.0,Diesel,Manual,Second,15.8,2148.0,170.0,5.0,8.5
Ford Figo Diesel ZXI,Ford,Kolkata,2013,7,22000.0,Diesel,Manual,First,20.0,1399.0,68.0,5.0,2.25
Toyota Corolla Altis VL,Toyota,Delhi,2010,10,60000.0,Petrol,Automatic,Second,14.53,1798.0,138.1,5.0,4.65
Maruti SX4 S Cross DDiS 320 Zeta,Maruti,Mumbai,2016,4,38000.0,Diesel,Manual,First,22.7,1598.0,118.0,5.0,7.85
Ford Figo Petrol ZXI,Ford,Coimbatore,2011,9,51928.0,Petrol,Manual,First,15.6,1196.0,70.0,5.0,3.46
Honda Jazz Exclusive CVT,Honda,Mumbai,2018,2,3000.0,Petrol,Automatic,First,19.0,1199.0,88.7,5.0,8.25
Maruti Zen LXi - BS III,Maruti,Pune,2006,14,67196.0,Petrol,Manual,First,17.3,993.0,60.0,5.0,1.25
Toyota Fortuner 3.0 Diesel,Toyota,Bangalore,2012,8,100000.0,Diesel,Manual,Third,11.5,2982.0,171.0,7.0,16.0
Maruti Ciaz ZDi Plus,Maruti,Jaipur,2015,5,65218.0,Diesel,Manual,First,26.21,1248.0,88.5,5.0,7.4
Renault KWID RXT,Renault,Kochi,2016,4,53886.0,Petrol,Manual,First,25.17,799.0,53.3,5.0,3.07
Hyundai i10 Magna AT,Hyundai,Coimbatore,2011,9,50058.0,Petrol,Automatic,First,19.2,1197.0,80.0,5.0,3.84
Maruti Celerio ZXI AT Optional,Maruti,Pune,2016,4,64000.0,Petrol,Automatic,First,23.1,998.0,67.04,5.0,4.2
Hyundai Creta 1.4 E Plus Diesel,Hyundai,Kochi,2018,2,41641.0,Diesel,Manual,First,21.38,1396.0,88.7,5.0,10.82
Honda Jazz 1.5 SV i DTEC,Honda,Hyderabad,2016,4,44345.0,Diesel,Manual,First,27.3,1498.0,98.6,5.0,6.1
Honda City 1.5 S MT,Honda,Kolkata,2011,9,45501.0,Petrol,Manual,First,17.0,1497.0,118.0,5.0,3.1
Mitsubishi Lancer 1.5 SFXi,Mitsubishi,Chennai,2001,19,104000.0,Petrol,Manual,Third,13.7,1468.0,85.8,5.0,1.0
Nissan Sunny XE P,Nissan,Coimbatore,2012,8,50297.0,Petrol,Manual,First,16.95,1498.0,97.6,5.0,4.69
Honda Accord 2.4 AT,Honda,Mumbai,2011,9,87000.0,Petrol,Automatic,First,11.7,2354.0,177.6,5.0,5.4
Mahindra XUV500 W8 2WD,Mahindra,Mumbai,2016,4,120000.0,Diesel,Manual,First,15.1,2179.0,140.0,7.0,12.0
Hyundai i20 1.2 Magna Executive,Hyundai,Mumbai,2018,2,17000.0,Petrol,Manual,First,18.6,1197.0,81.83,5.0,6.5
Nissan Micra Diesel XL,Nissan,Chennai,2014,6,100000.0,Diesel,Manual,First,23.08,1461.0,63.1,5.0,3.0
Maruti Ciaz AT ZXi,Maruti,Kochi,2015,5,50979.0,Petrol,Automatic,First,19.12,1373.0,91.1,5.0,6.9
Volkswagen Vento Diesel Trendline,Volkswagen,Chennai,2011,9,41000.0,Diesel,Manual,First,20.54,1598.0,103.6,5.0,4.0
Hyundai i20 Asta,Hyundai,Chennai,2011,9,24000.0,Petrol,Manual,First,17.0,1197.0,80.0,5.0,4.25
Toyota Corolla Altis G,Toyota,Hyderabad,2008,12,44738.0,Petrol,Manual,First,14.53,1798.0,138.1,5.0,5.1
Honda City i DTEC VX,Honda,Kolkata,2014,6,37298.0,Diesel,Manual,First,25.1,1498.0,98.6,5.0,4.9
Maruti Swift VXI BSIV,Maruti,Pune,2014,6,42000.0,Petrol,Manual,Second,20.4,1197.0,81.8,5.0,3.6
Mercedes-Benz E-Class 2009-2013 E250 CDI Elegance,Mercedes-Benz,Pune,2016,4,45000.0,Diesel,Automatic,First,14.21,2143.0,203.0,5.0,34.0
Toyota Innova 2.5 G (Diesel) 7 Seater,Toyota,Mumbai,2015,5,102000.0,Diesel,Manual,First,12.99,2494.0,100.6,7.0,8.25
Maruti Swift Lxi BSIII,Maruti,Pune,2011,9,70000.0,Petrol,Manual,First,16.1,1298.0,88.2,5.0,1.3
Mercedes-Benz New C-Class C 220d Avantgarde Edition C,Mercedes-Benz,Coimbatore,2018,2,27467.0,Diesel,Automatic,First,19.27,2143.0,167.62,5.0,39.05
Hyundai Grand i10 Asta,Hyundai,Kolkata,2015,5,15305.0,Petrol,Manual,First,18.9,1197.0,82.0,5.0,3.75
Maruti Wagon R LXI BS IV,Maruti,Mumbai,2010,10,70000.0,Petrol,Manual,First,18.9,998.0,67.1,5.0,2.1
Ford EcoSport 1.5 TDCi Titanium,Ford,Hyderabad,2016,4,36778.0,Diesel,Manual,First,22.77,1498.0,98.59,5.0,8.8
Volkswagen Polo 1.2 MPI Comfortline,Volkswagen,Coimbatore,2015,5,25845.0,Petrol,Manual,First,16.47,1198.0,74.0,5.0,5.84
Hyundai Verna 1.6 VTVT AT SX,Hyundai,Kochi,2018,2,33858.0,Petrol,Automatic,First,17.01,1591.0,121.3,5.0,9.03
Renault KWID AMT RXL,Renault,Ahmedabad,2017,3,12000.0,Petrol,Automatic,Second,24.04,999.0,67.0,5.0,3.25
Honda Brio S Option AT,Honda,Coimbatore,2013,7,33709.0,Petrol,Automatic,First,16.5,1198.0,86.8,5.0,4.9
Ford Figo Aspire 1.2 Ti-VCT Titanium,Ford,Kochi,2018,2,32709.0,Petrol,Manual,First,18.16,1196.0,86.8,5.0,6.46
Toyota Fortuner 3.0 Diesel,Toyota,Bangalore,2014,6,72000.0,Diesel,Manual,Second,11.5,2982.0,171.0,7.0,18.5
Tata Indigo eCS eLX BS IV,Tata,Ahmedabad,2013,7,31000.0,Diesel,Manual,First,25.0,1396.0,69.01,5.0,2.7
Ford Figo 2015-2019 1.5D Ambiente MT,Ford,Chennai,2016,4,70000.0,Diesel,Manual,First,25.83,1498.0,99.0,5.0,4.6
Maruti Swift Dzire VDI,Maruti,Jaipur,2014,6,61000.0,Diesel,Manual,First,23.4,1248.0,74.0,5.0,5.35
Nissan Micra Diesel XV Primo,Nissan,Pune,2011,9,72000.0,Diesel,Manual,First,23.08,1461.0,63.1,5.0,2.3
Skoda Octavia Style Plus 2.0 TDI AT,Skoda,Delhi,2016,4,49000.0,Diesel,Automatic,First,19.3,1968.0,141.0,5.0,15.45
Volkswagen Jetta 2013-2015 2.0L TDI Highline AT,Volkswagen,Hyderabad,2014,6,42939.0,Diesel,Automatic,First,16.96,1968.0,138.03,5.0,12.49
Audi Q7 35 TDI Quattro Technology,Audi,Coimbatore,2016,4,32545.0,Diesel,Automatic,First,12.07,2967.0,241.4,7.0,48.76
Hyundai i20 1.2 Sportz,Hyundai,Pune,2011,9,54000.0,Petrol,Manual,First,17.0,1197.0,80.0,5.0,3.2
BMW 3 Series 320d Corporate Edition,BMW,Delhi,2012,8,76000.0,Diesel,Automatic,First,16.07,1995.0,181.0,4.0,8.75
Hyundai i20 Active 1.4 SX Dual Tone,Hyundai,Kolkata,2015,5,27000.0,Diesel,Manual,First,21.19,1396.0,88.73,5.0,5.99
Mahindra Scorpio 2.6 DX,Mahindra,Chennai,2005,15,120000.0,Diesel,Manual,Second,12.7,2609.0,116.6,8.0,2.9
Audi A4 3.2 FSI Tiptronic Quattro,Audi,Hyderabad,2012,8,125000.0,Petrol,Automatic,First,10.5,3197.0,,,18.0
Ford Figo Diesel EXI,Ford,Kolkata,2011,9,37000.0,Diesel,Manual,First,20.0,1399.0,68.05,5.0,1.8
Honda Accord 2.4 Inspire M/T,Honda,Mumbai,2012,8,42000.0,Petrol,Manual,First,9.8,2354.0,180.0,5.0,6.25
Hyundai i20 Sportz 1.4 CRDi,Hyundai,Bangalore,2013,7,60000.0,Diesel,Manual,First,21.9,1396.0,88.76,5.0,5.45
Jaguar XF 2.2 Litre Luxury,Jaguar,Mumbai,2018,2,3000.0,Diesel,Automatic,First,16.36,2179.0,187.7,5.0,52.5
Hyundai Verna 1.6 SX VTVT (O) AT,Hyundai,Mumbai,2013,7,44000.0,Petrol,Automatic,First,17.1,1591.0,121.4,5.0,5.6
Honda City i VTEC VX Option,Honda,Kolkata,2014,6,37000.0,Petrol,Manual,First,17.4,1497.0,117.3,5.0,6.45
Hyundai i20 Asta Optional with Sunroof 1.2,Hyundai,Mumbai,2012,8,50000.0,Petrol,Manual,First,18.5,1197.0,82.85,5.0,3.7
Honda Brio S MT,Honda,Chennai,2013,7,58581.0,Petrol,Manual,First,19.4,1198.0,86.8,5.0,3.49
Hyundai i20 Sportz 1.4 CRDi,Hyundai,Kolkata,2013,7,25500.0,Diesel,Manual,First,21.9,1396.0,88.76,5.0,3.55
Maruti Grand Vitara 2.4 MT,Maruti,Mumbai,2017,3,25000.0,Petrol,Manual,First,10.4,2393.0,163.5,5.0,9.0
Maruti A-Star Vxi,Maruti,Hyderabad,2011,9,53766.0,Petrol,Manual,First,19.0,998.0,66.1,5.0,2.7
Fiat Punto 1.3 Emotion,Fiat,Pune,2011,9,45271.0,Diesel,Manual,First,20.3,,,,2.6
Maruti Alto LXi,Maruti,Chennai,2006,14,68000.0,Petrol,Manual,First,19.7,796.0,46.3,5.0,1.5
Mahindra XUV500 W10 2WD,Mahindra,Jaipur,2017,3,40000.0,Diesel,Manual,First,16.0,2179.0,140.0,7.0,15.9
Maruti Swift RS VDI,Maruti,Hyderabad,2013,7,73212.0,Diesel,Manual,First,22.9,1248.0,74.0,5.0,5.2
BMW X1 sDrive20d,BMW,Mumbai,2014,6,69000.0,Diesel,Automatic,First,17.05,1995.0,184.0,5.0,16.25
Volkswagen Passat 2.0 PD DSG,Volkswagen,Mumbai,2007,13,61932.0,Diesel,Automatic,Second,14.3,1968.0,140.0,5.0,3.31
BMW X3 xDrive20d,BMW,Bangalore,2012,8,52000.0,Diesel,Automatic,First,16.09,1995.0,184.0,5.0,24.0
Maruti Ritz VXi,Maruti,Kolkata,2011,9,150000.0,Petrol,Manual,First,18.5,1197.0,85.8,5.0,2.5
Hyundai i20 Sportz 1.4 CRDi,Hyundai,Jaipur,2013,7,70933.0,Diesel,Manual,Second,21.9,1396.0,88.76,5.0,3.9
Maruti Swift VDI BSIV,Maruti,Kolkata,2013,7,115195.0,Diesel,Manual,First,25.2,1248.0,74.0,5.0,3.85
Mercedes-Benz New C-Class 200 Kompressor,Mercedes-Benz,Delhi,2011,9,62148.0,Petrol,Manual,First,11.7,1796.0,178.0,5.0,8.8
Toyota Corolla Altis 1.8 GL,Toyota,Chennai,2009,11,32000.0,Petrol,Manual,Second,14.28,1798.0,138.03,5.0,4.95
Hyundai Verna 1.6 SX CRDi (O),Hyundai,Kolkata,2014,6,58000.0,Diesel,Manual,First,22.32,1582.0,126.32,5.0,5.75
Renault Duster 110PS Diesel RxZ,Renault,Kochi,2014,6,68598.0,Diesel,Manual,First,19.01,1461.0,108.45,5.0,6.17
Maruti Swift Ldi BSIII,Maruti,Chennai,2010,10,84072.0,Diesel,Manual,First,17.8,1248.0,75.0,5.0,3.45
Maruti Alto K10 VXI,Maruti,Jaipur,2016,4,51264.0,Petrol,Manual,First,24.07,998.0,67.1,5.0,3.2
Hyundai Creta 1.6 SX Plus Petrol Automatic,Hyundai,Coimbatore,2017,3,21363.0,Petrol,Automatic,First,13.0,1591.0,121.3,5.0,13.49
Mercedes-Benz CLA 200 CGI Sport,Mercedes-Benz,Delhi,2016,4,40000.0,Petrol,Automatic,First,15.04,1991.0,183.0,5.0,24.5
Honda CR-V 2.4 4WD AT,Honda,Kolkata,2015,5,35000.0,Petrol,Automatic,First,10.1,2354.0,152.0,5.0,14.7
Ford Ecosport 1.5 DV5 MT Trend,Ford,Hyderabad,2014,6,55000.0,Diesel,Manual,First,22.7,1498.0,89.84,5.0,6.0
Mercedes-Benz E-Class 2015-2017 E250 CDI Avantgarde,Mercedes-Benz,Coimbatore,2016,4,43252.0,Diesel,Automatic,First,13.0,2143.0,204.0,5.0,34.18
Hyundai Grand i10 CRDi Magna,Hyundai,Delhi,2014,6,42000.0,Diesel,Manual,First,24.0,1120.0,70.0,5.0,3.5
Ford Fiesta 1.4 Duratec ZXI,Ford,Hyderabad,2006,14,69000.0,Petrol,Manual,First,16.6,1388.0,68.0,5.0,2.15
Hyundai Creta 1.6 SX Automatic Diesel,Hyundai,Kolkata,2018,2,14000.0,Diesel,Automatic,First,17.6,1582.0,126.2,5.0,11.25
Maruti A-Star Lxi,Maruti,Delhi,2010,10,70000.0,Petrol,Manual,First,19.0,998.0,66.1,5.0,2.0
Maruti Ritz LDi,Maruti,Kochi,2015,5,35314.0,Diesel,Manual,First,23.2,1248.0,73.94,5.0,4.27
Honda City i VTEC SV,Honda,Kochi,2017,3,38691.0,Petrol,Manual,First,17.8,1497.0,117.3,5.0,7.68
Toyota Innova 2.5 GX (Diesel) 7 Seater,Toyota,Coimbatore,2017,3,72717.0,Diesel,Manual,First,12.99,2494.0,100.6,7.0,14.52
Mercedes-Benz R-Class R350 4Matic Long,Mercedes-Benz,Mumbai,2011,9,82000.0,Petrol,Automatic,Second,11.8,3498.0,272.0,7.0,16.85
Skoda Rapid 1.5 TDI Elegance,Skoda,Mumbai,2015,5,44000.0,Diesel,Manual,First,21.14,1498.0,103.52,5.0,5.75
Ford Ecosport 1.5 Ti VCT MT Titanium,Ford,Mumbai,2017,3,27000.0,Petrol,Manual,First,15.8,1499.0,110.0,5.0,8.3
Maruti Celerio VXI AT,Maruti,Chennai,2014,6,18500.0,Petrol,Automatic,First,23.1,998.0,67.04,5.0,3.95
Volkswagen Vento Petrol Highline,Volkswagen,Mumbai,2014,6,45000.0,Petrol,Manual,First,15.04,1598.0,103.6,5.0,4.8
Volvo XC60 D5,Volvo,Ahmedabad,2011,9,173000.0,Diesel,Automatic,First,13.5,2400.0,215.0,5.0,12.0
Toyota Etios Cross 1.4 GD,Toyota,Ahmedabad,2017,3,42000.0,Diesel,Manual,First,23.59,1364.0,67.04,5.0,6.25
Tata Indica Vista TDI LX,Tata,Jaipur,2012,8,90000.0,Diesel,Manual,First,19.4,1405.0,70.0,5.0,2.5
Honda City i VTEC CVT VX,Honda,Pune,2014,6,82329.0,Petrol,Automatic,First,18.0,1497.0,117.3,5.0,7.5
Honda City 1.5 V MT,Honda,Delhi,2010,10,80302.0,Petrol,Manual,First,17.0,1497.0,118.0,5.0,3.5
Skoda Octavia Rider Classic 1.9 TDI,Skoda,Hyderabad,2005,15,105000.0,Diesel,Manual,First,18.7,1896.0,66.0,5.0,1.99
Toyota Corolla 1.8 J,Toyota,Kolkata,2009,11,60000.0,Petrol,Manual,First,14.53,1798.0,138.0,5.0,2.25
Toyota Etios G,Toyota,Delhi,2014,6,70000.0,Petrol,Manual,First,16.78,1496.0,88.73,5.0,3.25
BMW X1 sDrive20d,BMW,Bangalore,2016,4,45000.0,Diesel,Automatic,First,17.05,1995.0,184.0,5.0,28.5
Honda City ZX CVT,Honda,Kolkata,2006,14,44000.0,Petrol,Automatic,First,16.4,1497.0,78.0,5.0,1.5
Hyundai i20 Sportz 1.4 CRDi,Hyundai,Delhi,2017,3,25500.0,Diesel,Manual,First,22.54,1396.0,88.73,5.0,7.0
Mercedes-Benz E-Class E350 CDI,Mercedes-Benz,Delhi,2014,6,68000.0,Diesel,Automatic,First,13.0,2987.0,261.5,5.0,27.5
Hyundai Creta 1.6 CRDi SX Option,Hyundai,Ahmedabad,2015,5,61786.0,Diesel,Manual,First,19.67,1582.0,126.2,5.0,10.5
Audi Q3 2012-2015 2.0 TDI Quattro Premium Plus,Audi,Jaipur,2014,6,65000.0,Diesel,Automatic,Second,15.73,1968.0,174.33,5.0,21.5
Land Rover Discovery Sport TD4 HSE,Land,Delhi,2016,4,77000.0,Diesel,Automatic,First,12.63,2179.0,147.5,5.0,35.0
Skoda Rapid 1.5 TDI AT Elegance Plus,Skoda,Hyderabad,2015,5,34000.0,Diesel,Automatic,First,21.66,1498.0,103.52,5.0,7.99
Maruti Celerio VXI AT,Maruti,Coimbatore,2015,5,59751.0,Petrol,Automatic,First,23.1,998.0,67.04,5.0,4.88
Audi RS5 Coupe,Audi,Mumbai,2013,7,23312.0,Petrol,Automatic,First,11.05,2894.0,444.0,4.0,40.5
Maruti Ciaz ZXi Plus,Maruti,Mumbai,2015,5,30000.0,Petrol,Manual,First,20.73,1373.0,91.1,5.0,6.55
Audi Q5 2.0 TDI Premium Plus,Audi,Coimbatore,2015,5,60146.0,Diesel,Automatic,First,14.16,1968.0,174.3,5.0,29.64
Ford Figo Diesel Titanium,Ford,Coimbatore,2013,7,44731.0,Diesel,Manual,Second,20.0,1399.0,68.0,5.0,4.34
Ford Ecosport 1.0 Ecoboost Titanium,Ford,Kochi,2014,6,43316.0,Petrol,Manual,First,18.88,999.0,123.37,5.0,6.22
Honda City 1.5 S MT,Honda,Delhi,2009,11,92000.0,Petrol,Manual,Second,17.0,1497.0,118.0,5.0,2.25
Jaguar XF 2.2 Litre Luxury,Jaguar,Hyderabad,2015,5,50000.0,Diesel,Automatic,First,16.36,2179.0,187.7,5.0,38.0
Maruti Swift VXI BSIV,Maruti,Mumbai,2008,12,69000.0,Petrol,Manual,Second,20.4,1197.0,81.8,5.0,2.15
BMW 5 Series 520d Luxury Line,BMW,Coimbatore,2014,6,60280.0,Diesel,Automatic,First,22.48,1995.0,190.0,5.0,22.45
Mercedes-Benz B Class B200 CDI,Mercedes-Benz,Coimbatore,2017,3,48161.0,Diesel,Automatic,First,15.0,2143.0,107.3,5.0,20.87
Honda Brio S MT,Honda,Mumbai,2013,7,41000.0,Petrol,Manual,First,19.4,1198.0,86.8,5.0,3.1
Hyundai i20 Sportz 1.2,Hyundai,Mumbai,2016,4,6000.0,Petrol,Manual,First,18.6,1197.0,81.83,5.0,5.95
Tata Indica V2 DLG TC,Tata,Mumbai,2006,14,133000.0,Diesel,Manual,Second,16.8,1405.0,68.0,5.0,0.86
Toyota Fortuner 3.0 Diesel,Toyota,Delhi,2010,10,76000.0,Diesel,Manual,First,11.5,2982.0,171.0,7.0,9.25
Hyundai i10 Sportz 1.1L,Hyundai,Mumbai,2011,9,15590.0,Petrol,Manual,First,19.81,1086.0,68.05,5.0,2.25
Hyundai i20 1.2 Sportz Option,Hyundai,Kochi,2016,4,69681.0,Petrol,Manual,First,17.0,1197.0,80.0,5.0,6.13
Maruti Baleno LXI - BSIII,Maruti,Kochi,2006,14,70362.0,Petrol,Manual,Second,15.4,1590.0,,5.0,1.81
Honda Amaze S AT i-Vtech,Honda,Pune,2014,6,49112.0,Petrol,Automatic,Second,15.5,1198.0,86.7,5.0,3.79
Land Rover Range Rover 3.0 Diesel LWB Vogue,Land,Hyderabad,2017,3,25000.0,Diesel,Automatic,First,13.33,2993.0,255.0,5.0,160.0
Toyota Etios Liva GD,Toyota,Mumbai,2011,9,74000.0,Diesel,Manual,First,23.59,1364.0,,5.0,3.6
Hyundai i10 Sportz 1.2 AT,Hyundai,Pune,2013,7,15200.0,Petrol,Automatic,Second,16.95,1197.0,78.9,5.0,3.85
Volkswagen Polo Diesel Trendline 1.2L,Volkswagen,Hyderabad,2013,7,86300.0,Diesel,Manual,First,22.07,1199.0,73.9,5.0,4.5
Maruti Baleno RS Petrol,Maruti,Coimbatore,2018,2,26731.0,Petrol,Manual,First,21.1,998.0,100.0,5.0,8.61
Hyundai i20 Sportz 1.4 CRDi,Hyundai,Ahmedabad,2016,4,74000.0,Diesel,Manual,First,21.9,1396.0,88.76,5.0,6.5
Toyota Corolla H4,Toyota,Chennai,2005,15,83929.0,Petrol,Automatic,First,11.3,1794.0,125.0,5.0,2.6
Toyota Innova 2.5 VX (Diesel) 7 Seater,Toyota,Pune,2015,5,65000.0,Diesel,Manual,First,12.99,2494.0,100.6,7.0,15.0
Maruti Celerio VXI AT Optional,Maruti,Pune,2017,3,20000.0,Petrol,Automatic,First,23.1,998.0,67.04,5.0,4.7
Skoda Octavia Elegance 2.0 TDI AT,Skoda,Hyderabad,2015,5,122086.0,Diesel,Automatic,First,19.3,1968.0,141.0,5.0,12.99
Honda Mobilio S i VTEC,Honda,Kochi,2018,2,35442.0,Petrol,Manual,First,17.3,1497.0,117.3,7.0,7.32
Hyundai Verna 1.6 CRDi SX,Hyundai,Delhi,2015,5,62542.0,Diesel,Manual,Second,23.9,1582.0,126.2,5.0,6.5
Honda City 1.5 S MT,Honda,Coimbatore,2012,8,26671.0,Petrol,Manual,Second,17.0,1497.0,118.0,5.0,5.67
Ford Classic 1.4 Duratorq Titanium,Ford,Chennai,2014,6,83500.0,Diesel,Manual,Second,19.68,1399.0,67.0,5.0,3.0
Maruti Ciaz ZDi,Maruti,Delhi,2015,5,46166.0,Diesel,Manual,Second,26.21,1248.0,88.5,5.0,5.5
Maruti Wagon R VXI BS IV,Maruti,Pune,2015,5,25200.0,Petrol,Manual,First,18.9,998.0,67.1,5.0,3.35
Audi A4 3.0 TDI Quattro,Audi,Coimbatore,2015,5,35463.0,Diesel,Automatic,First,14.94,2967.0,241.4,5.0,25.02
Toyota Camry Hybrid 2.5,Toyota,Coimbatore,2017,3,23249.0,Petrol,Automatic,First,19.16,2487.0,175.67,5.0,26.11
Hyundai i20 Asta 1.2,Hyundai,Coimbatore,2016,4,40310.0,Petrol,Manual,First,18.6,1197.0,81.83,5.0,7.09
Maruti SX4 Green Vxi (CNG),Maruti,Delhi,2012,8,82069.0,CNG,Manual,First,21.4,1586.0,103.3,5.0,2.65
Hyundai Grand i10 1.2 Kappa Asta,Hyundai,Delhi,2018,2,10000.0,Petrol,Manual,First,18.9,1197.0,81.86,5.0,6.5
Volkswagen Polo Diesel Trendline 1.2L,Volkswagen,Chennai,2012,8,94000.0,Diesel,Manual,First,22.07,1199.0,73.9,5.0,4.5
BMW X5 xDrive 30d M Sport,BMW,Chennai,2016,4,45000.0,Diesel,Automatic,First,15.97,2993.0,258.0,5.0,57.0
Volkswagen Polo Petrol Comfortline 1.2L,Volkswagen,Kochi,2012,8,52818.0,Petrol,Manual,First,16.47,1198.0,73.9,5.0,3.82
Renault Duster 85PS Diesel RxE,Renault,Jaipur,2013,7,61238.0,Diesel,Manual,First,20.45,1461.0,83.8,5.0,5.25
Skoda Superb Style 1.8 TSI AT,Skoda,Coimbatore,2016,4,54253.0,Petrol,Automatic,First,14.67,1798.0,177.46,5.0,16.81
Audi Q5 2.0 TDI,Audi,Delhi,2013,7,71000.0,Diesel,Automatic,First,14.16,1968.0,174.3,5.0,21.5
Maruti Baleno Delta 1.3,Maruti,Hyderabad,2017,3,20000.0,Diesel,Manual,First,27.39,1248.0,74.0,5.0,8.5
Volkswagen Polo Petrol Comfortline 1.2L,Volkswagen,Delhi,2013,7,75000.0,Petrol,Manual,First,16.47,1198.0,73.9,5.0,3.25
Mitsubishi Pajero Sport 4X4 AT,Mitsubishi,Coimbatore,2019,1,11827.0,Diesel,Automatic,First,13.5,2477.0,175.56,6.0,27.11
Maruti Ciaz VXi Plus,Maruti,Mumbai,2015,5,51579.0,Petrol,Manual,First,20.73,1373.0,91.1,5.0,5.95
Renault Duster 85PS Diesel RxL Option,Renault,Kochi,2015,5,65178.0,Diesel,Manual,First,19.87,1461.0,83.8,5.0,6.79
Hyundai EON D Lite Plus Option,Hyundai,Mumbai,2016,4,25350.0,Petrol,Manual,First,21.1,814.0,55.2,5.0,2.55
Honda CR-V 2.4 MT,Honda,Pune,2008,12,92000.0,Petrol,Manual,Second,10.8,2354.0,152.0,5.0,3.7
Hyundai Verna 1.6 SX VTVT,Hyundai,Bangalore,2014,6,45000.0,Petrol,Manual,Second,17.01,1591.0,121.3,5.0,6.75
Toyota Corolla Altis JS MT,Toyota,Kolkata,2015,5,46000.0,Petrol,Manual,First,14.28,1798.0,138.03,5.0,6.95
Maruti SX4 ZXI MT BSIV,Maruti,Kochi,2011,9,79940.0,Petrol,Manual,First,15.5,1586.0,103.3,5.0,2.78
Volkswagen Polo Petrol Comfortline 1.2L,Volkswagen,Coimbatore,2016,4,28851.0,Petrol,Manual,First,16.47,1198.0,73.9,5.0,6.18
Audi Q5 30 TDI quattro Premium Plus,Audi,Bangalore,2015,5,63000.0,Diesel,Automatic,First,14.16,1968.0,174.3,5.0,36.0
Honda City 1.5 V MT,Honda,Coimbatore,2012,8,77283.0,Petrol,Manual,First,17.0,1497.0,118.0,5.0,5.81
Maruti Wagon R VXI,Maruti,Pune,2014,6,38958.0,Petrol,Manual,First,22.5,998.0,67.04,5.0,3.41
Mitsubishi Pajero Sport 4X4 AT,Mitsubishi,Bangalore,2018,2,8900.0,Diesel,Automatic,First,13.5,2477.0,175.56,6.0,26.5
Skoda Octavia Elegance 1.8 TSI AT,Skoda,Hyderabad,2015,5,38000.0,Petrol,Automatic,First,14.7,1798.0,177.5,5.0,16.0
Hyundai Creta 1.6 CRDi SX Option,Hyundai,Kochi,2017,3,44887.0,Diesel,Manual,First,19.67,1582.0,126.2,5.0,12.13
Maruti Alto LXi BSIII,Maruti,Hyderabad,2009,11,85000.0,Petrol,Manual,Second,19.7,796.0,46.3,5.0,1.8
Honda City V MT,Honda,Pune,2013,7,100000.0,Petrol,Manual,First,16.8,1497.0,116.3,5.0,6.25
Datsun redi-GO S,Datsun,Chennai,2016,4,26239.0,Petrol,Manual,First,22.7,799.0,53.0,5.0,2.75
Skoda Yeti Ambition 4WD,Skoda,Pune,2011,9,97000.0,Diesel,Manual,First,17.67,1968.0,138.08,5.0,6.0
Mercedes-Benz B Class B180,Mercedes-Benz,Delhi,2013,7,28000.0,Petrol,Automatic,First,14.8,1595.0,120.7,5.0,11.56
Volkswagen Polo GT TSI,Volkswagen,Mumbai,2014,6,20364.0,Petrol,Automatic,Second,17.21,1197.0,103.6,5.0,5.2
Ford EcoSport 1.5 TDCi Titanium,Ford,Coimbatore,2014,6,64637.0,Diesel,Manual,First,22.77,1498.0,98.59,5.0,7.52
Hyundai Creta 1.6 SX Plus Dual Tone Petrol,Hyundai,Coimbatore,2017,3,15731.0,Petrol,Manual,First,15.29,1591.0,121.3,5.0,12.49
Toyota Fortuner 2.8 2WD MT,Toyota,Coimbatore,2019,1,56251.0,Diesel,Manual,First,14.24,2755.0,174.5,7.0,35.82
Maruti Swift Dzire ZXI,Maruti,Chennai,2017,3,28000.0,Petrol,Manual,First,20.85,1197.0,83.14,5.0,6.25
Hyundai i20 1.2 Asta with AVN,Hyundai,Coimbatore,2015,5,20045.0,Petrol,Manual,First,17.0,1197.0,80.0,5.0,6.22
Honda BR-V i-VTEC S MT,Honda,Bangalore,2016,4,34004.0,Petrol,Manual,First,15.4,1497.0,117.3,7.0,8.02
Maruti Celerio ZXI,Maruti,Mumbai,2014,6,21000.0,Petrol,Manual,First,23.1,998.0,67.04,5.0,3.75
Mercedes-Benz E-Class 2009-2013 E350 Petrol,Mercedes-Benz,Mumbai,2009,11,68001.0,Petrol,Automatic,Second,10.93,3498.0,272.0,5.0,11.75
Hyundai i10 Magna 1.2 iTech SE,Hyundai,Kolkata,2012,8,31000.0,Petrol,Manual,First,20.36,1197.0,78.9,5.0,2.25
Toyota Etios Liva V,Toyota,Mumbai,2013,7,8950.0,Petrol,Manual,First,17.71,1197.0,78.9,5.0,3.55
Mercedes-Benz E-Class 2015-2017 E250 Edition E,Mercedes-Benz,Coimbatore,2017,3,43477.0,Diesel,Automatic,First,15.0,2143.0,204.0,5.0,38.15
Hyundai EON D Lite Plus,Hyundai,Ahmedabad,2015,5,20000.0,Petrol,Manual,First,21.1,814.0,55.2,5.0,2.66
Maruti Wagon R CNG LXI,Maruti,Mumbai,2014,6,47200.0,CNG,Manual,First,33.54,998.0,67.04,5.0,2.85
Honda City 1.5 S MT,Honda,Bangalore,2011,9,60000.0,Petrol,Manual,First,17.0,1497.0,118.0,5.0,4.95
Mercedes-Benz S-Class 280 AT,Mercedes-Benz,Chennai,2003,17,111000.0,Petrol,Automatic,First,13.0,2987.0,210.0,5.0,6.5
Tata Indigo CS eVX,Tata,Pune,2016,4,52000.0,Diesel,Manual,Second,25.0,1396.0,69.01,5.0,2.4
Hyundai Creta 1.6 VTVT S,Hyundai,Pune,2016,4,26000.0,Petrol,Manual,First,15.29,1591.0,121.3,5.0,12.5
Maruti Wagon R LXI BS IV,Maruti,Pune,2013,7,32425.0,Petrol,Manual,First,20.51,998.0,67.04,5.0,3.0
Maruti Dzire VDI,Maruti,Kochi,2017,3,54758.0,Diesel,Manual,First,28.4,1248.0,73.75,5.0,6.67
Ford Ikon 1.3 Flair,Ford,Coimbatore,2008,12,59833.0,Petrol,Manual,Fourth & Above,13.8,1299.0,70.0,5.0,1.97
Volkswagen Polo Petrol Comfortline 1.2L,Volkswagen,Kolkata,2013,7,30000.0,Petrol,Manual,First,16.47,1198.0,73.9,5.0,2.8
Hyundai i10 Magna 1.2,Hyundai,Jaipur,2011,9,40496.0,Petrol,Manual,First,20.36,1197.0,78.9,5.0,2.65
Chevrolet Enjoy 1.3 TCDi LTZ 8,Chevrolet,Chennai,2014,6,45000.0,Diesel,Manual,First,18.2,1248.0,73.74,8.0,4.75
Land Rover Range Rover 3.0 D,Land,Mumbai,2003,17,75000.0,Diesel,Automatic,Second,,,,,16.11
Mercedes-Benz E-Class 200 Kompressor Elegance,Mercedes-Benz,Bangalore,2011,9,34000.0,Petrol,Automatic,Second,10.5,1796.0,157.7,5.0,19.0
Maruti Swift Vdi BSIII,Maruti,Bangalore,2012,8,62000.0,Diesel,Manual,First,17.8,1248.0,75.0,5.0,4.5
Mahindra XUV500 W8 4WD,Mahindra,Hyderabad,2012,8,123600.0,Diesel,Manual,First,15.1,2179.0,140.0,7.0,8.25
Toyota Etios Liva G,Toyota,Pune,2014,6,80102.0,Petrol,Manual,First,17.71,1197.0,78.9,5.0,3.5
Mahindra XUV500 W8 4WD,Mahindra,Pune,2013,7,55000.0,Diesel,Manual,First,15.1,2179.0,140.0,7.0,8.5
Hyundai Creta 1.6 VTVT S,Hyundai,Hyderabad,2015,5,48200.0,Petrol,Manual,First,15.29,1591.0,121.3,5.0,9.0
Honda City i DTEC SV,Honda,Hyderabad,2014,6,90000.0,Diesel,Manual,First,26.0,1498.0,98.6,5.0,6.75
Maruti Swift Dzire VDi,Maruti,Hyderabad,2014,6,123900.0,Diesel,Manual,First,19.3,1248.0,73.9,5.0,5.4
Maruti Wagon R LXI BS IV,Maruti,Delhi,2015,5,13008.0,Petrol,Manual,First,20.51,998.0,67.04,5.0,3.5
Hyundai EON Era Plus,Hyundai,Hyderabad,2012,8,60500.0,Petrol,Manual,First,21.1,814.0,55.2,5.0,2.6
Toyota Innova Crysta 2.8 ZX AT,Toyota,Bangalore,2017,3,53841.0,Diesel,Automatic,First,11.36,2755.0,171.5,7.0,20.5
Hyundai Creta 1.6 SX Option,Hyundai,Kochi,2017,3,47183.0,Petrol,Manual,Second,15.8,1591.0,121.3,5.0,11.31
Maruti Wagon R VXI Plus,Maruti,Kolkata,2018,2,10000.0,Petrol,Manual,First,20.51,998.0,67.04,5.0,4.5
Mercedes-Benz GL-Class 350 CDI Blue Efficiency,Mercedes-Benz,Chennai,2015,5,45000.0,Diesel,Automatic,First,11.3,2987.0,254.8,7.0,56.0
Maruti Celerio VXI,Maruti,Kochi,2017,3,3923.0,Petrol,Manual,First,23.1,998.0,67.04,5.0,5.2
Mahindra Scorpio SLE BSIV,Mahindra,Delhi,2011,9,85000.0,Diesel,Manual,First,12.05,2179.0,120.0,8.0,5.25
Datsun redi-GO T Option,Datsun,Kochi,2018,2,6279.0,Petrol,Manual,First,22.7,799.0,53.64,5.0,3.6
Fiat Grande Punto EVO 1.3 Active,Fiat,Pune,2014,6,74500.0,Diesel,Manual,First,21.2,1248.0,75.0,5.0,3.3
Hyundai Elantra CRDi SX,Hyundai,Kolkata,2013,7,42000.0,Diesel,Manual,First,22.7,1582.0,126.24,5.0,5.85
Maruti Swift Dzire LXI,Maruti,Delhi,2014,6,56510.0,Petrol,Manual,First,19.1,1197.0,85.8,5.0,3.9
Audi A4 2.0 TDI Multitronic,Audi,Delhi,2009,11,88000.0,Diesel,Automatic,First,16.55,1968.0,140.0,5.0,7.98
Honda Brio VX AT,Honda,Mumbai,2014,6,36631.0,Petrol,Automatic,First,16.5,1198.0,86.8,5.0,4.3
Maruti Wagon R LXI BS IV,Maruti,Kolkata,2011,9,34000.0,Petrol,Manual,First,18.9,998.0,67.1,5.0,2.25
Hyundai i10 Magna 1.1,Hyundai,Ahmedabad,2013,7,49000.0,Petrol,Manual,First,19.81,1086.0,68.05,5.0,3.2
Hyundai Verna 1.6 SX,Hyundai,Hyderabad,2012,8,65254.0,Diesel,Manual,First,22.32,1582.0,126.32,5.0,6.55
Hyundai Verna 1.6 SX,Hyundai,Bangalore,2014,6,95000.0,Diesel,Manual,Second,22.32,1582.0,126.32,5.0,6.9
Maruti Ritz VDi,Maruti,Chennai,2009,11,83000.0,Diesel,Manual,First,23.2,1248.0,73.94,5.0,2.95
Hyundai Creta 1.6 SX Option Diesel,Hyundai,Coimbatore,2017,3,101065.0,Diesel,Manual,First,20.5,1582.0,126.2,5.0,11.45
Maruti Baleno Delta,Maruti,Kochi,2017,3,15134.0,Petrol,Manual,First,21.4,1197.0,83.1,5.0,6.37
Hyundai Verna 1.6 CRDI,Hyundai,Jaipur,2011,9,72000.0,Diesel,Manual,First,22.32,1582.0,126.3,5.0,5.0
Tata Indica Vista Quadrajet VX,Tata,Chennai,2012,8,120000.0,Diesel,Manual,Second,22.3,1248.0,74.0,5.0,2.6
Hyundai i20 1.2 Magna,Hyundai,Kolkata,2010,10,45000.0,Petrol,Manual,First,18.5,1197.0,80.0,5.0,1.9
Porsche Panamera Diesel,Porsche,Kochi,2015,5,54996.0,Diesel,Automatic,First,17.85,2967.0,300.0,4.0,60.95
Maruti Eeco Smiles 5 Seater AC,Maruti,Coimbatore,2017,3,22874.0,Petrol,Manual,First,15.1,1196.0,73.0,5.0,4.44
BMW 3 Series 320d Sport,BMW,Chennai,2012,8,58000.0,Diesel,Automatic,Second,22.69,1995.0,190.0,5.0,15.3
Maruti Ertiga VDI,Maruti,Chennai,2016,4,86000.0,Diesel,Manual,Second,25.47,1248.0,88.5,7.0,8.2
Hyundai Xcent 1.2 Kappa AT S Option,Hyundai,Ahmedabad,2014,6,69000.0,Petrol,Automatic,First,16.9,1197.0,81.86,5.0,5.25
Volkswagen Vento 1.2 TSI Highline AT,Volkswagen,Pune,2016,4,55001.0,Petrol,Automatic,Second,16.93,1197.0,103.2,5.0,8.5
Audi Q3 35 TDI Quattro Premium,Audi,Chennai,2015,5,28000.0,Diesel,Automatic,First,15.73,1968.0,174.33,5.0,23.75
Hyundai i10 Magna 1.1,Hyundai,Delhi,2013,7,53213.0,Petrol,Manual,First,19.81,1086.0,68.05,5.0,2.74
Volkswagen Jetta 2013-2015 2.0L TDI Highline AT,Volkswagen,Coimbatore,2016,4,44340.0,Diesel,Automatic,First,16.96,1968.0,138.03,5.0,13.83
Maruti Baleno RS 1.0 Petrol,Maruti,Mumbai,2017,3,16900.0,Petrol,Manual,First,21.1,998.0,100.0,5.0,6.99
Hyundai i10 Era,Hyundai,Jaipur,2009,11,57000.0,Petrol,Manual,First,19.81,1086.0,68.05,5.0,2.25
Toyota Innova 2.5 G4 Diesel 8-seater,Toyota,Hyderabad,2013,7,83165.0,Diesel,Manual,First,12.8,2494.0,102.0,8.0,11.49
Chevrolet Beat LT,Chevrolet,Coimbatore,2012,8,24735.0,Petrol,Manual,Second,18.6,1199.0,79.4,5.0,2.87
Toyota Innova 2.5 G3,Toyota,Kolkata,2005,15,65175.0,Diesel,Manual,First,12.8,2494.0,102.0,8.0,3.25
Honda Accord 2.4 Inspire M/T,Honda,Pune,2009,11,60000.0,Petrol,Manual,Second,9.8,2354.0,180.0,5.0,3.5
Mahindra KUV 100 mFALCON D75 K4 Plus,Mahindra,Kochi,2017,3,60357.0,Diesel,Manual,First,25.32,1198.0,77.0,6.0,4.49
Volkswagen Polo Diesel Trendline 1.2L,Volkswagen,Jaipur,2011,9,77000.0,Diesel,Manual,First,22.07,1199.0,73.9,5.0,2.9
Toyota Innova 2.0 GX 8 STR,Toyota,Coimbatore,2014,6,85301.0,Petrol,Manual,First,12.4,1998.0,132.0,8.0,12.36
Mahindra Scorpio VLX AT AIRBAG BSIV,Mahindra,Mumbai,2011,9,50000.0,Diesel,Automatic,First,11.79,2179.0,120.0,8.0,6.0
BMW 7 Series 730Ld Sedan,BMW,Chennai,2010,10,58000.0,Diesel,Automatic,First,16.46,2993.0,258.0,5.0,31.0
Honda City i-DTEC SV,Honda,Kolkata,2015,5,39000.0,Diesel,Manual,First,25.6,1498.0,98.6,5.0,5.49
Volkswagen Polo Diesel Comfortline 1.2L,Volkswagen,Coimbatore,2015,5,46190.0,Diesel,Manual,First,22.07,1199.0,73.9,5.0,5.86
Mahindra XUV500 W8 2WD,Mahindra,Mumbai,2015,5,83000.0,Diesel,Manual,First,16.0,2179.0,140.0,7.0,9.0
Volkswagen Vento 1.6 Highline,Volkswagen,Jaipur,2016,4,33000.0,Petrol,Manual,First,16.09,1598.0,103.5,5.0,7.7
Honda City i VTEC V,Honda,Coimbatore,2017,3,27279.0,Petrol,Manual,First,17.4,1497.0,117.3,5.0,9.47
Audi Q5 2.0 TDI Premium Plus,Audi,Bangalore,2014,6,53900.0,Diesel,Automatic,First,14.16,1968.0,174.3,5.0,29.0
Honda City 1.5 V AT Exclusive,Honda,Kochi,2012,8,63998.0,Petrol,Automatic,First,17.0,1497.0,118.0,5.0,5.42
Maruti Swift VXI BSIV,Maruti,Coimbatore,2016,4,57932.0,Petrol,Manual,First,20.4,1197.0,81.8,5.0,6.39
Maruti Alto 800 LXI,Maruti,Jaipur,2015,5,25000.0,Petrol,Manual,First,22.74,796.0,47.3,5.0,2.75
Ford Figo Diesel Titanium,Ford,Chennai,2011,9,169000.0,Diesel,Manual,First,20.0,1399.0,68.0,5.0,2.5
Hyundai Santro Xing GL Plus,Hyundai,Delhi,2012,8,53000.0,Petrol,Manual,First,17.92,1086.0,62.1,5.0,2.35
Maruti Wagon R VXI,Maruti,Coimbatore,2015,5,43053.0,Petrol,Manual,First,18.9,998.0,67.1,5.0,4.65
Honda City i DTEC SV,Honda,Ahmedabad,2014,6,75000.0,Diesel,Manual,First,26.0,1498.0,98.6,5.0,6.0
Honda City V MT AVN,Honda,Pune,2012,8,89000.0,Petrol,Manual,Second,16.8,1497.0,116.3,5.0,3.5
Honda City i DTEC VX,Honda,Hyderabad,2014,6,75578.0,Diesel,Manual,First,25.1,1498.0,98.6,5.0,7.0
Hyundai Verna VTVT 1.6 SX,Hyundai,Bangalore,2014,6,46676.0,Petrol,Manual,First,17.0,1591.0,121.3,5.0,7.75
Maruti Alto K10 LXI,Maruti,Kochi,2014,6,51349.0,Petrol,Manual,First,24.07,998.0,67.1,5.0,2.93
Mercedes-Benz E-Class 2009-2013 E250 CDI Avantgarde,Mercedes-Benz,Kolkata,2014,6,34233.0,Diesel,Automatic,First,14.21,2143.0,203.0,5.0,22.5
BMW X6 xDrive30d,BMW,Coimbatore,2014,6,39626.0,Diesel,Automatic,First,11.2,2993.0,241.0,4.0,40.66
Maruti Wagon R LXI BSIII,Maruti,Pune,2008,12,82500.0,Petrol,Manual,First,14.0,1061.0,64.0,5.0,1.75
Renault Duster RXZ AWD,Renault,Hyderabad,2015,5,63000.0,Diesel,Manual,Second,19.72,1461.0,108.45,5.0,8.2
Mahindra Scorpio VLX 2.2 mHawk Airbag BSIV,Mahindra,Delhi,2011,9,77001.0,Diesel,Manual,First,12.05,2179.0,120.0,8.0,4.49
Ford Endeavour 3.2 Trend AT 4X4,Ford,Chennai,2016,4,43000.0,Diesel,Automatic,First,10.91,3198.0,197.2,7.0,26.5
Maruti Zen Estilo LXI BS IV,Maruti,Hyderabad,2011,9,61111.0,Petrol,Manual,First,19.0,998.0,67.1,5.0,2.6
Hyundai Santro Xing XG,Hyundai,Bangalore,2005,15,79000.0,Petrol,Manual,Second,17.0,,,,1.65
Hyundai i10 Asta,Hyundai,Kolkata,2011,9,43000.0,Petrol,Manual,First,20.36,1197.0,78.9,5.0,2.49
Honda Brio VX AT,Honda,Hyderabad,2013,7,47000.0,Petrol,Automatic,First,16.5,1198.0,86.8,5.0,5.4
Maruti Wagon R AMT VXI,Maruti,Jaipur,2017,3,34000.0,Petrol,Automatic,First,20.51,998.0,67.0,5.0,4.35
Audi Q3 30 TDI Premium FWD,Audi,Coimbatore,2018,2,22060.0,Diesel,Automatic,First,18.51,1968.0,147.51,5.0,32.73
Mercedes-Benz M-Class ML 350 4Matic,Mercedes-Benz,Chennai,2012,8,63000.0,Diesel,Automatic,First,,2987.0,165.0,5.0,26.0
Maruti Wagon R LXI,Maruti,Jaipur,2011,9,80000.0,Petrol,Manual,First,18.9,998.0,67.1,5.0,2.5
Audi A4 35 TDI Premium Plus,Audi,Kochi,2015,5,13506.0,Diesel,Automatic,First,18.25,1968.0,187.74,5.0,21.66
Renault KWID RXT Optional,Renault,Mumbai,2016,4,16000.0,Petrol,Manual,First,25.17,799.0,53.3,5.0,2.99
Maruti Alto 800 2016-2019 VXI,Maruti,Kolkata,2016,4,31006.0,Petrol,Manual,First,24.7,796.0,47.3,5.0,2.61
Toyota Innova 2.5 GX (Diesel) 8 Seater,Toyota,Delhi,2013,7,91200.0,Diesel,Manual,First,12.99,2494.0,100.0,8.0,8.25
Toyota Corolla Altis 2008-2013 1.8 VL AT,Toyota,Pune,2015,5,43000.0,Petrol,Automatic,First,14.53,1794.0,138.1,5.0,12.5
Ford Figo 2015-2019 1.5D Titanium Plus MT,Ford,Hyderabad,2015,5,45000.0,Diesel,Manual,First,25.83,1498.0,99.0,5.0,5.5
Honda Brio S MT,Honda,Coimbatore,2014,6,28637.0,Petrol,Manual,First,19.4,1198.0,86.8,5.0,5.53
Ford Ikon 1.6 ZXI NXt,Ford,Pune,2004,16,69870.0,Petrol,Manual,Second,14.2,1597.0,92.0,5.0,1.1
Mahindra Scorpio 2009-2014 LX 2WD 7S,Mahindra,Mumbai,2014,6,84000.0,Diesel,Manual,First,12.05,2179.0,120.0,7.0,6.85
Mercedes-Benz S-Class 320 L,Mercedes-Benz,Coimbatore,2007,13,84143.0,Petrol,Manual,First,13.0,2987.0,210.0,5.0,17.09
Mahindra Scorpio SLE BSIV,Mahindra,Delhi,2012,8,77000.0,Diesel,Manual,Second,12.05,2179.0,120.0,8.0,4.93
Land Rover Freelander 2 SE,Land,Ahmedabad,2012,8,75000.0,Diesel,Automatic,Second,12.39,2179.0,147.51,5.0,17.5
Chevrolet Beat LS,Chevrolet,Delhi,2011,9,76155.0,Petrol,Manual,First,18.6,1199.0,79.4,5.0,1.95
Maruti Swift ZDi,Maruti,Bangalore,2014,6,98000.0,Diesel,Manual,First,22.9,1248.0,74.0,5.0,6.1
Toyota Corolla H2,Toyota,Mumbai,2008,12,48233.0,Petrol,Manual,Second,13.4,1794.0,125.0,5.0,1.8
Audi Q5 3.0 TDI Quattro,Audi,Bangalore,2015,5,63000.0,Diesel,Automatic,First,13.22,2967.0,241.4,5.0,34.5
Hyundai EON Era Plus,Hyundai,Coimbatore,2015,5,34063.0,Petrol,Manual,First,21.1,814.0,55.2,5.0,4.01
Honda Amaze S Petrol,Honda,Kolkata,2013,7,32576.0,Petrol,Manual,First,19.5,1199.0,88.76,5.0,3.15
Ford Figo Aspire 1.5 Ti-VCT Titanium,Ford,Mumbai,2015,5,28843.0,Petrol,Automatic,First,17.01,1499.0,110.5,5.0,5.49
Renault Duster 110PS Diesel RxL AMT,Renault,Bangalore,2016,4,26000.0,Diesel,Automatic,Second,19.6,1461.0,108.45,5.0,10.0
Honda City V AT,Honda,Kolkata,2013,7,39000.0,Petrol,Automatic,First,15.6,1497.0,116.3,5.0,4.55
Maruti Alto LXi,Maruti,Mumbai,2010,10,66000.0,Petrol,Manual,First,19.7,796.0,46.3,5.0,1.5
Hyundai i10 Magna 1.2,Hyundai,Kolkata,2011,9,38002.0,Petrol,Manual,First,20.36,1197.0,78.9,5.0,2.15
Chevrolet Spark 1.0 LS,Chevrolet,Chennai,2010,10,49000.0,Petrol,Manual,Second,18.0,995.0,62.0,5.0,1.4
Skoda Rapid 1.5 TDI Ambition Plus,Skoda,Bangalore,2014,6,52000.0,Diesel,Manual,First,21.14,1498.0,103.6,5.0,6.2
Audi A6 2011-2015 2.0 TDI Premium Plus,Audi,Mumbai,2013,7,56500.0,Diesel,Automatic,First,17.68,1968.0,174.33,5.0,19.8
Honda Jazz 1.2 V i VTEC,Honda,Mumbai,2015,5,20568.0,Petrol,Manual,First,18.7,1199.0,88.7,5.0,5.6
Hyundai Creta 1.6 SX Plus Dual Tone Petrol,Hyundai,Mumbai,2015,5,26000.0,Petrol,Manual,First,15.29,1591.0,121.3,5.0,9.5
Chevrolet Beat LS,Chevrolet,Delhi,2012,8,56000.0,Petrol,Manual,First,18.6,1199.0,79.4,5.0,2.21
Datsun redi-GO T Option,Datsun,Coimbatore,2017,3,27509.0,Petrol,Manual,First,22.7,799.0,53.64,5.0,3.31
Hyundai Xcent 1.2 Kappa S Option,Hyundai,Kochi,2016,4,36216.0,Petrol,Manual,First,19.1,1197.0,81.86,5.0,5.44
Mercedes-Benz E-Class 230 E AT,Mercedes-Benz,Kolkata,2009,11,28888.0,Petrol,Automatic,First,10.0,2496.0,157.7,5.0,7.56
Maruti Swift ZDi,Maruti,Jaipur,2011,9,120000.0,Diesel,Manual,Second,22.9,1248.0,74.0,5.0,3.2
Maruti Celerio ZXI,Maruti,Kochi,2018,2,31396.0,Petrol,Manual,First,23.1,998.0,67.04,5.0,5.53
Skoda Octavia Elegance 2.0 TDI AT,Skoda,Hyderabad,2015,5,79000.0,Diesel,Automatic,First,19.3,1968.0,141.0,5.0,17.0
Honda City 1.5 V AT,Honda,Delhi,2010,10,62000.0,Petrol,Automatic,First,16.8,1497.0,118.0,5.0,3.55
Honda Accord V6 AT,Honda,Chennai,2006,14,120000.0,Petrol,Automatic,Second,9.0,2997.0,218.0,5.0,2.65
Skoda Superb Style 1.8 TSI AT,Skoda,Mumbai,2016,4,53000.0,Petrol,Automatic,First,14.67,1798.0,177.46,5.0,17.85
Toyota Innova 2.5 G (Diesel) 8 Seater,Toyota,Coimbatore,2010,10,124313.0,Diesel,Manual,First,12.99,2494.0,100.6,8.0,7.96
Maruti Celerio VXI AT,Maruti,Pune,2015,5,26725.0,Petrol,Automatic,First,23.1,998.0,67.04,5.0,4.25
Maruti Ertiga VDI,Maruti,Kolkata,2014,6,45617.0,Diesel,Manual,First,20.77,1248.0,88.76,7.0,5.85
Mercedes-Benz A Class A180 CDI,Mercedes-Benz,Mumbai,2013,7,37000.0,Diesel,Automatic,First,20.0,2143.0,107.3,5.0,13.0
Mahindra Xylo E2,Mahindra,Kochi,2010,10,109147.0,Diesel,Manual,First,14.0,2498.0,112.0,8.0,2.65
Honda Amaze E i-Dtech,Honda,Ahmedabad,2014,6,59000.0,Diesel,Manual,First,25.8,1498.0,98.6,5.0,4.75
Renault KWID RXT,Renault,Pune,2015,5,28000.0,Petrol,Manual,First,25.17,799.0,53.3,5.0,2.65
Renault KWID RXT,Renault,Pune,2017,3,4700.0,Petrol,Manual,First,25.17,799.0,53.3,5.0,3.0
Audi Q7 3.0 TDI Quattro Premium Plus,Audi,Coimbatore,2014,6,72469.0,Diesel,Automatic,First,12.07,2967.0,241.4,7.0,32.52
Hyundai Verna 1.6 SX CRDI (O) AT,Hyundai,Pune,2014,6,57539.0,Diesel,Automatic,First,22.32,1582.0,126.32,5.0,7.75
Toyota Innova Crysta 2.8 ZX AT,Toyota,Delhi,2016,4,42000.0,Diesel,Automatic,First,11.36,2755.0,171.5,7.0,19.6
Hyundai i20 Sportz Option,Hyundai,Delhi,2010,10,62489.0,Petrol,Manual,First,17.0,1197.0,80.0,5.0,2.6
Volkswagen Polo Petrol Comfortline 1.2L,Volkswagen,Mumbai,2013,7,51167.0,Petrol,Manual,First,16.47,1198.0,73.9,5.0,3.76
Volkswagen Vento Diesel Trendline,Volkswagen,Chennai,2012,8,130000.0,Diesel,Manual,First,20.54,1598.0,103.6,5.0,4.75
Honda City ZX GXi,Honda,Mumbai,2007,13,63000.0,Petrol,Manual,Second,17.7,1497.0,78.0,5.0,1.75
Hyundai Verna Transform Xxi ABS,Hyundai,Bangalore,2011,9,60000.0,Petrol,Manual,First,16.2,1599.0,103.2,5.0,3.95
Hyundai Accent GLE,Hyundai,Pune,2005,15,123200.0,Petrol,Manual,Second,13.2,1495.0,94.0,5.0,1.0
Skoda Laura Ambiente 2.0 TDI CR AT,Skoda,Jaipur,2011,9,115692.0,Diesel,Automatic,First,20.0,1968.0,138.1,5.0,4.5
Mercedes-Benz E-Class 2009-2013 E 250 Elegance,Mercedes-Benz,Coimbatore,2011,9,87073.0,Petrol,Automatic,First,10.93,2497.0,204.0,5.0,17.23
Hyundai i20 Sportz 1.2,Hyundai,Kochi,2015,5,40901.0,Petrol,Manual,First,18.6,1197.0,81.83,5.0,5.76
Hyundai i10 Magna 1.2,Hyundai,Coimbatore,2013,7,36264.0,Petrol,Manual,First,20.36,1197.0,78.9,5.0,4.32
Hyundai i10 Magna 1.1L,Hyundai,Delhi,2009,11,60000.0,Petrol,Manual,Second,19.81,1086.0,68.05,5.0,1.9
Volkswagen Ameo 1.2 MPI Anniversary Edition,Volkswagen,Pune,2018,2,20000.0,Petrol,Manual,First,17.0,1198.0,74.0,5.0,5.5
Toyota Camry 2.5 G,Toyota,Mumbai,2014,6,68400.0,Petrol,Automatic,First,12.98,2494.0,178.4,5.0,13.5
Mahindra XUV500 W8 2WD,Mahindra,Bangalore,2013,7,71231.0,Diesel,Manual,Second,16.0,2179.0,140.0,7.0,9.75
Skoda Superb Elegance 2.0 TDI CR AT,Skoda,Hyderabad,2011,9,75000.0,Diesel,Automatic,First,17.2,1968.0,138.1,5.0,9.44
Maruti Wagon R VXI AMT,Maruti,Mumbai,2018,2,1997.0,Petrol,Automatic,First,22.5,998.0,67.0,5.0,4.45
Maruti Vitara Brezza ZDi Plus Dual Tone,Maruti,Pune,2016,4,47300.0,Diesel,Manual,First,24.3,1248.0,88.5,5.0,8.85
Hyundai Santro Xing GL,Hyundai,Delhi,2012,8,61449.0,Petrol,Manual,First,,1086.0,62.0,5.0,2.15
Volkswagen Vento Diesel Comfortline,Volkswagen,Kochi,2013,7,47910.0,Diesel,Manual,First,20.54,1598.0,103.6,5.0,4.89
Volkswagen Polo 1.5 TDI Highline,Volkswagen,Hyderabad,2015,5,62000.0,Diesel,Manual,First,20.14,1498.0,88.8,5.0,6.25
Maruti Swift ZDi,Maruti,Chennai,2012,8,65060.0,Diesel,Manual,First,22.9,1248.0,74.0,5.0,4.8
Hyundai i10 Era 1.1,Hyundai,Jaipur,2008,12,82203.0,Petrol,Manual,First,19.81,1086.0,68.05,5.0,1.8
Mahindra XUV500 W8 2WD,Mahindra,Kolkata,2013,7,44000.0,Diesel,Manual,First,16.0,2179.0,140.0,7.0,7.25
Maruti Ertiga VDI,Maruti,Coimbatore,2014,6,53817.0,Diesel,Manual,First,25.47,1248.0,88.5,7.0,7.56
Mahindra XUV500 W8 2WD,Mahindra,Kochi,2013,7,61591.0,Diesel,Manual,First,16.0,2179.0,140.0,7.0,6.82
Tata Manza Aura Quadrajet BS IV,Tata,Jaipur,2011,9,86500.0,Diesel,Manual,Second,21.12,1248.0,88.8,5.0,1.8
Mercedes-Benz E-Class 280 CDI,Mercedes-Benz,Pune,2009,11,100000.0,Diesel,Automatic,First,11.0,2987.0,198.5,5.0,11.5
Maruti SX4 Zxi with Leather BSIII,Maruti,Chennai,2010,10,87000.0,Petrol,Manual,First,15.6,1586.0,104.68,5.0,2.8
Maruti Wagon R AMT VXI,Maruti,Hyderabad,2016,4,35000.0,Petrol,Automatic,First,20.51,998.0,67.0,5.0,5.5
Datsun GO NXT,Datsun,Kolkata,2016,4,6000.0,Petrol,Manual,First,20.63,1198.0,67.06,5.0,2.7
Ford Figo Diesel ZXI,Ford,Jaipur,2014,6,59327.0,Diesel,Manual,First,20.0,1399.0,68.0,5.0,3.25
Skoda Superb Elegance 2.0 TDI CR AT,Skoda,Coimbatore,2014,6,81001.0,Diesel,Automatic,First,17.2,1968.0,138.1,5.0,10.9
Hyundai i20 1.2 Magna,Hyundai,Kochi,2014,6,44612.0,Petrol,Manual,First,18.5,1197.0,80.0,5.0,4.07
Toyota Innova Crysta 2.8 ZX AT,Toyota,Ahmedabad,2016,4,42388.0,Diesel,Automatic,First,11.36,2755.0,171.5,7.0,18.0
Honda Brio V MT,Honda,Mumbai,2012,8,54000.0,Petrol,Manual,First,19.4,1198.0,86.8,5.0,2.95
Skoda Superb Elegance 2.0 TDI CR AT,Skoda,Mumbai,2011,9,83010.0,Diesel,Automatic,First,17.2,1968.0,138.1,5.0,7.5
Mercedes-Benz E-Class 2015-2017 E250 CDI Avantgarde,Mercedes-Benz,Coimbatore,2016,4,65405.0,Diesel,Automatic,First,13.0,2143.0,204.0,5.0,32.73
Toyota Fortuner 4x2 AT TRD Sportivo,Toyota,Delhi,2015,5,36000.0,Diesel,Automatic,Second,12.55,2982.0,168.7,7.0,21.5
Maruti SX4 ZXI MT BSIV,Maruti,Pune,2008,12,85000.0,Petrol,Manual,First,16.51,1586.0,103.2,5.0,2.5
Honda Jazz 1.5 V i DTEC,Honda,Ahmedabad,2016,4,35000.0,Diesel,Manual,First,27.3,1498.0,98.6,5.0,5.5
Toyota Corolla Altis 2008-2013 1.8 VL AT,Toyota,Mumbai,2012,8,54000.0,Petrol,Automatic,First,14.53,1794.0,138.1,5.0,7.5
Honda City ZX VTEC,Honda,Mumbai,2007,13,70000.0,Petrol,Manual,First,16.9,1497.0,100.0,5.0,1.55
BMW X1 xDrive 20d M Sport,BMW,Kolkata,2017,3,27001.0,Diesel,Automatic,First,20.68,1995.0,190.0,5.0,29.0
Maruti Swift DDiS VDI,Maruti,Coimbatore,2019,1,41075.0,Diesel,Manual,First,28.4,1248.0,74.0,5.0,8.4
Mahindra KUV 100 mFALCON D75 K8,Mahindra,Hyderabad,2016,4,26000.0,Diesel,Manual,First,25.32,1198.0,77.0,6.0,6.5
Honda Jazz Mode,Honda,Mumbai,2010,10,55000.0,Petrol,Manual,First,16.0,1198.0,90.0,5.0,2.35
Maruti Swift ZXI,Maruti,Mumbai,2016,4,19000.0,Petrol,Manual,First,20.4,1197.0,81.8,5.0,5.55
Hyundai Grand i10 Asta Option AT,Hyundai,Mumbai,2016,4,15000.0,Petrol,Automatic,First,18.9,1197.0,82.0,5.0,5.35
Honda Amaze SX i-VTEC,Honda,Chennai,2016,4,37000.0,Petrol,Manual,First,17.8,1198.0,86.7,5.0,5.25
Hyundai Grand i10 1.2 Kappa Sportz,Hyundai,Coimbatore,2017,3,38712.0,Petrol,Manual,First,18.9,1197.0,81.86,5.0,5.87
Volkswagen Vento Diesel Comfortline,Volkswagen,Kochi,2014,6,52400.0,Diesel,Manual,First,20.54,1598.0,103.6,5.0,5.36
Maruti Ciaz 1.3 S,Maruti,Bangalore,2016,4,23988.0,Diesel,Manual,First,28.09,1248.0,88.5,5.0,7.75
Volkswagen Vento Petrol Highline AT,Volkswagen,Kochi,2014,6,32283.0,Petrol,Automatic,Second,14.4,1598.0,103.6,5.0,5.41
Hyundai i20 1.2 Magna,Hyundai,Bangalore,2010,10,52000.0,Petrol,Manual,First,18.5,1197.0,80.0,5.0,3.65
Honda Brio VX AT,Honda,Pune,2016,4,32000.0,Petrol,Automatic,First,16.5,1198.0,86.8,5.0,5.25
Honda City i VTEC VX,Honda,Kolkata,2014,6,39000.0,Petrol,Manual,First,17.4,1497.0,117.3,5.0,6.25
Tata Nano XT,Tata,Coimbatore,2017,3,14149.0,Petrol,Manual,First,23.9,624.0,37.48,4.0,3.47
Mercedes-Benz S Class 2005 2013 S 350 L,Mercedes-Benz,Mumbai,2006,14,103000.0,Petrol,Automatic,First,10.13,3498.0,364.9,5.0,8.85
Maruti Wagon R LXI BSIII,Maruti,Pune,2004,16,82000.0,Petrol,Manual,First,14.0,1061.0,64.0,5.0,0.85
Skoda Superb Elegance 1.8 TSI AT,Skoda,Mumbai,2015,5,34000.0,Petrol,Automatic,First,13.7,1798.0,157.75,5.0,13.65
Audi Q7 35 TDI Quattro Technology,Audi,Coimbatore,2016,4,45180.0,Diesel,Automatic,First,12.07,2967.0,241.4,7.0,50.22
Maruti Swift ZXI Plus,Maruti,Ahmedabad,2018,2,2000.0,Petrol,Manual,First,22.0,1197.0,81.8,5.0,7.75
Toyota Innova 2.5 G4 Diesel 7-seater,Toyota,Coimbatore,2011,9,82321.0,Diesel,Manual,First,12.8,2494.0,102.0,7.0,10.05
BMW 3 Series 320i Sedan,BMW,Kolkata,2011,9,7000.0,Petrol,Automatic,First,12.05,1995.0,154.0,5.0,9.75
Mercedes-Benz GLA Class 200 CDI SPORT,Mercedes-Benz,Delhi,2015,5,27000.0,Diesel,Automatic,First,17.9,2143.0,136.0,5.0,23.0
Toyota Innova Crysta 2.4 VX MT 8S,Toyota,Coimbatore,2019,1,31271.0,Diesel,Manual,First,13.68,2393.0,147.8,8.0,21.42
Maruti Esteem LX BSII,Maruti,Jaipur,2003,17,55000.0,Petrol,Manual,Third,15.9,1298.0,,5.0,0.7
Maruti Swift VDI BSIV,Maruti,Delhi,2014,6,24000.0,Diesel,Manual,First,25.2,1248.0,74.0,5.0,5.21
Toyota Innova 2.5 GX (Diesel) 7 Seater,Toyota,Hyderabad,2009,11,147000.0,Diesel,Manual,First,12.99,2494.0,100.6,7.0,7.5
Toyota Etios Liva GD,Toyota,Delhi,2012,8,72351.0,Diesel,Manual,First,23.59,1364.0,,5.0,2.65
Chevrolet Beat LT,Chevrolet,Chennai,2010,10,115000.0,Petrol,Manual,First,18.6,1199.0,79.4,5.0,1.75
Ford Ikon 1.4 TDCi DuraTorq,Ford,Jaipur,2010,10,82000.0,Diesel,Manual,Second,13.8,1399.0,68.0,5.0,1.0
Mercedes-Benz New C-Class C 220 CDI Avantgarde,Mercedes-Benz,Delhi,2016,4,20000.0,Diesel,Automatic,First,19.27,2143.0,170.0,5.0,33.0
Toyota Etios G,Toyota,Kolkata,2011,9,45560.0,Petrol,Manual,First,17.6,1496.0,88.73,5.0,2.2
Toyota Innova 2.5 GX (Diesel) 7 Seater BS IV,Toyota,Kochi,2017,3,57539.0,Diesel,Manual,First,12.8,2494.0,102.0,7.0,12.83
BMW 6 Series Gran Coupe,BMW,Kochi,2018,2,20004.0,Diesel,Automatic,First,17.54,2993.0,313.0,4.0,68.94
Skoda Rapid 1.5 TDI Ambition,Skoda,Mumbai,2012,8,54500.0,Diesel,Manual,First,21.13,1498.0,108.4,5.0,4.1
Hyundai EON Magna,Hyundai,Jaipur,2016,4,27886.0,Petrol,Manual,First,22.0,814.0,55.0,5.0,2.85
Honda CR-V 2.4L 4WD AT,Honda,Mumbai,2007,13,66000.0,Petrol,Automatic,First,11.1,2354.0,158.8,5.0,3.7
Skoda Laura Elegance 2.0 TDI CR AT,Skoda,Coimbatore,2013,7,72202.0,Diesel,Automatic,First,20.0,1968.0,138.1,5.0,9.06
Skoda Laura RS,Skoda,Delhi,2011,9,70000.0,Petrol,Manual,Second,13.4,1798.0,157.8,5.0,4.75
Honda City i DTec S,Honda,Jaipur,2015,5,78233.0,Diesel,Manual,First,26.0,1498.0,98.6,5.0,6.6
Tata New Safari 4X4 EX,Tata,Chennai,2007,13,120203.0,Diesel,Manual,Second,13.93,2179.0,138.0,7.0,3.5
Maruti Zen Estilo LXI BS IV,Maruti,Pune,2011,9,20575.0,Petrol,Manual,First,19.0,998.0,67.1,5.0,2.0
Honda Amaze S i-VTEC,Honda,Mumbai,2013,7,39879.0,Petrol,Manual,First,17.8,1198.0,86.7,5.0,3.89
Renault KWID 1.0 RXL,Renault,Jaipur,2017,3,31056.0,Petrol,Manual,First,23.01,999.0,67.0,5.0,3.6
Maruti Ciaz AT ZXi,Maruti,Mumbai,2015,5,50940.0,Petrol,Automatic,First,19.12,1373.0,91.1,5.0,6.95
Hyundai i20 Asta Option 1.4 CRDi,Hyundai,Coimbatore,2016,4,99362.0,Diesel,Manual,First,22.54,1396.0,88.73,5.0,7.03
Toyota Innova Crysta 2.4 ZX MT,Toyota,Ahmedabad,2016,4,54000.0,Diesel,Manual,First,13.68,2393.0,147.8,7.0,16.5
Maruti Ciaz ZDi Plus SHVS,Maruti,Coimbatore,2016,4,54268.0,Diesel,Manual,First,28.09,1248.0,88.5,5.0,7.67
Jaguar XF Diesel,Jaguar,Coimbatore,2012,8,94521.0,Diesel,Automatic,First,14.74,2993.0,270.9,5.0,23.19
Hyundai Xcent 1.2 Kappa S,Hyundai,Kochi,2017,3,38932.0,Petrol,Manual,First,19.1,1197.0,82.0,5.0,6.21
Porsche Cayenne Diesel,Porsche,Coimbatore,2015,5,60395.0,Diesel,Automatic,First,16.12,2967.0,245.0,5.0,45.82
Hyundai Xcent 1.1 CRDi S,Hyundai,Mumbai,2016,4,29000.0,Diesel,Manual,First,24.4,1120.0,71.0,5.0,5.95
Audi A4 2.0 TDI Multitronic,Audi,Delhi,2011,9,58000.0,Diesel,Automatic,First,16.55,1968.0,140.0,5.0,11.0
Maruti Ciaz RS ZXi Plus,Maruti,Coimbatore,2016,4,60913.0,Petrol,Manual,First,20.73,1373.0,91.1,5.0,7.19
Toyota Innova 2.5 G4 Diesel 8-seater,Toyota,Delhi,2011,9,65000.0,Diesel,Manual,First,12.8,2494.0,102.0,8.0,6.4
Mercedes-Benz New C-Class 220 CDI MT,Mercedes-Benz,Chennai,2015,5,26000.0,Diesel,Manual,First,15.8,2148.0,170.0,5.0,26.0
Hyundai i10 Sportz,Hyundai,Hyderabad,2016,4,19947.0,Petrol,Manual,First,20.36,1197.0,78.9,5.0,4.5
Hyundai i10 Sportz 1.2 AT,Hyundai,Chennai,2011,9,70816.0,Petrol,Automatic,First,16.95,1197.0,78.9,5.0,3.1
Maruti Baleno Zeta 1.3,Maruti,Delhi,2015,5,54000.0,Diesel,Manual,First,27.39,1248.0,74.0,5.0,5.95
Maruti Zen Estilo 1.1 VXI BSIII,Maruti,Delhi,2008,12,138000.0,Petrol,Manual,First,18.2,1061.0,64.0,5.0,1.2
BMW 7 Series 730Ld,BMW,Chennai,2014,6,35000.0,Diesel,Automatic,First,16.46,2993.0,258.0,5.0,52.0
Audi Q7 4.2 TDI Quattro Technology,Audi,Bangalore,2015,5,50000.0,Diesel,Automatic,First,11.33,4134.0,335.2,7.0,48.0
BMW X5 xDrive 30d,BMW,Hyderabad,2011,9,124652.0,Diesel,Automatic,First,11.7,2993.0,245.0,5.0,21.99
Maruti Ritz LXI,Maruti,Hyderabad,2013,7,80264.0,Petrol,Manual,First,21.1,1197.0,85.8,5.0,4.3
Nissan Sunny 2011-2014 Diesel XL,Nissan,Pune,2013,7,125600.0,Diesel,Manual,First,21.64,1461.0,84.8,5.0,3.75
Toyota Corolla Altis 1.8 Limited Edition,Toyota,Mumbai,2015,5,49000.0,Petrol,Manual,First,14.28,1798.0,138.03,5.0,8.95
Toyota Etios VXD,Toyota,Pune,2012,8,111000.0,Diesel,Manual,First,23.59,1364.0,67.1,5.0,4.75
Toyota Corolla Altis GL MT,Toyota,Coimbatore,2016,4,33690.0,Petrol,Manual,First,14.28,1798.0,138.03,5.0,14.6
Audi A6 2011-2015 2.0 TDI Premium Plus,Audi,Mumbai,2012,8,50000.0,Diesel,Automatic,First,17.68,1968.0,174.33,5.0,17.5
Maruti Ertiga ZDI,Maruti,Kolkata,2012,8,38092.0,Diesel,Manual,First,20.77,1248.0,88.8,7.0,5.2
Hyundai Grand i10 Sportz,Hyundai,Coimbatore,2017,3,47774.0,Petrol,Manual,First,18.9,1197.0,82.0,5.0,6.04
Tata Indigo CS LX (TDI) BS III,Tata,Chennai,2009,11,167000.0,Diesel,Manual,Second,19.09,1396.0,69.0,5.0,2.7
Maruti Swift Dzire AMT ZDI,Maruti,Chennai,2019,1,65000.0,Diesel,Automatic,First,26.59,1248.0,74.0,5.0,6.75
Volkswagen Polo Petrol Highline 1.6L,Volkswagen,Kolkata,2011,9,46000.0,Petrol,Manual,First,15.26,1598.0,103.5,5.0,2.35
Tata Tiago 1.2 Revotron XZ WO Alloy,Tata,Hyderabad,2017,3,16500.0,Petrol,Manual,First,23.84,1199.0,84.0,5.0,5.0
Honda City i VTEC VX,Honda,Kolkata,2016,4,39000.0,Petrol,Manual,First,17.8,1497.0,117.3,5.0,6.95
Honda Amaze V Petrol,Honda,Jaipur,2018,2,6000.0,Petrol,Manual,First,19.5,1199.0,86.76,5.0,6.7
Audi A4 35 TDI Premium,Audi,Hyderabad,2015,5,60000.0,Diesel,Automatic,First,17.11,1968.0,174.33,5.0,25.0
Volkswagen Vento Petrol Highline AT,Volkswagen,Chennai,2011,9,97320.0,Petrol,Automatic,First,14.4,1598.0,103.6,5.0,3.75
Volkswagen Vento Diesel Trendline,Volkswagen,Chennai,2011,9,99807.0,Diesel,Manual,First,20.54,1598.0,103.6,5.0,3.75
Honda City 1.5 S MT,Honda,Pune,2013,7,46000.0,Petrol,Manual,First,17.0,1497.0,118.0,5.0,5.1
Maruti Wagon R LXI,Maruti,Mumbai,2010,10,12000.0,Petrol,Manual,First,22.5,998.0,67.04,5.0,2.45
Skoda Superb 2.8 V6 AT,Skoda,Kolkata,2005,15,13002.0,Petrol,Automatic,First,9.3,2771.0,193.1,5.0,3.25
Honda City i DTEC SV,Honda,Kolkata,2014,6,26000.0,Diesel,Manual,First,26.0,1498.0,98.6,5.0,5.5
Maruti Wagon R LXI CNG,Maruti,Kochi,2014,6,68365.0,CNG,Manual,First,26.6,998.0,58.16,5.0,3.77
Mercedes-Benz M-Class ML 350 4Matic,Mercedes-Benz,Coimbatore,2016,4,27833.0,Diesel,Automatic,First,,2987.0,165.0,5.0,49.24
Maruti Alto 800 LXI,Maruti,Kochi,2016,4,51639.0,Petrol,Manual,First,22.74,796.0,47.3,5.0,3.04
Hyundai i20 Magna 1.2,Hyundai,Delhi,2015,5,21000.0,Petrol,Manual,First,18.6,1197.0,81.83,5.0,4.9
Ford Ecosport 1.5 DV5 MT Trend,Ford,Bangalore,2013,7,90000.0,Diesel,Manual,First,22.7,1498.0,89.84,5.0,6.25
BMW 3 Series GT 320d Luxury Line,BMW,Hyderabad,2015,5,36255.0,Diesel,Automatic,First,19.59,1995.0,184.0,5.0,33.0
BMW X5 xDrive 30d,BMW,Chennai,2011,9,58000.0,Diesel,Automatic,Second,11.7,2993.0,245.0,5.0,27.0
Honda Amaze S i-Vtech,Honda,Coimbatore,2014,6,48997.0,Petrol,Manual,Second,18.0,1198.0,86.7,5.0,5.21
Ford EcoSport 1.5 Ti VCT MT Titanium,Ford,Mumbai,2014,6,31130.0,Petrol,Manual,First,15.85,1499.0,110.4,5.0,5.75
Jaguar XF 3.0 Litre S Premium Luxury,Jaguar,Coimbatore,2012,8,75668.0,Diesel,Automatic,First,14.74,2993.0,270.9,5.0,16.58
Toyota Corolla 1.8 J,Toyota,Delhi,2015,5,12000.0,Petrol,Manual,First,14.53,1798.0,138.0,5.0,11.0
Hyundai i10 Sportz,Hyundai,Pune,2014,6,90000.0,Petrol,Manual,Second,20.36,1197.0,78.9,5.0,2.8
Mercedes-Benz New C-Class C220 CDI Executive Edition,Mercedes-Benz,Kochi,2019,1,17320.0,Diesel,Automatic,First,15.8,2148.0,170.0,5.0,37.99
Skoda Laura Ambiente 2.0 TDI CR MT,Skoda,Delhi,2011,9,85000.0,Diesel,Manual,Second,20.0,1968.0,108.5,5.0,3.65
Ford Endeavour 4x2 XLT,Ford,Hyderabad,2007,13,130000.0,Diesel,Manual,First,13.1,2499.0,141.0,7.0,6.0
Ford Figo Petrol EXI,Ford,Coimbatore,2013,7,60328.0,Petrol,Manual,First,15.6,1196.0,70.0,5.0,4.54
Honda Amaze S i-Vtech,Honda,Kochi,2015,5,34327.0,Petrol,Manual,First,18.0,1198.0,86.7,5.0,5.4
Tata Indica Vista TDI LS,Tata,Mumbai,2014,6,75000.0,Diesel,Manual,First,19.1,1405.0,70.0,5.0,3.3
Volvo XC60 D4 Summum,Volvo,Hyderabad,2012,8,86000.0,Diesel,Automatic,Second,14.7,1985.0,163.0,5.0,18.25
Datsun Redi GO Sport,Datsun,Bangalore,2017,3,12000.0,Petrol,Manual,First,22.7,799.0,53.0,5.0,3.1
Hyundai EON Era Plus,Hyundai,Kochi,2013,7,57759.0,Petrol,Manual,First,21.1,814.0,55.2,5.0,3.84
Maruti Alto 800 VXI,Maruti,Kolkata,2016,4,24300.0,Petrol,Manual,First,22.74,796.0,47.3,5.0,2.44
Volkswagen Polo Petrol Trendline 1.2L,Volkswagen,Bangalore,2011,9,66000.0,Petrol,Manual,Second,16.47,1198.0,73.9,5.0,3.6
Hyundai i10 Asta,Hyundai,Mumbai,2015,5,75915.0,Petrol,Manual,First,20.36,1197.0,78.9,5.0,3.9
Nissan Sunny 2011-2014 XL,Nissan,Chennai,2013,7,107000.0,Petrol,Manual,Second,16.95,1498.0,97.7,5.0,2.9
Toyota Corolla Altis G,Toyota,Chennai,2008,12,86000.0,Petrol,Manual,Second,14.53,1798.0,138.1,5.0,3.5
Hyundai Verna CRDi ABS,Hyundai,Chennai,2009,11,160000.0,Diesel,Manual,Second,18.1,1493.0,110.0,5.0,3.5
Maruti Alto 800 2016-2019 LXI Optional,Maruti,Jaipur,2019,1,3000.0,Petrol,Manual,First,24.7,796.0,47.3,5.0,3.5
Hyundai i20 Sportz 1.4 CRDi,Hyundai,Hyderabad,2015,5,72495.0,Diesel,Manual,First,21.9,1396.0,88.76,5.0,7.0
Hyundai Verna 1.6 CRDi AT S,Hyundai,Chennai,2016,4,33000.0,Diesel,Automatic,First,19.08,1582.0,126.2,5.0,8.7
Audi Q7 3.0 TDI Quattro Technology,Audi,Hyderabad,2014,6,60000.0,Diesel,Automatic,First,12.07,2967.0,241.4,7.0,45.0
Tata Indica V2 eLS,Tata,Hyderabad,2016,4,80103.0,Diesel,Manual,First,25.0,1396.0,69.0,5.0,1.8
Chevrolet Spark 1.0 LS,Chevrolet,Kolkata,2007,13,42100.0,Petrol,Manual,First,18.0,995.0,62.0,5.0,0.99
Hyundai Grand i10 1.2 Kappa Magna,Hyundai,Kolkata,2018,2,4500.0,Petrol,Manual,First,18.9,1197.0,81.86,5.0,4.8
Toyota Fortuner 4x4 MT TRD Sportivo,Toyota,Mumbai,2014,6,97000.0,Diesel,Manual,First,12.55,2982.0,169.0,7.0,17.95
Mahindra E Verito D4,Mahindra,Chennai,2016,4,50000.0,Electric,Automatic,First,,,41.0,5.0,13.0
Hyundai Grand i10 1.2 Kappa Asta,Hyundai,Kochi,2017,3,51223.0,Petrol,Manual,First,18.9,1197.0,81.86,5.0,5.66
Honda City 1.5 S MT,Honda,Delhi,2009,11,64000.0,Petrol,Manual,First,17.0,1497.0,118.0,5.0,3.1
Hyundai Elite i20 Petrol Asta,Hyundai,Kochi,2016,4,56911.0,Petrol,Manual,First,18.6,1197.0,81.86,5.0,6.54
Toyota Innova 2.5 G4 Diesel 8-seater,Toyota,Hyderabad,2015,5,147848.0,Diesel,Manual,First,12.8,2494.0,102.0,8.0,13.2
Ford Mustang V8,Ford,Kochi,2018,2,21290.0,Petrol,Automatic,First,13.0,4951.0,395.0,4.0,56.8
Toyota Innova Crysta 2.8 GX AT,Toyota,Kochi,2019,1,14076.0,Diesel,Automatic,First,11.36,2755.0,171.5,7.0,19.4
Maruti Zen Estilo 1.1 VXI BSIII,Maruti,Ahmedabad,2007,13,75180.0,Petrol,Manual,First,18.2,1061.0,64.0,5.0,1.65
Maruti Swift ZDi,Maruti,Jaipur,2013,7,92000.0,Diesel,Manual,Second,22.9,1248.0,74.0,5.0,4.35
Fiat Avventura MULTIJET Emotion,Fiat,Hyderabad,2015,5,57266.0,Diesel,Manual,First,20.5,1248.0,91.72,5.0,6.5
Maruti Zen Estilo VXI BSIII,Maruti,Delhi,2007,13,64000.0,Petrol,Manual,First,18.2,998.0,67.1,5.0,1.11
Renault Duster 85PS Diesel RxL,Renault,Mumbai,2013,7,41000.0,Diesel,Manual,First,19.87,1461.0,83.8,5.0,5.5
Mitsubishi Pajero 2.8 SFX,Mitsubishi,Delhi,2012,8,45999.0,Diesel,Manual,First,10.5,2835.0,107.2,6.0,11.0
Maruti Celerio VXI AT,Maruti,Pune,2015,5,50000.0,Petrol,Automatic,First,23.1,998.0,67.04,5.0,3.9
Tata Indica V2 DLS BSIII,Tata,Pune,2013,7,70000.0,Diesel,Manual,First,17.88,1405.0,48.21,5.0,1.8
Hyundai Elite i20 Petrol Asta,Hyundai,Kochi,2016,4,37540.0,Petrol,Manual,First,18.6,1197.0,81.86,5.0,6.22
Maruti Celerio VXI AT,Maruti,Hyderabad,2014,6,44000.0,Petrol,Automatic,First,23.1,998.0,67.04,5.0,4.3
Hyundai Grand i10 1.2 Kappa Asta,Hyundai,Hyderabad,2017,3,22500.0,Petrol,Manual,First,18.9,1197.0,81.86,5.0,5.99
Hyundai i20 1.2 Magna Executive,Hyundai,Delhi,2017,3,17431.0,Petrol,Manual,First,18.6,1197.0,81.83,5.0,6.0
Hyundai Verna 1.6 SX VTVT (O),Hyundai,Delhi,2014,6,61566.0,Petrol,Manual,First,17.1,1591.0,121.3,5.0,5.85
Land Rover Freelander 2 SE,Land,Kochi,2014,6,61730.0,Diesel,Automatic,First,12.39,2179.0,147.51,5.0,19.94
Maruti Swift VXI BSIII,Maruti,Chennai,2009,11,68000.0,Petrol,Manual,First,16.1,1298.0,88.2,5.0,2.9
Honda Amaze SX i-VTEC,Honda,Mumbai,2014,6,29000.0,Petrol,Manual,First,18.0,1198.0,86.7,5.0,4.25
Toyota Corolla Altis Diesel D4DG,Toyota,Hyderabad,2010,10,156210.0,Diesel,Manual,First,21.43,1364.0,87.2,5.0,5.99
Honda Amaze S Diesel,Honda,Kolkata,2013,7,46500.0,Diesel,Manual,First,27.4,1498.0,98.6,5.0,3.3
Audi A6 3.0 TDI quattro,Audi,Coimbatore,2009,11,52830.0,Diesel,Automatic,Second,16.77,2967.0,241.38,5.0,8.08
Maruti Wagon R VXI,Maruti,Jaipur,2017,3,39867.0,Petrol,Manual,First,22.5,998.0,67.04,5.0,4.5
Honda Mobilio E i DTEC,Honda,Hyderabad,2014,6,58972.0,Diesel,Manual,First,24.2,1498.0,98.6,7.0,6.5
Honda CR-V 2.4 4WD AT,Honda,Bangalore,2006,14,66000.0,Petrol,Automatic,Second,10.1,2354.0,152.0,5.0,3.9
Hyundai Verna 1.6 SX VTVT (O),Hyundai,Delhi,2013,7,52000.0,Petrol,Manual,First,17.1,1591.0,121.3,5.0,5.25
Hyundai Santa Fe 4x4 AT,Hyundai,Bangalore,2014,6,58000.0,Diesel,Automatic,First,11.72,2199.0,194.3,7.0,17.0
Hyundai i10 Sportz AT,Hyundai,Ahmedabad,2012,8,58000.0,Petrol,Automatic,First,16.95,1197.0,78.9,5.0,3.5
Ford Fusion Plus 1.4 TDCi Diesel,Ford,Hyderabad,2008,12,75000.0,Diesel,Manual,Second,17.7,1399.0,68.0,5.0,3.0
Hyundai i10 Sportz,Hyundai,Coimbatore,2015,5,41008.0,Petrol,Manual,Second,20.36,1197.0,78.9,5.0,4.87
Hyundai Xcent 1.1 CRDi SX Option,Hyundai,Jaipur,2014,6,65000.0,Diesel,Manual,First,24.4,1120.0,71.0,5.0,6.0
Skoda Superb Style 2.0 TDI AT,Skoda,Mumbai,2015,5,19000.0,Diesel,Automatic,First,18.19,1968.0,174.5,5.0,15.5
Ford Fiesta 1.4 Duratec EXI,Ford,Pune,2008,12,74000.0,Petrol,Manual,Second,16.6,1388.0,68.0,5.0,1.6
Maruti Baleno Zeta Automatic,Maruti,Pune,2017,3,33000.0,Petrol,Automatic,First,21.4,1197.0,83.1,5.0,7.25
Skoda Laura 1.9 TDI MT Ambiente,Skoda,Mumbai,2010,10,95000.0,Diesel,Manual,Second,17.0,1896.0,105.0,5.0,3.25
Volkswagen Vento 1.5 TDI Comfortline,Volkswagen,Kolkata,2012,8,34000.0,Diesel,Manual,First,20.64,1498.0,108.5,5.0,3.4
Audi Q7 3.0 TDI Quattro Technology,Audi,Coimbatore,2014,6,102865.0,Diesel,Automatic,First,12.07,2967.0,241.4,7.0,30.5
Hyundai Verna VTVT 1.6 SX Option,Hyundai,Kochi,2016,4,52378.0,Petrol,Manual,First,17.0,1591.0,121.3,5.0,7.97
Mercedes-Benz New C-Class 220 CDI AT,Mercedes-Benz,Delhi,2012,8,38000.0,Diesel,Automatic,First,14.84,2143.0,170.0,5.0,13.51
Honda Amaze S i-Dtech,Honda,Kochi,2015,5,60334.0,Diesel,Manual,First,25.8,1498.0,98.6,5.0,5.43
Ford Fiesta 1.4 Duratec EXI Limited Edition,Ford,Chennai,2010,10,107000.0,Petrol,Manual,First,16.6,1388.0,68.0,5.0,2.6
Hyundai i20 Magna Optional 1.2,Hyundai,Bangalore,2013,7,445000.0,Petrol,Manual,First,18.5,1197.0,82.9,5.0,4.45
Maruti Alto 800 LXI,Maruti,Kolkata,2017,3,2196.0,Petrol,Manual,First,22.74,796.0,47.3,5.0,2.75
BMW 5 Series 530i Sedan,BMW,Kolkata,2010,10,24000.0,Petrol,Automatic,First,10.6,2996.0,258.0,5.0,8.75
Fiat Grande Punto 1.4 Emotion,Fiat,Coimbatore,2015,5,44846.0,Petrol,Manual,Second,14.6,1368.0,88.7,5.0,5.41
Maruti Dzire AMT ZDI Plus,Maruti,Kochi,2018,2,64035.0,Diesel,Automatic,First,28.4,1248.0,73.75,5.0,8.55
Mahindra XUV500 W6 2WD,Mahindra,Mumbai,2014,6,45600.0,Diesel,Manual,First,15.1,2179.0,140.0,7.0,8.25
Volvo XC90 2007-2015 D5 AT AWD,Volvo,Kochi,2014,6,102001.0,Diesel,Automatic,First,11.1,2400.0,200.0,7.0,23.58
Hyundai i10 Sportz 1.2,Hyundai,Coimbatore,2014,6,47439.0,Petrol,Manual,First,20.36,1197.0,78.9,5.0,4.49
Toyota Fortuner 3.0 Diesel,Toyota,Hyderabad,2010,10,193254.0,Diesel,Manual,First,11.5,2982.0,171.0,7.0,12.99
Tata Nano XTA,Tata,Bangalore,2016,4,29000.0,Petrol,Automatic,First,21.9,624.0,37.48,4.0,2.8
Renault Lodgy 110PS RxZ 8 Seater,Renault,Coimbatore,2016,4,51681.0,Diesel,Manual,First,19.98,1461.0,108.5,8.0,8.43
Audi Q7 3.0 TDI Quattro Premium Plus,Audi,Hyderabad,2015,5,50000.0,Diesel,Automatic,First,12.07,2967.0,241.4,7.0,47.5
Honda City i VTEC CVT VX,Honda,Mumbai,2016,4,42666.0,Petrol,Automatic,First,18.0,1497.0,117.3,5.0,8.95
Renault Duster 110PS Diesel RxL,Renault,Jaipur,2013,7,65000.0,Diesel,Manual,Second,19.01,1461.0,108.45,5.0,5.5
Honda Amaze S i-VTEC,Honda,Jaipur,2014,6,18776.0,Petrol,Manual,First,17.8,1198.0,86.7,5.0,4.75
Honda Amaze S i-Vtech,Honda,Jaipur,2016,4,6714.0,Petrol,Manual,First,18.0,1198.0,86.7,5.0,4.75
BMW 3 Series 320i,BMW,Pune,2009,11,40000.0,Petrol,Automatic,Second,12.05,1995.0,154.0,5.0,9.5
Maruti Ritz LDi,Maruti,Coimbatore,2011,9,88539.0,Diesel,Manual,First,23.2,1248.0,73.94,5.0,3.77
Honda City 1.5 S MT,Honda,Delhi,2012,8,65055.0,Petrol,Manual,Second,17.0,1497.0,118.0,5.0,4.25
BMW 3 Series 320d Sport Line,BMW,Mumbai,2014,6,23000.0,Diesel,Automatic,First,18.88,1995.0,184.0,5.0,19.9
Volkswagen Jetta 2007-2011 1.9 TDI Trendline,Volkswagen,Chennai,2009,11,60000.0,Diesel,Manual,First,15.0,1896.0,105.0,5.0,4.0
Maruti Swift Dzire LXI,Maruti,Kochi,2013,7,59350.0,Petrol,Manual,First,19.1,1197.0,85.8,5.0,4.16
Jaguar XF 2.2 Litre Executive,Jaguar,Bangalore,2015,5,19000.0,Diesel,Automatic,Second,16.36,2179.0,187.7,5.0,38.0
Hyundai Xcent 1.2 Kappa AT SX Option,Hyundai,Kochi,2016,4,45560.0,Petrol,Automatic,First,16.9,1197.0,82.0,5.0,6.34
Toyota Innova 2.5 G (Diesel) 7 Seater BS IV,Toyota,Pune,2009,11,118000.0,Diesel,Manual,First,12.8,2494.0,102.0,8.0,4.5
Maruti Eeco 7 Seater Standard,Maruti,Chennai,2016,4,55000.0,Petrol,Manual,First,15.1,1196.0,73.0,7.0,3.75
Audi A4 New 2.0 TDI Multitronic,Audi,Delhi,2012,8,60000.0,Diesel,Automatic,Second,15.2,1968.0,140.8,5.0,10.2
Toyota Innova 2.5 G (Diesel) 7 Seater BS IV,Toyota,Chennai,2007,13,145000.0,Diesel,Manual,First,12.8,2494.0,102.0,8.0,5.0
Maruti Grand Vitara MT,Maruti,Mumbai,2008,12,46810.0,Petrol,Manual,First,9.8,1995.0,163.5,5.0,3.95
Volkswagen Vento 1.5 TDI Highline,Volkswagen,Coimbatore,2016,4,62767.0,Diesel,Manual,First,20.34,1498.0,103.2,5.0,9.75
Hyundai Elite i20 Petrol Asta,Hyundai,Kochi,2018,2,18553.0,Petrol,Manual,First,18.6,1197.0,81.86,5.0,7.93
Ford Fiesta Classic 1.4 Duratorq CLXI,Ford,Hyderabad,2011,9,143143.0,Diesel,Manual,First,17.8,1399.0,67.0,5.0,2.1
Mitsubishi Pajero Sport 4X4,Mitsubishi,Coimbatore,2015,5,53497.0,Diesel,Manual,First,13.5,2477.0,175.56,7.0,16.42
Hyundai Santa Fe 4X4,Hyundai,Bangalore,2011,9,148000.0,Diesel,Manual,Second,14.66,2199.0,194.3,7.0,8.9
Mahindra XUV500 W8 2WD,Mahindra,Pune,2012,8,95000.0,Diesel,Manual,First,15.1,2179.0,140.0,7.0,7.21
Toyota Innova 2.5 V Diesel 8-seater,Toyota,Chennai,2015,5,100000.0,Diesel,Manual,First,12.8,2494.0,102.0,8.0,13.5
Mercedes-Benz GLE 350d,Mercedes-Benz,Chennai,2016,4,29000.0,Diesel,Automatic,First,11.57,2987.0,254.79,5.0,65.0
Mahindra Scorpio 2009-2014 SLE 7S BSIV,Mahindra,Bangalore,2014,6,87000.0,Diesel,Manual,First,12.05,2179.0,120.0,7.0,7.4
Honda City 1.5 S AT,Honda,Kochi,2014,6,56838.0,Petrol,Automatic,First,16.8,1497.0,118.0,5.0,5.15
Mercedes-Benz GL-Class 2007 2012 350 CDI Luxury,Mercedes-Benz,Pune,2013,7,100000.0,Diesel,Automatic,First,12.0,2987.0,224.0,7.0,32.0
Honda City 1.5 S MT,Honda,Kolkata,2011,9,125000.0,Petrol,Manual,First,17.0,1497.0,118.0,5.0,3.25
Maruti Wagon R VXI AMT,Maruti,Kolkata,2017,3,17000.0,Petrol,Automatic,First,22.5,998.0,67.0,5.0,3.95
Tata Indigo eCS GLE BSIII,Tata,Pune,2013,7,70000.0,Petrol,Manual,Second,15.4,1193.0,65.0,5.0,1.5
Hyundai i20 2015-2017 1.2 Asta with AVN,Hyundai,Pune,2010,10,50000.0,Petrol,Manual,Second,17.0,1197.0,80.0,5.0,3.0
Honda Jazz Active,Honda,Kolkata,2010,10,39800.0,Petrol,Manual,First,16.0,1198.0,90.0,5.0,1.99
Maruti A-Star Lxi,Maruti,Kolkata,2010,10,60000.0,Petrol,Manual,First,19.0,998.0,66.1,5.0,1.35
BMW 3 Series 320d Highline,BMW,Hyderabad,2009,11,58000.0,Diesel,Automatic,First,16.07,1995.0,181.0,5.0,13.5
Skoda Yeti Elegance,Skoda,Hyderabad,2010,10,110009.0,Diesel,Manual,First,17.67,1968.0,138.08,5.0,6.99
Nissan Terrano XV Premium 110 PS,Nissan,Hyderabad,2013,7,85000.0,Diesel,Manual,First,19.01,1461.0,108.5,5.0,8.5
Volkswagen Polo Diesel Comfortline 1.2L,Volkswagen,Pune,2010,10,84000.0,Diesel,Manual,Second,22.07,1199.0,73.9,5.0,2.89
BMW 3 Series 320d,BMW,Mumbai,2011,9,51000.0,Diesel,Automatic,First,22.69,1995.0,190.0,5.0,10.5
Nissan Sunny 2011-2014 XL,Nissan,Kochi,2013,7,68880.0,Petrol,Manual,First,16.95,1498.0,97.7,5.0,3.97
Maruti Alto K10 VXI AGS,Maruti,Chennai,2017,3,5500.0,Petrol,Automatic,First,24.07,998.0,67.1,5.0,4.25
Maruti Ritz ZXI,Maruti,Coimbatore,2016,4,40052.0,Petrol,Manual,First,21.1,1197.0,85.8,5.0,6.17
Audi Q5 30 TDI quattro Premium Plus,Audi,Coimbatore,2016,4,47293.0,Diesel,Automatic,First,14.16,1968.0,174.3,5.0,38.72
Hyundai Verna CRDi SX,Hyundai,Hyderabad,2013,7,79663.0,Diesel,Manual,First,16.8,1493.0,110.0,5.0,6.5
Honda Amaze S i-Dtech,Honda,Jaipur,2013,7,63000.0,Diesel,Manual,Second,25.8,1498.0,98.6,5.0,4.25
Honda City i DTEC SV,Honda,Kolkata,2014,6,45000.0,Diesel,Manual,First,26.0,1498.0,98.6,5.0,4.75
Toyota Fortuner TRD Sportivo 2.8 2WD AT,Toyota,Kochi,2014,6,56501.0,Diesel,Automatic,First,12.9,2755.0,174.5,7.0,17.71
Volkswagen Vento 1.5 TDI Highline,Volkswagen,Jaipur,2015,5,58000.0,Diesel,Manual,First,20.34,1498.0,103.2,5.0,5.85
BMW 5 Series 520d Luxury Line,BMW,Coimbatore,2011,9,51602.0,Diesel,Automatic,First,22.48,1995.0,190.0,5.0,17.27
BMW 3 Series 320d Sedan,BMW,Hyderabad,2007,13,74199.0,Diesel,Automatic,First,16.07,1995.0,181.0,5.0,9.25
Hyundai Creta 1.6 SX Plus Petrol Automatic,Hyundai,Ahmedabad,2017,3,25000.0,Petrol,Automatic,First,13.0,1591.0,121.3,5.0,12.75
BMW 3 Series Luxury Line,BMW,Pune,2016,4,70000.0,Diesel,Automatic,Second,21.76,1995.0,190.0,5.0,27.0
Mercedes-Benz New C-Class C 220 CDI BE Avantgare,Mercedes-Benz,Bangalore,2013,7,25000.0,Diesel,Automatic,Second,14.84,2143.0,167.62,5.0,21.0
Maruti Swift Dzire VDI,Maruti,Hyderabad,2017,3,22000.0,Diesel,Manual,First,26.59,1248.0,74.0,5.0,7.95
Maruti Celerio ZXI,Maruti,Hyderabad,2015,5,47020.0,Petrol,Manual,Second,23.1,998.0,67.04,5.0,4.5
BMW 3 Series 320d GT Luxury Line,BMW,Mumbai,2017,3,8000.0,Diesel,Automatic,First,19.59,1995.0,187.74,5.0,33.75
Audi Q7 4.2 TDI Quattro Technology,Audi,Delhi,2010,10,73000.0,Diesel,Automatic,First,11.33,4134.0,335.2,7.0,17.51
Honda Jazz V,Honda,Kochi,2017,3,36973.0,Petrol,Manual,First,18.2,1199.0,88.7,5.0,6.8
Tata Nano Cx BSIV,Tata,Coimbatore,2014,6,42083.0,Petrol,Manual,First,25.4,624.0,37.48,4.0,1.68
Maruti Alto 800 2016-2019 LXI,Maruti,Chennai,2016,4,61000.0,Petrol,Manual,First,24.7,796.0,47.3,5.0,2.9
Maruti Wagon R VXI,Maruti,Mumbai,2014,6,43628.0,Petrol,Manual,First,22.5,998.0,67.04,5.0,3.16
Hyundai Xcent 1.1 CRDi Base,Hyundai,Jaipur,2014,6,60000.0,Diesel,Manual,First,24.4,1120.0,71.0,5.0,3.9
Chevrolet Beat LT,Chevrolet,Delhi,2010,10,54000.0,Petrol,Manual,Second,17.8,1199.0,76.8,5.0,1.95
Jaguar XF 2.2 Litre Luxury,Jaguar,Kochi,2015,5,27001.0,Diesel,Automatic,First,16.36,2179.0,187.7,5.0,26.52
Volkswagen Passat Diesel Highline 2.0 TDI,Volkswagen,Chennai,2010,10,52000.0,Diesel,Automatic,First,18.33,1968.0,167.7,5.0,9.0
Hyundai i20 Asta 1.4 CRDi,Hyundai,Hyderabad,2012,8,80000.0,Diesel,Manual,First,21.27,1396.0,88.76,5.0,4.5
Mitsubishi Pajero 2.8 SFX,Mitsubishi,Chennai,2008,12,160000.0,Diesel,Manual,First,10.5,2835.0,107.2,6.0,8.75
Maruti Vitara Brezza ZDi Plus AMT Dual Tone,Maruti,Chennai,2018,2,3300.0,Diesel,Automatic,First,24.3,1248.0,88.5,5.0,11.5
Maruti Alto K10 LXI,Maruti,Delhi,2016,4,35027.0,Petrol,Manual,First,24.07,998.0,67.1,5.0,3.0
Hyundai EON Magna Plus,Hyundai,Coimbatore,2015,5,26568.0,Petrol,Manual,First,21.1,814.0,55.2,5.0,3.79
Maruti Ciaz VDi Plus SHVS,Maruti,Ahmedabad,2015,5,59000.0,Diesel,Manual,First,28.09,1248.0,88.5,5.0,6.0
Hyundai Creta 1.6 CRDi SX Option,Hyundai,Bangalore,2016,4,51000.0,Diesel,Manual,First,19.67,1582.0,126.2,5.0,13.25
Skoda Superb Ambition 2.0 TDI CR AT,Skoda,Delhi,2012,8,56400.0,Diesel,Automatic,First,17.2,1968.0,138.1,5.0,8.0
Volkswagen Polo 1.5 TDI Highline,Volkswagen,Hyderabad,2015,5,80000.0,Diesel,Manual,First,20.14,1498.0,88.8,5.0,5.8
BMW 5 Series 520d Sedan,BMW,Delhi,2012,8,72000.0,Diesel,Automatic,Third,18.48,,,,13.85
Toyota Innova 2.5 VX (Diesel) 7 Seater,Toyota,Hyderabad,2013,7,107000.0,Diesel,Manual,Second,12.99,2494.0,100.6,7.0,13.5
Mercedes-Benz E-Class 2009-2013 E250 CDI Elegance,Mercedes-Benz,Pune,2014,6,100000.0,Diesel,Automatic,First,14.21,2143.0,203.0,5.0,25.0
Volkswagen Polo 1.5 TDI Highline,Volkswagen,Kochi,2016,4,59998.0,Diesel,Manual,First,20.14,1498.0,88.8,5.0,5.49
Audi Q3 2.0 TDI,Audi,Hyderabad,2013,7,105000.0,Diesel,Automatic,First,17.32,1968.0,150.0,5.0,19.0
Hyundai i20 1.2 Magna,Hyundai,Kolkata,2011,9,36000.0,Petrol,Manual,First,18.5,1197.0,80.0,5.0,2.5
Hyundai i10 Sportz 1.1L,Hyundai,Kolkata,2015,5,24350.0,Petrol,Manual,Second,19.81,1086.0,68.05,5.0,3.0
Tata Tigor 1.05 Revotorq XT,Tata,Kochi,2018,2,28973.0,Diesel,Manual,First,24.7,1047.0,69.0,5.0,6.64
Hyundai EON Era,Hyundai,Kochi,2017,3,8243.0,Petrol,Manual,First,21.1,814.0,55.2,5.0,3.21
Hyundai Santro Xing GLS,Hyundai,Chennai,2009,11,136642.0,Petrol,Manual,Second,17.92,1086.0,62.1,5.0,1.55
Hyundai Santro Xing GLS,Hyundai,Hyderabad,2011,9,60000.0,Petrol,Manual,First,17.92,1086.0,62.1,5.0,2.59
Mahindra Scorpio SLX,Mahindra,Chennai,2008,12,100000.0,Diesel,Manual,Second,12.7,2609.0,120.0,8.0,4.0
Honda City i-VTEC S,Honda,Jaipur,2010,10,48689.0,Petrol,Manual,First,17.4,1497.0,117.3,5.0,3.87
Maruti Vitara Brezza ZDi,Maruti,Bangalore,2017,3,45000.0,Diesel,Manual,First,24.3,1248.0,88.5,5.0,9.75
Audi A4 35 TDI Technology Edition,Audi,Kochi,2019,1,38163.0,Diesel,Automatic,First,17.11,1968.0,174.33,5.0,32.91
Mercedes-Benz E-Class 2009-2013 E250 CDI Elegance,Mercedes-Benz,Chennai,2011,9,43800.0,Diesel,Automatic,Second,14.21,2143.0,203.0,5.0,16.75
Honda Civic 2006-2010 1.8 MT Sport,Honda,Jaipur,2007,13,92000.0,Petrol,Manual,First,13.5,1799.0,130.0,5.0,1.9
Hyundai i20 Magna 1.2,Hyundai,Kochi,2017,3,14064.0,Petrol,Manual,First,18.6,1197.0,81.83,5.0,6.59
Audi Q3 35 TDI Quattro Premium Plus,Audi,Coimbatore,2017,3,42366.0,Diesel,Automatic,First,15.73,1968.0,174.33,5.0,31.93
Honda City i DTEC VX,Honda,Jaipur,2014,6,76551.0,Diesel,Manual,First,25.1,1498.0,98.6,5.0,7.25
Hyundai i10 Era 1.1 iTech SE,Hyundai,Pune,2008,12,72672.0,Petrol,Manual,First,19.81,1086.0,68.05,5.0,1.9
Maruti Swift VDI BSIV,Maruti,Kolkata,2015,5,45000.0,Diesel,Manual,First,25.2,1248.0,74.0,5.0,3.55
Ford Endeavour 3.0L 4X4 AT,Ford,Hyderabad,2012,8,91696.0,Diesel,Automatic,First,11.4,2953.0,153.86,7.0,9.25
Ford Ikon 1.3 Flair,Ford,Kochi,2009,11,66484.0,Petrol,Manual,First,13.8,1299.0,70.0,5.0,1.65
BMW X1 sDrive 20d xLine,BMW,Coimbatore,2019,1,15456.0,Diesel,Automatic,First,20.68,1995.0,190.0,5.0,36.64
Mercedes-Benz E-Class 2009-2013 E250 CDI Classic,Mercedes-Benz,Mumbai,2011,9,55000.0,Diesel,Automatic,Second,14.21,2143.0,203.0,5.0,16.0
Maruti Eeco 5 STR With AC Plus HTR CNG,Maruti,Kochi,2019,1,21112.0,CNG,Manual,First,15.1,1196.0,73.0,5.0,5.38
Honda Jazz Select Edition,Honda,Pune,2011,9,98000.0,Petrol,Manual,First,16.7,,,,3.15
Honda Amaze S i-Dtech,Honda,Ahmedabad,2014,6,61297.0,Diesel,Manual,First,25.8,1498.0,98.6,5.0,4.35
Maruti Zen LXi - BS III,Maruti,Hyderabad,2006,14,80000.0,Petrol,Manual,Second,17.3,993.0,60.0,5.0,1.2
Hyundai i20 Magna,Hyundai,Jaipur,2013,7,59000.0,Petrol,Manual,Second,18.5,1197.0,80.0,5.0,4.1
BMW X5 3.0d,BMW,Chennai,2009,11,150000.0,Diesel,Automatic,First,11.0,2993.0,235.0,5.0,18.75
Hyundai Creta 1.6 CRDi SX Option,Hyundai,Coimbatore,2017,3,60083.0,Diesel,Manual,First,19.67,1582.0,126.2,5.0,13.78
Maruti Swift Dzire LDI,Maruti,Kolkata,2016,4,85450.0,Diesel,Manual,First,26.59,1248.0,74.0,5.0,4.0
Maruti Swift VDI,Maruti,Jaipur,2013,7,88000.0,Diesel,Manual,First,22.9,1248.0,74.0,5.0,4.33
Hyundai Grand i10 1.2 CRDi Asta,Hyundai,Kochi,2015,5,81828.0,Diesel,Manual,First,24.0,1186.0,73.97,5.0,5.43
Ford Figo Aspire 1.2 Ti-VCT Trend,Ford,Mumbai,2016,4,18000.0,Petrol,Manual,First,18.16,1196.0,86.8,5.0,4.9
BMW X5 X5 M,BMW,Chennai,2017,3,15000.0,Diesel,Automatic,First,15.97,2993.0,258.0,5.0,70.0
Mercedes-Benz New C-Class C 220 CDI Celebration Edition,Mercedes-Benz,Kolkata,2016,4,34000.0,Diesel,Automatic,First,11.78,2143.0,167.62,5.0,25.5
Hyundai Grand i10 AT Asta,Hyundai,Ahmedabad,2015,5,46000.0,Petrol,Automatic,First,18.9,1197.0,82.0,5.0,5.1
Hyundai Verna 1.6 SX CRDi (O),Hyundai,Hyderabad,2013,7,48158.0,Diesel,Manual,First,22.32,1582.0,126.32,5.0,6.7
BMW 5 Series 525d Sedan,BMW,Hyderabad,2013,7,93000.0,Diesel,Automatic,First,16.73,2993.0,218.0,5.0,26.5
Nissan Micra Diesel XV Premium,Nissan,Ahmedabad,2013,7,71007.0,Diesel,Manual,First,23.08,1461.0,63.1,5.0,3.9
Maruti SX4 ZXI MT BSIV,Maruti,Pune,2010,10,63067.0,Petrol,Manual,Second,15.5,1586.0,103.3,5.0,2.7
Tata Manza Aura Quadrajet BS IV,Tata,Hyderabad,2011,9,70259.0,Diesel,Manual,First,21.12,1248.0,88.8,5.0,2.95
Audi A4 2.0 TDI Multitronic,Audi,Ahmedabad,2015,5,13000.0,Diesel,Automatic,First,16.55,1968.0,140.0,5.0,23.0
Maruti Swift Ldi BSIV,Maruti,Pune,2009,11,140000.0,Diesel,Manual,Second,17.8,1248.0,75.0,5.0,2.49
Maruti Swift LDI Optional,Maruti,Jaipur,2015,5,130000.0,Diesel,Manual,First,25.2,1248.0,74.0,5.0,4.5
Toyota Corolla Altis Diesel D4DJ,Toyota,Delhi,2011,9,89401.0,Diesel,Manual,First,21.43,1364.0,87.2,5.0,4.5
Honda Jazz 1.5 VX i DTEC,Honda,Hyderabad,2015,5,67000.0,Diesel,Manual,First,27.3,1498.0,98.6,5.0,6.9
BMW 6 Series 650i Coupe,BMW,Kochi,2010,10,65329.0,Petrol,Automatic,First,7.94,4395.0,450.0,4.0,20.72
Skoda Fabia 1.2 Petrol Active,Skoda,Jaipur,2010,10,72000.0,Petrol,Manual,First,16.25,1198.0,73.9,5.0,2.21
Fiat Siena 1.2 ELX,Fiat,Jaipur,2001,19,70000.0,Petrol,Manual,Third,,1242.0,,5.0,0.55
Land Rover Freelander 2 HSE,Land,Mumbai,2011,9,82000.0,Diesel,Automatic,Second,12.35,2179.0,187.74,5.0,13.9
Ford Fiesta 1.6 ZXi Duratec,Ford,Pune,2010,10,85000.0,Petrol,Manual,First,15.3,1596.0,101.0,5.0,1.46
Hyundai Verna SX CRDi AT,Hyundai,Pune,2012,8,83000.0,Diesel,Automatic,First,19.08,1582.0,126.32,5.0,6.0
Renault KWID 1.0 RXT Optional,Renault,Jaipur,2016,4,26000.0,Petrol,Manual,First,21.7,999.0,67.0,5.0,3.0
Tata Indica Vista Quadrajet 90 ZX Plus,Tata,Delhi,2012,8,27000.0,Diesel,Manual,First,22.3,1248.0,88.8,5.0,3.5
Hyundai i20 Active 1.4 SX,Hyundai,Kochi,2018,2,37746.0,Diesel,Manual,First,21.19,1396.0,88.73,5.0,7.59
Maruti SX4 Zxi BSIII,Maruti,Mumbai,2009,11,63274.0,Petrol,Manual,Second,15.0,1586.0,104.68,5.0,1.99
Renault KWID RXT,Renault,Hyderabad,2016,4,25000.0,Petrol,Manual,First,25.17,799.0,53.3,5.0,3.8
Mahindra Xylo E4 ABS BS III,Mahindra,Bangalore,2013,7,197000.0,Diesel,Manual,First,11.68,2498.0,112.0,7.0,4.0
Hyundai EON D Lite Plus,Hyundai,Bangalore,2013,7,45010.0,Petrol,Manual,Second,21.1,814.0,55.2,5.0,2.95
Honda Amaze VX i-DTEC,Honda,Delhi,2013,7,75348.0,Diesel,Manual,First,25.8,1498.0,98.6,5.0,3.75
Volkswagen Polo Diesel Highline 1.2L,Volkswagen,Kolkata,2010,10,90110.0,Diesel,Manual,First,22.07,1199.0,73.9,5.0,2.5
Honda City 1.5 V MT,Honda,Pune,2011,9,102013.0,Petrol,Manual,First,17.0,1497.0,118.0,5.0,3.75
Toyota Fortuner 4x2 AT,Toyota,Pune,2015,5,36000.0,Diesel,Automatic,First,12.55,2982.0,168.5,7.0,22.0
Honda Amaze E i-Vtech,Honda,Kochi,2017,3,37578.0,Petrol,Manual,First,18.0,1198.0,86.7,5.0,6.14
BMW 1 Series 118d Base,BMW,Pune,2015,5,46001.0,Diesel,Automatic,First,20.58,1995.0,143.0,5.0,16.0
Maruti Celerio VXI AT,Maruti,Hyderabad,2014,6,46559.0,Petrol,Automatic,First,23.1,998.0,67.04,5.0,3.75
Toyota Innova 2.5 GX (Diesel) 8 Seater,Toyota,Mumbai,2015,5,48000.0,Diesel,Manual,First,12.99,2494.0,100.6,8.0,11.75
Jaguar XF 2.2 Litre Luxury,Jaguar,Pune,2013,7,46000.0,Diesel,Automatic,Second,16.36,2179.0,187.7,5.0,24.0
Honda WRV i-VTEC VX,Honda,Hyderabad,2017,3,15000.0,Petrol,Manual,First,17.5,1199.0,88.7,5.0,8.9
BMW X1 sDrive20d,BMW,Chennai,2012,8,85000.0,Diesel,Automatic,Third,17.05,1995.0,184.0,5.0,10.0
Skoda Rapid 1.6 MPI AT Elegance,Skoda,Mumbai,2014,6,32000.0,Petrol,Automatic,First,14.3,1598.0,103.5,5.0,5.55
Volkswagen Vento 1.6 Comfortline,Volkswagen,Kochi,2012,8,60818.0,Petrol,Manual,First,16.09,1598.0,103.5,5.0,3.59
Ford EcoSport 1.5 TDCi Trend Plus BE,Ford,Coimbatore,2019,1,35188.0,Diesel,Manual,First,22.77,1498.0,98.59,5.0,11.13
Mahindra XUV500 W6 2WD,Mahindra,Jaipur,2012,8,110000.0,Diesel,Manual,First,15.1,2179.0,140.0,7.0,7.2
Ford Fiesta Classic 1.4 Duratorq LXI,Ford,Mumbai,2014,6,61000.0,Diesel,Manual,First,18.6,1388.0,67.0,5.0,2.98
Hyundai Santro Xing GLS,Hyundai,Pune,2010,10,75000.0,Petrol,Manual,Second,17.92,1086.0,62.1,5.0,1.7
Mercedes-Benz GL-Class 2007 2012 350 CDI Luxury,Mercedes-Benz,Delhi,2015,5,55000.0,Diesel,Automatic,First,12.0,2987.0,224.0,7.0,52.0
Maruti Alto LXi BSII,Maruti,Pune,2003,17,69966.0,Petrol,Manual,First,19.7,796.0,46.3,5.0,0.95
Honda City i VTEC VX Option,Honda,Mumbai,2016,4,42000.0,Petrol,Manual,First,17.8,1497.0,117.3,5.0,9.25
Hyundai Santa Fe 2WD AT,Hyundai,Bangalore,2014,6,48000.0,Diesel,Automatic,First,13.01,2199.0,194.3,7.0,16.25
Mercedes-Benz GLA Class 200 CDI SPORT,Mercedes-Benz,Kolkata,2015,5,35000.0,Diesel,Automatic,First,17.9,2143.0,136.0,5.0,20.99
Toyota Innova 2.5 G4 Diesel 8-seater,Toyota,Chennai,2005,15,128000.0,Diesel,Manual,Second,12.8,2494.0,102.0,8.0,4.25
BMW 3 Series 320d Sedan,BMW,Bangalore,2008,12,78000.0,Diesel,Automatic,Second,16.07,1995.0,181.0,5.0,7.2
Maruti Swift ZXI,Maruti,Hyderabad,2011,9,53080.0,Petrol,Manual,First,18.6,1197.0,85.8,5.0,4.4
Volkswagen Vento Petrol Highline,Volkswagen,Pune,2011,9,66000.0,Petrol,Manual,Second,15.04,1598.0,103.6,5.0,4.25
Maruti Ertiga VXI,Maruti,Ahmedabad,2012,8,25000.0,Petrol,Manual,First,16.02,1373.0,93.7,7.0,5.35
Hyundai Grand i10 AT Asta,Hyundai,Coimbatore,2016,4,36139.0,Petrol,Automatic,Second,18.9,1197.0,82.0,5.0,6.3
Hyundai Creta 1.6 CRDi SX,Hyundai,Delhi,2017,3,44000.0,Diesel,Manual,First,19.67,1582.0,126.2,5.0,12.5
Audi A6 3.0 TDI quattro,Audi,Ahmedabad,2008,12,50000.0,Diesel,Automatic,Second,16.77,2967.0,241.38,5.0,7.5
Mahindra XUV500 W8 1.99 mHawk,Mahindra,Delhi,2016,4,81177.0,Diesel,Manual,First,16.0,1997.0,140.0,7.0,11.25
Ford EcoSport 1.5 Ti VCT AT Titanium BE,Ford,Mumbai,2016,4,26000.0,Petrol,Automatic,First,16.05,1499.0,110.4,5.0,7.65
Hyundai Xcent 1.1 CRDi Base,Hyundai,Mumbai,2016,4,100000.0,Diesel,Manual,First,24.4,1120.0,71.0,5.0,4.5
Volkswagen Vento 1.5 TDI Comfortline AT,Volkswagen,Hyderabad,2014,6,75000.0,Diesel,Automatic,First,21.21,1498.0,103.2,5.0,7.5
Mercedes-Benz S-Class 280 AT,Mercedes-Benz,Kochi,2004,16,119859.0,Petrol,Automatic,First,13.0,2987.0,210.0,5.0,7.1
Hyundai i10 Magna,Hyundai,Mumbai,2010,10,55980.0,Petrol,Manual,First,20.36,1197.0,78.9,5.0,2.25
Audi A4 35 TDI Technology Edition,Audi,Hyderabad,2015,5,30000.0,Diesel,Automatic,First,17.11,1968.0,174.33,5.0,27.0
Hyundai i20 Sportz 1.4 CRDi,Hyundai,Pune,2012,8,49700.0,Diesel,Manual,Second,21.9,1396.0,88.76,5.0,4.18
Hyundai Verna 1.4 EX,Hyundai,Chennai,2013,7,79000.0,Diesel,Manual,First,23.5,1396.0,88.7,5.0,6.5
Honda City 1.5 V MT,Honda,Delhi,2010,10,65100.0,Petrol,Manual,First,17.0,1497.0,118.0,5.0,3.15
Maruti Ertiga VDI,Maruti,Pune,2016,4,54161.0,Diesel,Manual,First,25.47,1248.0,88.5,7.0,7.64
Maruti Alto LXi BSII,Maruti,Hyderabad,2011,9,28619.0,Petrol,Manual,First,19.7,796.0,46.3,5.0,2.4
Maruti Wagon R AMT VXI,Maruti,Mumbai,2016,4,9000.0,Petrol,Automatic,First,20.51,998.0,67.0,5.0,4.25
Hyundai Verna 1.6 CRDi AT SX,Hyundai,Kochi,2016,4,42876.0,Diesel,Automatic,First,19.08,1582.0,126.2,5.0,9.31
Maruti Alto LXi BSIII,Maruti,Bangalore,2011,9,64000.0,Petrol,Manual,First,19.7,796.0,46.3,5.0,2.39
Volkswagen Vento 1.6 Comfortline,Volkswagen,Kochi,2018,2,20488.0,Petrol,Manual,Second,16.09,1598.0,103.5,5.0,7.64
Maruti Baleno Zeta 1.2,Maruti,Delhi,2016,4,21000.0,Petrol,Manual,First,21.4,1197.0,83.1,5.0,6.21
Land Rover Freelander 2 TD4 SE,Land,Jaipur,2012,8,119203.0,Diesel,Automatic,First,,2179.0,115.0,5.0,16.5
Honda CR-V 2.0L 2WD AT,Honda,Kochi,2011,9,55987.0,Petrol,Automatic,First,13.7,1997.0,153.86,5.0,8.22
Toyota Fortuner 2.8 2WD MT,Toyota,Coimbatore,2017,3,72668.0,Diesel,Manual,First,14.24,2755.0,174.5,7.0,28.85
Honda City V AT,Honda,Mumbai,2015,5,32000.0,Petrol,Automatic,First,15.6,1497.0,116.3,5.0,8.5
Mercedes-Benz SLK-Class 55 AMG,Mercedes-Benz,Bangalore,2014,6,3000.0,Petrol,Automatic,Second,12.0,5461.0,421.0,2.0,90.0
Honda City i-VTEC S,Honda,Mumbai,2015,5,10400.0,Petrol,Manual,First,17.4,1497.0,117.3,5.0,6.51
Maruti Swift VDI,Maruti,Mumbai,2013,7,35000.0,Diesel,Manual,First,22.9,1248.0,74.0,5.0,4.65
Toyota Corolla Altis 2008-2013 1.8 VL AT,Toyota,Kochi,2013,7,55101.0,Petrol,Automatic,First,14.53,1794.0,138.1,5.0,8.4
Toyota Etios Cross 1.4L VD,Toyota,Bangalore,2014,6,57464.0,Diesel,Manual,First,23.59,1364.0,67.06,5.0,5.75
Maruti Wagon R LX,Maruti,Jaipur,2006,14,110000.0,Petrol,Manual,First,18.9,998.0,67.1,5.0,1.11
Fiat Punto 1.2 Dynamic,Fiat,Kochi,2017,3,17941.0,Petrol,Manual,First,15.7,,,,3.93
Mercedes-Benz E-Class 2015-2017 E 200 CGI,Mercedes-Benz,Mumbai,2014,6,72000.0,Petrol,Automatic,First,12.0,1991.0,184.0,5.0,17.25
Jaguar XF Aero Sport Edition,Jaguar,Delhi,2012,8,16000.0,Diesel,Automatic,First,16.36,2179.0,187.7,5.0,32.0
Hyundai i20 Sportz Petrol,Hyundai,Kochi,2011,9,62020.0,Petrol,Manual,First,17.0,1197.0,80.0,5.0,3.45
Land Rover Freelander 2 SE,Land,Pune,2014,6,85000.0,Diesel,Automatic,Second,12.39,2179.0,147.51,5.0,23.0
Hyundai Elite i20 Petrol Sportz,Hyundai,Kochi,2018,2,14223.0,Petrol,Manual,First,18.6,1197.0,81.86,5.0,7.32
Honda Amaze S i-Vtech,Honda,Jaipur,2014,6,41210.0,Petrol,Manual,First,18.0,1198.0,86.7,5.0,4.4
Mercedes-Benz M-Class ML 350 4Matic,Mercedes-Benz,Bangalore,2015,5,20000.0,Diesel,Automatic,First,,2987.0,165.0,5.0,47.35
Maruti Alto 800 VXI,Maruti,Coimbatore,2016,4,18043.0,Petrol,Manual,First,22.74,796.0,47.3,5.0,4.12
Toyota Innova Crysta 2.8 ZX AT,Toyota,Chennai,2016,4,80000.0,Diesel,Automatic,First,11.36,2755.0,171.5,7.0,19.5
Hyundai Grand i10 AT Asta,Hyundai,Hyderabad,2016,4,21000.0,Petrol,Automatic,First,18.9,1197.0,82.0,5.0,6.2
BMW X3 xDrive30d M Sport,BMW,Bangalore,2016,4,49000.0,Diesel,Automatic,First,16.55,2993.0,258.0,5.0,45.0
Maruti 1000 AC,Maruti,Hyderabad,1998,22,104000.0,Petrol,Manual,Second,15.0,970.0,,5.0,0.85
Hyundai i20 Magna,Hyundai,Chennai,2010,10,95000.0,Petrol,Manual,Second,18.5,1197.0,80.0,5.0,2.8
Hyundai Grand i10 AT Asta,Hyundai,Pune,2015,5,32000.0,Petrol,Automatic,First,18.9,1197.0,82.0,5.0,4.8
Hyundai Santro Xing XG,Hyundai,Pune,2003,17,80000.0,Petrol,Manual,Second,17.0,,,,0.9
Ford Fiesta 1.5 TDCi Titanium,Ford,Hyderabad,2014,6,122800.0,Diesel,Manual,First,25.01,1498.0,89.75,5.0,5.65
Mercedes-Benz E-Class 220 CDI,Mercedes-Benz,Ahmedabad,2011,9,78000.0,Diesel,Manual,Second,15.0,2148.0,,5.0,14.5
Maruti Swift Dzire VDI,Maruti,Ahmedabad,2015,5,69000.0,Diesel,Manual,First,26.59,1248.0,74.0,5.0,5.9
Toyota Etios VXD,Toyota,Pune,2015,5,65000.0,Diesel,Manual,Second,23.59,1364.0,67.04,5.0,5.0
Hyundai Xcent 1.2 Kappa Base,Hyundai,Ahmedabad,2015,5,23000.0,Petrol,Manual,First,19.1,1197.0,82.0,5.0,4.9
Honda Civic 2006-2010 1.8 S MT,Honda,Ahmedabad,2009,11,70000.0,Petrol,Manual,First,13.5,1799.0,130.0,5.0,4.25
Toyota Innova 2.5 GX (Diesel) 8 Seater,Toyota,Chennai,2014,6,250000.0,Diesel,Manual,First,12.99,2494.0,100.6,8.0,10.9
Hyundai Accent GLE,Hyundai,Delhi,2012,8,56000.0,Petrol,Manual,First,13.2,1495.0,94.0,5.0,2.45
Maruti Alto 800 LXI,Maruti,Pune,2013,7,30000.0,Petrol,Manual,First,22.74,796.0,47.3,5.0,2.5
Mercedes-Benz SL-Class SL 500,Mercedes-Benz,Kolkata,2010,10,35000.0,Petrol,Automatic,First,8.1,5461.0,387.3,2.0,29.5
Ford Ecosport 1.5 DV5 MT Titanium Optional,Ford,Jaipur,2013,7,92250.0,Diesel,Manual,Second,22.7,1498.0,89.84,5.0,5.75
Hyundai Xcent 1.2 VTVT E,Hyundai,Pune,2018,2,40000.0,Petrol,Manual,First,20.14,1197.0,81.86,5.0,5.0
Skoda Rapid 1.6 MPI AT Ambition Plus,Skoda,Kochi,2014,6,96848.0,Petrol,Automatic,First,14.3,1598.0,103.6,5.0,4.62
Audi Q3 2012-2015 35 TDI Quattro Premium Plus,Audi,Delhi,2016,4,42000.0,Diesel,Automatic,First,15.73,1968.0,174.33,5.0,23.5
Mahindra XUV500 W8 2WD,Mahindra,Kolkata,2013,7,55886.0,Diesel,Manual,First,16.0,2179.0,140.0,7.0,7.25
Hyundai Verna VTVT 1.6 SX Option,Hyundai,Kochi,2019,1,12336.0,Petrol,Manual,First,17.0,1591.0,121.3,5.0,11.88
Hyundai Verna Xi (Petrol),Hyundai,Chennai,2009,11,60000.0,Petrol,Manual,Third,13.9,1599.0,103.2,5.0,2.25
Ford Ikon 1.6 CLXI,Ford,Pune,2003,17,83000.0,Petrol,Manual,Second,14.2,1597.0,92.0,5.0,0.85
Nissan Micra Active XV,Nissan,Pune,2018,2,24000.0,Petrol,Manual,First,19.69,1198.0,67.04,5.0,4.0
Honda Brio VX AT,Honda,Pune,2016,4,32198.0,Petrol,Automatic,First,16.5,1198.0,86.8,5.0,5.1
Toyota Innova 2.5 GX (Diesel) 7 Seater,Toyota,Hyderabad,2014,6,92247.0,Diesel,Manual,First,12.99,2494.0,100.6,7.0,12.5
Volkswagen Vento 1.5 TDI Highline,Volkswagen,Chennai,2011,9,121311.0,Diesel,Manual,First,20.64,1498.0,108.5,5.0,2.9
Mahindra XUV500 W10 AWD,Mahindra,Coimbatore,2016,4,66296.0,Diesel,Manual,First,16.0,2179.0,140.0,7.0,15.96
Hyundai Xcent 1.2 Kappa AT SX Option,Hyundai,Mumbai,2015,5,41000.0,Petrol,Automatic,First,16.9,1197.0,82.0,5.0,5.45
Ford Endeavour 2.2 Trend MT 4X4,Ford,Kochi,2017,3,38681.0,Diesel,Manual,First,13.5,2198.0,157.7,7.0,23.86
Chevrolet Spark 1.0 LT,Chevrolet,Kochi,2008,12,43761.0,Petrol,Manual,First,18.0,995.0,62.0,5.0,1.75
Maruti Ertiga SHVS VDI,Maruti,Hyderabad,2017,3,17400.0,Diesel,Manual,First,24.52,1248.0,88.5,7.0,9.75
Honda Amaze S i-Dtech,Honda,Bangalore,2013,7,61510.0,Diesel,Manual,First,25.8,1498.0,98.6,5.0,4.75
Honda City i VTEC S,Honda,Delhi,2014,6,60000.0,Petrol,Manual,First,17.4,1497.0,117.3,5.0,6.25
Mini Cooper Countryman D,Mini,Bangalore,2014,6,35165.0,Diesel,Automatic,Second,23.8,1998.0,112.0,5.0,22.0
Toyota Corolla Altis 2008-2013 1.8 VL AT,Toyota,Kochi,2016,4,41617.0,Petrol,Automatic,First,14.53,1794.0,138.1,5.0,14.14
Hyundai Santro Xing XL eRLX Euro III,Hyundai,Kolkata,2005,15,45000.0,Petrol,Manual,First,17.0,1086.0,,5.0,0.95
Skoda Superb Elegance 1.8 TSI AT,Skoda,Delhi,2014,6,65000.0,Petrol,Automatic,First,13.7,1798.0,157.75,5.0,11.95
Maruti Wagon R LXI BS IV,Maruti,Delhi,2011,9,68000.0,Petrol,Manual,First,18.9,998.0,67.1,5.0,2.5
Hyundai i10 Era 1.1,Hyundai,Mumbai,2013,7,49000.0,Petrol,Manual,First,19.81,1086.0,68.05,5.0,2.75
Tata Tiago 1.2 Revotron XT Option,Tata,Coimbatore,2019,1,16698.0,Petrol,Manual,First,23.84,1199.0,84.0,5.0,5.85
Maruti Baleno Zeta 1.2,Maruti,Ahmedabad,2016,4,30965.0,Petrol,Manual,First,21.4,1197.0,83.1,5.0,6.25
Volkswagen Vento 1.6 Highline,Volkswagen,Mumbai,2014,6,56058.0,Petrol,Manual,First,15.04,1598.0,103.2,5.0,4.95
Hyundai Grand i10 1.2 Kappa Sportz Option,Hyundai,Pune,2017,3,15356.0,Petrol,Manual,First,18.9,1197.0,81.86,5.0,4.75
Ford Figo Diesel EXI,Ford,Delhi,2013,7,54000.0,Diesel,Manual,First,20.0,1399.0,68.05,5.0,2.55
Honda Civic 2010-2013 1.8 V AT Sunroof,Honda,Pune,2011,9,47000.0,Petrol,Automatic,Second,13.9,1799.0,130.3,5.0,4.5
Maruti Alto 800 LXI,Maruti,Kochi,2015,5,21652.0,Petrol,Manual,First,22.74,796.0,47.3,5.0,3.01
Land Rover Range Rover Evoque 2.0 TD4 HSE Dynamic,Land,Hyderabad,2016,4,52000.0,Diesel,Automatic,First,15.68,1999.0,177.0,5.0,42.0
Audi A6 2.7 TDI,Audi,Kolkata,2010,10,35010.0,Diesel,Automatic,First,12.4,2698.0,179.5,5.0,11.5
Mercedes-Benz E-Class 280 CDI,Mercedes-Benz,Hyderabad,2006,14,76662.0,Diesel,Automatic,First,11.0,2987.0,198.5,5.0,10.99
Honda City 1.5 V AT Exclusive,Honda,Jaipur,2009,11,89000.0,Petrol,Automatic,First,17.0,1497.0,118.0,5.0,3.71
Honda CR-V 2.4 4WD AT,Honda,Jaipur,2006,14,80000.0,Petrol,Automatic,Third,10.1,2354.0,152.0,5.0,2.0
Maruti Ciaz 1.3 Alpha,Maruti,Kochi,2018,2,39023.0,Diesel,Manual,First,28.09,1248.0,88.5,5.0,9.48
Maruti Wagon R LXI,Maruti,Jaipur,2004,16,62000.0,Petrol,Manual,Second,18.9,998.0,67.1,5.0,1.25
Hyundai Creta 1.6 CRDi SX Option,Hyundai,Jaipur,2015,5,78046.0,Diesel,Manual,First,19.67,1582.0,126.2,5.0,10.9
Maruti Ciaz VDi Plus SHVS,Maruti,Kolkata,2015,5,34400.0,Diesel,Manual,First,28.09,1248.0,88.5,5.0,5.5
Hyundai EON D Lite Plus,Hyundai,Coimbatore,2016,4,64624.0,Petrol,Manual,First,21.1,814.0,55.2,5.0,3.71
Maruti Ertiga VXI,Maruti,Mumbai,2014,6,69192.0,Petrol,Manual,First,16.02,1373.0,93.7,7.0,6.25
Volkswagen Vento Diesel Highline,Volkswagen,Chennai,2012,8,55000.0,Diesel,Manual,First,20.54,1598.0,103.6,5.0,4.9
Honda City 1.5 GXI,Honda,Mumbai,2005,15,81000.0,Petrol,Manual,Second,12.8,1493.0,100.0,5.0,1.1
Volkswagen Polo Petrol Trendline 1.2L,Volkswagen,Kochi,2016,4,36733.0,Petrol,Manual,First,16.47,1198.0,73.9,5.0,4.72
Maruti Alto 800 2016-2019 CNG LXI,Maruti,Kochi,2017,3,24310.0,CNG,Manual,First,33.44,796.0,40.3,4.0,3.7
Mercedes-Benz GLA Class 200 CDI,Mercedes-Benz,Mumbai,2016,4,43022.0,Diesel,Automatic,First,17.9,2143.0,136.0,5.0,24.85
Hyundai Santa Fe 4X2,Hyundai,Jaipur,2013,7,74000.0,Diesel,Manual,First,14.66,2199.0,194.3,7.0,12.25
Maruti Swift VDI,Maruti,Kolkata,2014,6,47000.0,Diesel,Manual,First,22.9,1248.0,74.0,5.0,3.9
Hyundai Elite i20 Sportz Plus,Hyundai,Kochi,2017,3,37460.0,Petrol,Manual,First,18.6,1197.0,81.86,5.0,6.28
Mahindra Xylo E8 BS IV,Mahindra,Mumbai,2011,9,130000.0,Diesel,Manual,First,14.0,2498.0,112.0,8.0,2.75
Hyundai Grand i10 Asta Option,Hyundai,Coimbatore,2017,3,31576.0,Petrol,Manual,First,18.9,1197.0,82.0,5.0,7.85
Volkswagen Vento Petrol Highline,Volkswagen,Mumbai,2011,9,66000.0,Petrol,Manual,First,15.04,1598.0,103.6,5.0,2.95
Honda Accord 2.4 A/T,Honda,Mumbai,2008,12,79000.0,Petrol,Automatic,Second,11.7,2354.0,177.6,5.0,4.85
Mercedes-Benz S-Class S 350 d,Mercedes-Benz,Bangalore,2011,9,47140.0,Diesel,Automatic,Second,13.5,2925.0,281.61,5.0,30.0
Mercedes-Benz B Class B200 CDI,Mercedes-Benz,Bangalore,2016,4,36610.0,Diesel,Automatic,First,15.0,2143.0,107.3,5.0,19.9
Hyundai Creta 1.6 SX Option Diesel,Hyundai,Bangalore,2016,4,93000.0,Diesel,Manual,First,20.5,1582.0,126.2,5.0,10.8
Maruti Alto LXI,Maruti,Hyderabad,2007,13,52195.0,Petrol,Manual,First,19.7,796.0,46.3,5.0,1.75
Audi A3 35 TDI Premium,Audi,Mumbai,2016,4,20003.0,Diesel,Automatic,First,20.38,1968.0,143.0,5.0,19.25
Renault Duster 85PS Diesel RxL,Renault,Delhi,2013,7,66314.0,Diesel,Manual,First,19.87,1461.0,83.8,5.0,5.5
Ford Fiesta 1.4 ZXi TDCi ABS,Ford,Chennai,2009,11,76000.0,Diesel,Manual,First,17.8,1399.0,68.0,5.0,2.75
Hyundai Creta 1.6 SX Plus Diesel,Hyundai,Bangalore,2015,5,29000.0,Diesel,Manual,First,19.67,1582.0,126.2,5.0,13.0
Ford Figo Diesel ZXI,Ford,Mumbai,2011,9,30000.0,Diesel,Manual,First,20.0,1399.0,68.0,5.0,3.2
Volkswagen Polo Petrol Highline 1.6L,Volkswagen,Coimbatore,2013,7,56526.0,Petrol,Manual,First,15.26,1598.0,103.5,5.0,5.84
Volvo V40 D3 R Design,Volvo,Hyderabad,2015,5,38000.0,Diesel,Automatic,Second,16.8,1969.0,150.0,5.0,24.0
Hyundai Verna SX CRDi AT,Hyundai,Chennai,2012,8,41000.0,Diesel,Automatic,First,19.08,1582.0,126.32,5.0,6.25
BMW 7 Series 2007-2012 730Ld,BMW,Hyderabad,2009,11,53000.0,Diesel,Automatic,First,14.49,2993.0,258.0,5.0,36.0
Mitsubishi Lancer GLXD,Mitsubishi,Chennai,2003,17,125000.0,Diesel,Manual,Third,14.8,1998.0,68.0,5.0,3.0
Toyota Fortuner 3.0 Diesel,Toyota,Chennai,2010,10,242000.0,Diesel,Manual,First,11.5,2982.0,171.0,7.0,11.0
Maruti Ciaz VDi Plus,Maruti,Chennai,2015,5,90000.0,Diesel,Manual,First,26.21,1248.0,88.5,5.0,6.5
Maruti Vitara Brezza VDi Option,Maruti,Hyderabad,2018,2,11000.0,Diesel,Manual,First,24.3,1248.0,88.5,5.0,9.4
BMW 3 Series Luxury Line,BMW,Kochi,2018,2,21936.0,Diesel,Automatic,First,21.76,1995.0,190.0,5.0,37.92
Volkswagen Vento Petrol Highline AT,Volkswagen,Pune,2013,7,41000.0,Petrol,Automatic,First,14.4,1598.0,103.6,5.0,5.25
Hyundai i20 1.2 Asta,Hyundai,Chennai,2011,9,47000.0,Petrol,Manual,First,17.0,1197.0,80.0,5.0,4.5
BMW X5 3.0d,BMW,Chennai,2009,11,110000.0,Diesel,Automatic,First,11.0,2993.0,235.0,5.0,18.0
Hyundai Xcent 1.2 Kappa S,Hyundai,Coimbatore,2015,5,45960.0,Petrol,Manual,First,19.1,1197.0,82.0,5.0,5.56
Mercedes-Benz E-Class 2009-2013 E250 CDI Blue Efficiency,Mercedes-Benz,Bangalore,2013,7,48000.0,Diesel,Automatic,First,14.21,2143.0,203.0,5.0,22.0
Land Rover Freelander 2 SE,Land,Hyderabad,2011,9,68000.0,Diesel,Automatic,First,12.39,2179.0,147.51,5.0,22.0
Hyundai i10 Magna,Hyundai,Mumbai,2011,9,41000.0,Petrol,Manual,First,20.36,1197.0,78.9,5.0,2.65
Hyundai Verna 1.6 SX CRDi (O),Hyundai,Jaipur,2013,7,69573.0,Diesel,Manual,Second,22.32,1582.0,126.32,5.0,5.85
Volkswagen Jetta 2012-2014 2.0L TDI Highline,Volkswagen,Chennai,2012,8,115000.0,Diesel,Manual,First,19.33,1968.0,138.1,5.0,6.95
Mahindra XUV500 W8 2WD,Mahindra,Kolkata,2012,8,47629.0,Diesel,Manual,First,15.1,2179.0,140.0,7.0,6.5
Maruti Omni 8 Seater BSII,Maruti,Jaipur,2004,16,66624.0,Petrol,Manual,Third,19.7,796.0,35.0,8.0,0.85
Skoda Superb Style 1.8 TSI AT,Skoda,Delhi,2013,7,80000.0,Petrol,Automatic,Second,14.67,1798.0,177.46,5.0,7.25
Maruti Swift VDI,Maruti,Pune,2012,8,94868.0,Diesel,Manual,First,22.9,1248.0,74.0,5.0,4.5
Mahindra Scorpio 2.6 LX,Mahindra,Mumbai,2010,10,76477.0,Diesel,Manual,First,10.5,2179.0,120.0,8.0,4.25
Mercedes-Benz GLA Class 200 Sport Edition,Mercedes-Benz,Chennai,2016,4,28000.0,Petrol,Automatic,First,13.7,1991.0,183.0,5.0,26.0
Mahindra Thar CRDe,Mahindra,Coimbatore,2017,3,28599.0,Diesel,Manual,First,16.55,2498.0,105.0,6.0,9.66
Renault Duster 110PS Diesel RxZ,Renault,Bangalore,2013,7,45348.0,Diesel,Manual,Second,19.01,1461.0,108.45,5.0,6.85
Audi Q5 2008-2012 2.0 TDI,Audi,Coimbatore,2013,7,80127.0,Diesel,Automatic,First,12.8,1968.0,167.6,5.0,23.68
Land Rover Freelander 2 SE,Land,Delhi,2013,7,68000.0,Diesel,Automatic,Second,12.39,2179.0,147.51,5.0,15.75
Volkswagen Vento Diesel Comfortline,Volkswagen,Pune,2012,8,75000.0,Diesel,Manual,Third,20.54,1598.0,103.6,5.0,3.5
BMW 5 Series 2003-2012 540i Sedan,BMW,Delhi,2006,14,48000.0,Petrol,Automatic,Second,11.62,2979.0,306.0,5.0,6.99
Hyundai Elantra CRDi SX,Hyundai,Coimbatore,2019,1,41871.0,Diesel,Manual,First,22.7,1582.0,126.2,5.0,15.57
Tata Sumo EX,Tata,Coimbatore,2015,5,84931.0,Diesel,Manual,First,15.3,2956.0,83.8,7.0,5.29
Datsun redi-GO T,Datsun,Kolkata,2016,4,15000.0,Petrol,Manual,First,22.7,799.0,53.64,5.0,2.25
BMW X5 xDrive 30d,BMW,Chennai,2009,11,110000.0,Diesel,Automatic,First,11.7,2993.0,245.0,5.0,20.0
BMW 6 Series 630i Coupe,BMW,Mumbai,2011,9,5900.0,Petrol,Automatic,First,7.94,4395.0,450.0,4.0,47.5
Maruti Alto Vxi 1.1,Maruti,Chennai,2002,18,103653.0,Petrol,Manual,Second,18.9,1061.0,47.0,5.0,1.22
Volkswagen Polo Petrol Comfortline 1.2L,Volkswagen,Chennai,2012,8,64806.0,Petrol,Manual,First,16.47,1198.0,73.9,5.0,3.65
Datsun GO Plus A,Datsun,Pune,2016,4,35000.0,Petrol,Manual,First,20.62,1198.0,67.0,7.0,3.1
Hyundai Creta 1.6 VTVT S,Hyundai,Bangalore,2016,4,40000.0,Petrol,Manual,First,15.29,1591.0,121.3,5.0,11.5
Maruti Alto K10 VXI,Maruti,Kochi,2015,5,23876.0,Petrol,Manual,First,24.07,998.0,67.1,5.0,3.46
Hyundai Santa Fe 4X4,Hyundai,Coimbatore,2013,7,67901.0,Diesel,Manual,First,14.66,2199.0,194.3,7.0,8.38
Volkswagen Polo GT TDI,Volkswagen,Pune,2014,6,68865.0,Diesel,Manual,First,15.11,1598.0,103.6,5.0,4.8
Honda Amaze S i-Dtech,Honda,Pune,2014,6,71000.0,Diesel,Manual,Second,25.8,1498.0,98.6,5.0,4.5
Maruti Esteem Vxi,Maruti,Chennai,2004,16,95000.0,Petrol,Manual,First,15.9,1298.0,,5.0,0.8
Maruti Swift VDI,Maruti,Kolkata,2014,6,25000.0,Diesel,Manual,First,22.9,1248.0,74.0,5.0,3.95
Skoda Rapid 1.6 TDI Ambition,Skoda,Hyderabad,2012,8,180000.0,Diesel,Manual,First,20.5,1598.0,103.5,5.0,3.65
Mercedes-Benz E-Class 280 CDI,Mercedes-Benz,Mumbai,2005,15,131000.0,Diesel,Automatic,First,11.0,2987.0,198.5,5.0,10.0
Mahindra Scorpio SLE BSIV,Mahindra,Delhi,2011,9,65000.0,Diesel,Manual,Second,12.05,2179.0,120.0,8.0,4.0
Nissan Sunny 2011-2014 Diesel XL,Nissan,Hyderabad,2012,8,117777.0,Diesel,Manual,First,21.64,1461.0,84.8,5.0,4.75
Maruti Swift Dzire VXi,Maruti,Bangalore,2009,11,65000.0,Petrol,Manual,Second,17.5,1298.0,85.8,5.0,3.1
Hyundai EON Sportz,Hyundai,Kochi,2017,3,46897.0,Petrol,Manual,First,21.1,814.0,55.2,5.0,3.61
Honda Brio S MT,Honda,Coimbatore,2015,5,36695.0,Petrol,Manual,First,19.4,1198.0,86.8,5.0,4.29
Nissan Micra XV Primo,Nissan,Kolkata,2011,9,43000.0,Petrol,Manual,First,18.06,1198.0,75.0,5.0,2.13
Maruti Alto LXi BSII,Maruti,Mumbai,2008,12,54000.0,Petrol,Manual,First,19.7,796.0,46.3,5.0,1.1
BMW 3 Series 320d,BMW,Hyderabad,2011,9,89000.0,Diesel,Automatic,First,22.69,1995.0,190.0,5.0,13.95
Volkswagen Polo 1.2 MPI Highline,Volkswagen,Mumbai,2014,6,7000.0,Petrol,Manual,First,16.47,1198.0,74.0,5.0,5.35
Maruti Celerio LXI,Maruti,Hyderabad,2014,6,58470.0,Petrol,Manual,First,23.1,998.0,67.04,5.0,3.9
Maruti Wagon R VXI 1.2,Maruti,Kolkata,2014,6,37000.0,Petrol,Manual,First,21.5,1197.0,81.8,5.0,2.8
Maruti Ciaz ZDi Plus,Maruti,Mumbai,2016,4,29000.0,Diesel,Manual,First,26.21,1248.0,88.5,5.0,8.75
Audi A4 2.0 TDI,Audi,Hyderabad,2013,7,52000.0,Diesel,Automatic,First,16.55,1968.0,147.51,5.0,19.5
Honda Brio S MT,Honda,Kolkata,2013,7,32807.0,Petrol,Manual,First,19.4,1198.0,86.8,5.0,2.75
Mahindra Scorpio VLX 2WD AT BSIV,Mahindra,Hyderabad,2013,7,86000.0,Diesel,Automatic,First,11.79,2179.0,120.0,8.0,8.0
Honda City i DTEC V,Honda,Delhi,2014,6,66500.0,Diesel,Manual,First,26.0,1498.0,98.6,5.0,5.7
BMW X1 sDrive20d,BMW,Ahmedabad,2012,8,94000.0,Diesel,Automatic,First,17.05,1995.0,184.0,5.0,12.5
Chevrolet Spark 1.0 LT,Chevrolet,Chennai,2011,9,29000.0,Petrol,Manual,Second,18.0,995.0,62.0,5.0,1.75
Ford Figo Diesel EXI,Ford,Chennai,2010,10,107389.0,Diesel,Manual,Second,20.0,1399.0,68.0,5.0,1.9
Maruti Swift VXI BSIV,Maruti,Ahmedabad,2015,5,36100.0,Petrol,Manual,First,20.4,1197.0,81.8,5.0,4.5
Mercedes-Benz New C-Class C 220 CDI Avantgarde,Mercedes-Benz,Mumbai,2015,5,16329.0,Diesel,Automatic,First,19.27,2143.0,170.0,5.0,30.3
Skoda Octavia Elegance 2.0 TDI AT,Skoda,Hyderabad,2014,6,36000.0,Diesel,Automatic,First,19.3,1968.0,141.0,5.0,16.0
BMW X3 xDrive20d xLine,BMW,Kochi,2017,3,41816.0,Diesel,Automatic,First,18.56,1995.0,190.0,5.0,32.78
Hyundai EON Era Plus,Hyundai,Jaipur,2015,5,54680.0,Petrol,Manual,First,21.1,814.0,55.2,5.0,2.5
Audi A4 35 TDI Technology,Audi,Hyderabad,2017,3,14000.0,Diesel,Automatic,First,18.25,1968.0,187.74,5.0,43.0
Ford Figo 2015-2019 1.2P Titanium MT,Ford,Kochi,2017,3,23977.0,Petrol,Manual,First,18.16,1196.0,86.8,5.0,5.38
Maruti Alto K10 2010-2014 VXI,Maruti,Hyderabad,2013,7,30131.0,Petrol,Manual,First,20.92,998.0,67.1,5.0,2.65
Maruti Alto 800 2016-2019 VXI,Maruti,Hyderabad,2017,3,2530.0,Petrol,Manual,First,24.7,796.0,47.3,5.0,3.3
Mercedes-Benz New C-Class C 220 CDI Style,Mercedes-Benz,Hyderabad,2015,5,39000.0,Diesel,Automatic,First,19.27,2143.0,167.62,5.0,34.0
Hyundai Santro D Lite,Hyundai,Chennai,2001,19,140000.0,Petrol,Manual,Third,20.3,1086.0,68.0,5.0,0.7
Hyundai Xcent 1.1 CRDi S,Hyundai,Kochi,2017,3,32257.0,Diesel,Manual,First,24.4,1120.0,71.0,5.0,6.83
Honda Amaze S i-Dtech,Honda,Kochi,2016,4,46983.0,Diesel,Manual,First,25.8,1498.0,98.6,5.0,5.77
Maruti Swift Vdi BSIII,Maruti,Chennai,2008,12,107000.0,Diesel,Manual,Second,17.8,1248.0,75.0,5.0,3.1
Volkswagen Polo 1.2 MPI Comfortline,Volkswagen,Mumbai,2017,3,19000.0,Petrol,Manual,First,16.2,1199.0,74.0,5.0,4.95
Audi A4 2.0 TDI 177 Bhp Premium Plus,Audi,Bangalore,2013,7,88000.0,Diesel,Automatic,First,17.11,1968.0,174.33,5.0,16.25
Land Rover Range Rover 3.6 TDV8 Vogue SE,Land,Coimbatore,2012,8,84384.0,Diesel,Automatic,First,10.2,4367.0,308.0,7.0,52.54
Mahindra XUV500 W8 2WD,Mahindra,Chennai,2011,9,128000.0,Diesel,Manual,Third,16.0,2179.0,140.0,7.0,6.4
Ford Endeavour 2.5L 4X2,Ford,Bangalore,2011,9,71000.0,Diesel,Manual,Third,13.1,2499.0,141.0,7.0,6.95
Tata Indica V2 DLX,Tata,Kolkata,2008,12,50000.0,Diesel,Manual,First,17.2,1396.0,53.5,5.0,0.85
Maruti Baleno Alpha,Maruti,Chennai,2016,4,16000.0,Petrol,Manual,First,21.4,1197.0,83.1,5.0,6.95
Hyundai Xcent 1.1 CRDi Base,Hyundai,Kolkata,2017,3,82000.0,Diesel,Manual,First,24.4,1120.0,71.0,5.0,3.45
Honda Civic 2006-2010 1.8 S MT,Honda,Delhi,2008,12,80000.0,Petrol,Manual,First,13.5,1799.0,130.0,5.0,2.75
Hyundai i20 Sportz Option 1.2,Hyundai,Delhi,2015,5,36000.0,Petrol,Manual,Second,18.6,1197.0,81.83,5.0,4.95
Tata Nexon 1.2 Revotron XZ Plus,Tata,Coimbatore,2018,2,17477.0,Petrol,Manual,First,17.0,1198.0,108.5,5.0,9.62
Hyundai i20 Sportz 1.2,Hyundai,Coimbatore,2016,4,16725.0,Petrol,Manual,First,18.6,1197.0,81.83,5.0,6.79
Maruti Swift Dzire ZXI,Maruti,Mumbai,2014,6,48241.0,Petrol,Manual,First,19.1,1197.0,85.8,5.0,4.5
Maruti Wagon R LXI,Maruti,Kochi,2014,6,52431.0,Petrol,Manual,First,22.5,998.0,67.04,5.0,3.01
Hyundai i20 Sportz 1.4 CRDi,Hyundai,Bangalore,2012,8,68000.0,Diesel,Manual,First,21.9,1396.0,88.76,5.0,4.4
Toyota Fortuner 4x2 AT,Toyota,Hyderabad,2012,8,158000.0,Diesel,Automatic,First,12.55,2982.0,168.5,7.0,17.49
Hyundai i10 Sportz,Hyundai,Coimbatore,2014,6,31446.0,Petrol,Manual,First,20.36,1197.0,78.9,5.0,4.66
Hyundai Grand i10 Asta,Hyundai,Chennai,2015,5,25000.0,Petrol,Manual,First,18.9,1197.0,82.0,5.0,5.5
Hyundai i20 Asta 1.2,Hyundai,Ahmedabad,2016,4,57000.0,Petrol,Manual,First,18.6,1197.0,81.83,5.0,6.0
Hyundai Santro Xing XL AT eRLX Euro II,Hyundai,Hyderabad,2007,13,76000.0,Petrol,Automatic,First,17.0,1086.0,,5.0,2.4
Maruti Vitara Brezza ZDi Plus,Maruti,Kochi,2018,2,57078.0,Diesel,Manual,First,24.3,1248.0,88.5,5.0,10.19
Honda Amaze S i-Dtech,Honda,Kochi,2016,4,47471.0,Diesel,Manual,First,25.8,1498.0,98.6,5.0,5.25
Mercedes-Benz M-Class ML 250 CDI,Mercedes-Benz,Hyderabad,2014,6,50000.0,Diesel,Automatic,First,15.26,2143.0,203.2,5.0,45.0
Hyundai i20 Sportz Diesel,Hyundai,Ahmedabad,2010,10,62000.0,Diesel,Manual,First,23.0,1396.0,90.0,5.0,2.7
Hyundai i10 Era,Hyundai,Coimbatore,2013,7,65807.0,Petrol,Manual,First,19.81,1086.0,68.05,5.0,3.39
Maruti Swift Dzire VDI,Maruti,Hyderabad,2014,6,81768.0,Diesel,Manual,First,26.59,1248.0,74.0,5.0,5.69
BMW Z4 2009-2013 Roadster 2.5i,BMW,Kochi,2018,2,9952.0,Petrol,Automatic,First,10.37,2979.0,306.0,2.0,58.54
Maruti Baleno Alpha Diesel,Maruti,Hyderabad,2017,3,24000.0,Diesel,Manual,First,27.39,1248.0,74.0,5.0,8.4
Chevrolet Beat Diesel,Chevrolet,Hyderabad,2012,8,72921.0,Diesel,Manual,First,25.44,936.0,57.6,5.0,2.5
Honda Brio V MT,Honda,Pune,2012,8,59000.0,Petrol,Manual,First,19.4,1198.0,86.8,5.0,3.25
Ford Figo Diesel Titanium,Ford,Mumbai,2014,6,33000.0,Diesel,Manual,Second,20.0,1399.0,68.05,5.0,3.25
Maruti Celerio VXI AT,Maruti,Pune,2016,4,36789.0,Petrol,Automatic,First,23.1,998.0,67.04,5.0,4.25
Mercedes-Benz New C-Class C 220 CDI Elegance AT,Mercedes-Benz,Jaipur,2014,6,41000.0,Diesel,Automatic,First,14.84,2143.0,170.0,5.0,18.5
Hyundai Santro Xing XL AT eRLX Euro III,Hyundai,Hyderabad,2007,13,71000.0,Petrol,Automatic,First,17.0,1086.0,,5.0,2.4
Honda Brio S MT,Honda,Jaipur,2015,5,46650.0,Petrol,Manual,First,19.4,1198.0,86.8,5.0,4.25
Maruti Baleno Alpha CVT,Maruti,Mumbai,2018,2,3000.0,Petrol,Automatic,First,21.4,1197.0,83.1,5.0,8.85
Hyundai EON Sportz,Hyundai,Coimbatore,2014,6,14799.0,Petrol,Manual,First,21.1,814.0,55.2,5.0,4.14
Toyota Prius 2009-2016 Z4,Toyota,Mumbai,2011,9,44000.0,Electric,Automatic,First,,1798.0,73.0,5.0,12.75
Hyundai i20 1.4 CRDi Sportz,Hyundai,Hyderabad,2015,5,68525.0,Diesel,Manual,First,23.0,1396.0,90.0,5.0,7.0
Ford Endeavour 3.2 Titanium AT 4X4,Ford,Hyderabad,2018,2,15000.0,Diesel,Automatic,First,10.91,3198.0,197.0,7.0,33.0
Honda City i-VTEC VX,Honda,Ahmedabad,2017,3,29000.0,Petrol,Manual,First,17.4,1497.0,117.3,5.0,10.0
Maruti SX4 ZDI,Maruti,Kochi,2012,8,77407.0,Diesel,Manual,Second,21.5,1248.0,88.8,5.0,3.53
Chevrolet Optra Magnum 1.6 LS Petrol,Chevrolet,Jaipur,2007,13,118000.0,Petrol,Manual,First,12.9,1598.0,102.5,5.0,1.35
Volkswagen Vento Diesel Highline,Volkswagen,Delhi,2013,7,75000.0,Diesel,Manual,First,20.54,1598.0,103.6,5.0,4.5
Honda City V MT,Honda,Pune,2012,8,69000.0,Petrol,Manual,First,16.8,1497.0,116.3,5.0,4.9
Hyundai Creta 1.6 CRDi SX Option,Hyundai,Kochi,2016,4,52553.0,Diesel,Manual,First,19.67,1582.0,126.2,5.0,12.26
Hyundai Xcent 1.1 CRDi SX,Hyundai,Mumbai,2014,6,58000.0,Diesel,Manual,Second,24.4,1120.0,71.0,5.0,3.99
Mercedes-Benz GLC 220d 4MATIC Style,Mercedes-Benz,Mumbai,2017,3,24000.0,Diesel,Automatic,First,17.9,2143.0,170.0,5.0,46.95
Ford Figo Diesel EXI,Ford,Hyderabad,2015,5,65542.0,Diesel,Manual,First,20.0,1399.0,68.0,5.0,3.8
Volkswagen Jetta 2007-2011 2.0 TDI Trendline,Volkswagen,Ahmedabad,2013,7,68008.0,Diesel,Manual,Second,15.0,1896.0,105.0,5.0,6.75
Mahindra TUV 300 2015-2019 T8,Mahindra,Coimbatore,2017,3,22251.0,Diesel,Manual,First,18.49,1493.0,100.0,7.0,8.75
Ford Ecosport 1.5 Ti VCT MT Titanium,Ford,Chennai,2013,7,55000.0,Petrol,Manual,Second,15.8,1499.0,110.0,5.0,5.2
Hyundai Verna 1.6 SX VTVT (O),Hyundai,Kochi,2017,3,19387.0,Petrol,Manual,First,17.1,1591.0,121.3,5.0,8.42
Maruti Wagon R LXI CNG,Maruti,Pune,2014,6,58000.0,CNG,Manual,First,26.6,998.0,58.16,5.0,3.0
Hyundai i20 Sportz 1.2,Hyundai,Mumbai,2016,4,24001.0,Petrol,Manual,First,18.6,1197.0,81.83,5.0,5.75
Audi A4 New 2.0 TDI Multitronic,Audi,Kolkata,2008,12,17000.0,Diesel,Automatic,First,15.2,1968.0,140.8,5.0,9.75
Nissan Micra Active XV S,Nissan,Delhi,2015,5,28500.0,Petrol,Manual,First,19.49,1198.0,67.04,5.0,3.5
Mercedes-Benz M-Class ML 250 CDI,Mercedes-Benz,Jaipur,2014,6,66000.0,Diesel,Automatic,First,15.26,2143.0,203.2,5.0,30.0
Land Rover Discovery Sport TD4 S,Land,Delhi,2017,3,22000.0,Diesel,Automatic,First,12.83,2179.0,147.5,5.0,35.0
Hyundai Creta 1.6 SX Option Executive,Hyundai,Coimbatore,2018,2,44383.0,Petrol,Manual,First,15.8,1591.0,121.3,5.0,13.25
Skoda Rapid 1.6 TDI Active,Skoda,Mumbai,2013,7,45000.0,Diesel,Manual,First,20.5,1598.0,103.5,5.0,3.65
Maruti Swift Dzire VDI,Maruti,Jaipur,2015,5,58000.0,Diesel,Manual,First,23.4,1248.0,74.0,5.0,5.25
Hyundai Creta 1.6 SX,Hyundai,Delhi,2016,4,69000.0,Petrol,Manual,First,15.8,1591.0,121.3,5.0,9.7
Hyundai Grand i10 CRDi Sportz,Hyundai,Coimbatore,2017,3,60993.0,Diesel,Manual,First,24.0,1120.0,70.0,5.0,5.21
Mahindra TUV 300 T8,Mahindra,Pune,2016,4,67000.0,Diesel,Manual,First,18.49,1493.0,100.0,7.0,6.3
Hyundai Grand i10 CRDi Sportz,Hyundai,Kochi,2014,6,51134.0,Diesel,Manual,First,24.0,1120.0,70.0,5.0,4.72
BMW X5 xDrive 30d,BMW,Chennai,2011,9,55000.0,Diesel,Automatic,Second,11.7,2993.0,245.0,5.0,28.0
Maruti Dzire AMT VDI,Maruti,Coimbatore,2018,2,25082.0,Diesel,Automatic,First,28.4,1248.0,73.75,5.0,8.37
Toyota Fortuner 4x4 MT,Toyota,Delhi,2012,8,68350.0,Diesel,Manual,First,12.55,2982.0,168.5,7.0,14.0
Audi A6 2011-2015 35 TDI Technology,Audi,Hyderabad,2015,5,50000.0,Diesel,Automatic,First,17.68,1968.0,174.33,5.0,36.0
Honda Jazz 1.5 V i DTEC,Honda,Pune,2015,5,97000.0,Diesel,Manual,First,27.3,1498.0,98.6,5.0,6.4
Audi Q7 4.2 TDI Quattro Technology,Audi,Coimbatore,2015,5,56238.0,Diesel,Automatic,First,11.33,4134.0,335.2,7.0,51.69
Mahindra Scorpio 2009-2014 VLX 2WD 7S BSIV,Mahindra,Jaipur,2014,6,72618.0,Diesel,Manual,First,12.05,2179.0,120.0,7.0,8.0
Chevrolet Cruze LTZ,Chevrolet,Hyderabad,2012,8,62005.0,Diesel,Manual,First,18.3,1991.0,147.9,5.0,9.8
Chevrolet Beat Diesel LT,Chevrolet,Hyderabad,2012,8,61250.0,Diesel,Manual,First,25.44,936.0,57.6,5.0,2.7
Audi A4 35 TDI Premium Plus,Audi,Coimbatore,2014,6,28469.0,Diesel,Automatic,First,18.25,1968.0,187.74,5.0,24.37
Skoda Rapid 1.6 MPI AT Style,Skoda,Kochi,2018,2,21488.0,Petrol,Automatic,First,14.3,1598.0,103.52,5.0,9.72
Maruti Swift Dzire VDI,Maruti,Pune,2014,6,197000.0,Diesel,Manual,First,23.4,1248.0,74.0,5.0,5.0
Toyota Fortuner 3.0 Diesel,Toyota,Pune,2009,11,138205.0,Diesel,Manual,Second,11.5,2982.0,171.0,7.0,10.5
Maruti Swift VDI,Maruti,Jaipur,2012,8,160000.0,Diesel,Manual,Second,22.9,1248.0,74.0,5.0,3.9
Honda City 1.5 V MT Exclusive,Honda,Coimbatore,2012,8,67590.0,Petrol,Manual,First,17.0,1497.0,118.0,5.0,5.65
Mercedes-Benz M-Class ML 250 CDI,Mercedes-Benz,Mumbai,2012,8,52000.0,Diesel,Automatic,First,15.26,2143.0,203.2,5.0,29.95
Maruti Swift Ldi BSIII,Maruti,Bangalore,2008,12,100000.0,Diesel,Manual,Second,17.8,1248.0,75.0,5.0,3.0
Ford Aspire Titanium Diesel,Ford,Kolkata,2017,3,60048.0,Diesel,Manual,First,26.1,1498.0,99.0,5.0,6.0
Hyundai i10 Sportz,Hyundai,Mumbai,2009,11,48000.0,Petrol,Manual,First,20.36,1197.0,78.9,5.0,2.11
Fiat Punto 1.4 Emotion,Fiat,Kolkata,2010,10,47000.0,Petrol,Manual,First,14.6,,,,1.49
Maruti Alto LXi,Maruti,Jaipur,2011,9,100000.0,Petrol,Manual,First,19.7,796.0,46.3,5.0,1.5
Toyota Etios Liva GD,Toyota,Coimbatore,2013,7,62601.0,Diesel,Manual,First,23.59,1364.0,,5.0,4.67
Maruti Swift VXI BSIV,Maruti,Bangalore,2006,14,80010.0,Petrol,Manual,Second,20.4,1197.0,81.8,5.0,2.85
Mercedes-Benz New C-Class C 220 CDI Avantgarde,Mercedes-Benz,Coimbatore,2017,3,26493.0,Diesel,Automatic,First,19.27,2143.0,170.0,5.0,33.64
Tata Indica V2 DLE BSIII,Tata,Hyderabad,2011,9,96000.0,Diesel,Manual,Second,17.88,1396.0,52.8,5.0,0.91
Maruti Alto 800 VXI,Maruti,Jaipur,2014,6,45700.0,Petrol,Manual,Second,22.74,796.0,47.3,5.0,2.42
Skoda Superb 2.8 V6 AT,Skoda,Kolkata,2005,15,13000.0,Petrol,Automatic,First,9.3,2771.0,193.1,5.0,3.25
Volkswagen Polo Petrol Comfortline 1.2L,Volkswagen,Kolkata,2013,7,38000.0,Petrol,Manual,First,16.47,1198.0,73.9,5.0,2.8
Maruti Dzire AMT ZXI Plus,Maruti,Coimbatore,2019,1,8018.0,Petrol,Automatic,First,22.0,1197.0,81.8,5.0,8.3
Mahindra Scorpio VLX,Mahindra,Bangalore,2010,10,144400.0,Diesel,Manual,Third,12.05,2179.0,120.0,8.0,5.25
Maruti Swift Vdi BSIII,Maruti,Jaipur,2010,10,152000.0,Diesel,Manual,First,17.8,1248.0,75.0,5.0,2.9
BMW 3 Series 320d Prestige,BMW,Pune,2013,7,71000.0,Diesel,Automatic,First,18.88,1995.0,184.0,5.0,15.0
Tata Nano STD SE,Tata,Jaipur,2012,8,80000.0,Petrol,Manual,Second,25.4,624.0,37.5,4.0,0.53
Toyota Innova 2.5 VX (Diesel) 8 Seater,Toyota,Mumbai,2014,6,87143.0,Diesel,Manual,First,12.99,2494.0,100.0,8.0,12.5
Honda Brio S Option MT,Honda,Mumbai,2012,8,25000.0,Petrol,Manual,First,18.4,1198.0,86.8,5.0,2.75
Tata Tiago AMT 1.2 Revotron XZA,Tata,Pune,2018,2,2000.0,Petrol,Automatic,First,23.84,1199.0,83.83,5.0,5.0
Mahindra Scorpio SLE BSIV,Mahindra,Kochi,2014,6,45239.0,Diesel,Manual,First,12.05,2179.0,120.0,8.0,7.09
BMW 5 Series 2003-2012 525d,BMW,Hyderabad,2011,9,101999.0,Diesel,Automatic,First,16.73,1995.0,218.0,5.0,19.99
Toyota Corolla Altis D-4D GL,Toyota,Mumbai,2014,6,74219.0,Diesel,Manual,First,21.43,1364.0,87.2,5.0,10.75
Honda City i VTEC CVT VX,Honda,Mumbai,2016,4,25000.0,Petrol,Automatic,First,18.0,1497.0,117.3,5.0,9.45
Hyundai Verna CRDi 1.6 SX Option,Hyundai,Hyderabad,2008,12,109606.0,Diesel,Manual,First,22.0,1582.0,126.2,5.0,2.9
Maruti Swift Dzire VDI Optional,Maruti,Kolkata,2015,5,36000.0,Diesel,Manual,First,26.59,1248.0,74.0,5.0,4.7
Maruti Ciaz ZXi,Maruti,Coimbatore,2016,4,41810.0,Petrol,Manual,First,20.73,1373.0,91.1,5.0,7.11
Ford Ecosport 1.5 DV5 MT Titanium,Ford,Jaipur,2014,6,93321.0,Diesel,Manual,First,22.7,1498.0,89.84,5.0,6.25
Maruti Alto K10 2010-2014 VXI,Maruti,Hyderabad,2011,9,81000.0,Petrol,Manual,First,20.92,998.0,67.1,5.0,2.2
Honda Amaze V CVT Petrol,Honda,Kochi,2019,1,25717.0,Petrol,Automatic,First,19.0,1199.0,88.76,5.0,8.86
Mahindra XUV500 W6 2WD,Mahindra,Delhi,2015,5,37000.0,Diesel,Manual,First,15.1,2179.0,140.0,7.0,9.3
Mahindra TUV 300 2015-2019 T8,Mahindra,Coimbatore,2017,3,56380.0,Diesel,Manual,First,18.49,1493.0,100.0,7.0,7.57
Honda Jazz VX,Honda,Chennai,2017,3,8000.0,Petrol,Manual,First,18.2,1199.0,88.7,5.0,7.9
Maruti Swift VXI BSIII W/ ABS,Maruti,Kochi,2018,2,14589.0,Petrol,Manual,First,16.1,1298.0,88.2,5.0,5.65
Volkswagen Polo Petrol Highline 1.2L,Volkswagen,Delhi,2013,7,65088.0,Petrol,Manual,First,16.47,1198.0,73.9,5.0,3.25
Hyundai Creta 1.6 SX Option Diesel,Hyundai,Coimbatore,2019,1,24864.0,Diesel,Manual,First,20.5,1582.0,126.2,5.0,16.27
Chevrolet Beat LS,Chevrolet,Coimbatore,2011,9,64831.0,Petrol,Manual,First,18.6,1199.0,79.4,5.0,3.21
Honda Amaze VX i-DTEC,Honda,Kolkata,2013,7,38001.0,Diesel,Manual,First,25.8,1498.0,98.6,5.0,3.9
Mercedes-Benz E-Class 230 E AT,Mercedes-Benz,Mumbai,2008,12,77000.0,Petrol,Automatic,Second,10.0,2496.0,157.7,5.0,6.5
BMW 5 Series 530d M Sport,BMW,Hyderabad,2016,4,27000.0,Diesel,Automatic,First,18.59,2993.0,265.0,5.0,48.0
Audi A3 35 TDI Premium Plus,Audi,Mumbai,2016,4,39000.0,Diesel,Automatic,First,20.38,1968.0,143.0,5.0,18.9
Maruti Swift Dzire VDI,Maruti,Pune,2015,5,131000.0,Diesel,Manual,First,26.59,1248.0,74.0,5.0,3.6
Maruti Swift Dzire VDI,Maruti,Kolkata,2015,5,43000.0,Diesel,Manual,First,26.59,1248.0,74.0,5.0,5.5
Toyota Innova 2.5 V Diesel 7-seater,Toyota,Pune,2011,9,68000.0,Diesel,Manual,Second,12.8,2494.0,102.0,7.0,7.0
BMW X3 xDrive20d,BMW,Bangalore,2016,4,45165.0,Diesel,Automatic,First,16.09,1995.0,184.0,5.0,41.75
BMW 5 Series 2003-2012 525d,BMW,Hyderabad,2007,13,120000.0,Diesel,Automatic,First,16.73,1995.0,218.0,5.0,10.5
Mahindra XUV500 W8 2WD,Mahindra,Coimbatore,2014,6,86091.0,Diesel,Manual,First,15.1,2179.0,140.0,7.0,10.09
Honda City 1.5 S MT,Honda,Delhi,2009,11,71499.0,Petrol,Manual,First,17.0,1497.0,118.0,5.0,3.0
Force One LX 4x4,Force,Chennai,2014,6,50000.0,Diesel,Manual,First,17.0,2200.0,139.01,7.0,12.0
Volkswagen Polo 1.5 TDI Comfortline,Volkswagen,Jaipur,2015,5,66000.0,Diesel,Manual,First,20.14,1498.0,88.0,5.0,4.91
Honda Jazz S,Honda,Kolkata,2010,10,45000.0,Petrol,Manual,First,16.0,1198.0,90.0,5.0,2.0
Toyota Etios Liva GD SP,Toyota,Hyderabad,2015,5,69189.0,Diesel,Manual,First,23.59,1364.0,67.06,5.0,5.3
Nissan Terrano XV Premium 110 PS,Nissan,Mumbai,2014,6,40206.0,Diesel,Manual,First,19.01,1461.0,108.5,5.0,7.22
BMW X3 xDrive 20d xLine,BMW,Kochi,2017,3,36723.0,Diesel,Automatic,First,18.56,1995.0,190.0,5.0,32.57
Hyundai i20 1.2 Magna,Hyundai,Mumbai,2010,10,57500.0,Petrol,Manual,First,18.5,1197.0,80.0,5.0,2.75
Maruti Eeco 5 STR With AC Plus HTR CNG,Maruti,Kochi,2018,2,43912.0,CNG,Manual,First,15.1,1196.0,73.0,5.0,4.33
Ford Fiesta EXi 1.4 TDCi Ltd,Ford,Hyderabad,2011,9,52000.0,Diesel,Manual,First,17.8,1399.0,68.0,5.0,3.75
Honda City 1.5 V AT,Honda,Kochi,2014,6,60952.0,Petrol,Automatic,First,16.8,1497.0,118.0,5.0,5.91
Maruti Swift VDI BSIV,Maruti,Chennai,2013,7,87192.0,Diesel,Manual,First,25.2,1248.0,74.0,5.0,4.35
Hyundai Grand i10 CRDi SportZ Edition,Hyundai,Delhi,2014,6,58000.0,Diesel,Manual,First,24.0,1120.0,70.0,5.0,3.25
Audi Q7 45 TDI Quattro Technology,Audi,Pune,2017,3,59500.0,Diesel,Automatic,First,14.75,2967.0,245.0,7.0,68.0
Volkswagen Ameo 1.2 MPI Highline 16 Alloy,Volkswagen,Mumbai,2016,4,16650.0,Petrol,Manual,First,17.0,1198.0,74.0,5.0,5.5
Honda City i VTEC CVT VX,Honda,Kochi,2018,2,34696.0,Petrol,Automatic,First,18.0,1497.0,117.3,5.0,12.08
Maruti Baleno Alpha 1.3,Maruti,Kochi,2018,2,42243.0,Diesel,Manual,First,27.39,1248.0,74.0,5.0,7.48
Hyundai Grand i10 CRDi Sportz,Hyundai,Jaipur,2016,4,57824.0,Diesel,Manual,First,24.0,1120.0,70.0,5.0,5.5
Maruti Swift Dzire VDi,Maruti,Jaipur,2011,9,110000.0,Diesel,Manual,First,19.3,1248.0,73.9,5.0,3.5
Maruti Swift 1.3 VXi,Maruti,Delhi,2006,14,63000.0,Petrol,Manual,First,16.1,,,,1.6
Land Rover Freelander 2 TD4 HSE,Land,Delhi,2013,7,72000.0,Diesel,Automatic,First,,2179.0,115.0,5.0,15.5
Toyota Fortuner 3.0 Diesel,Toyota,Hyderabad,2013,7,63455.0,Diesel,Manual,First,11.5,2982.0,171.0,7.0,19.0
Honda Jazz VX Diesel,Honda,Hyderabad,2017,3,17151.0,Diesel,Manual,First,27.3,1498.0,98.6,5.0,8.4
Maruti Vitara Brezza LDi Option,Maruti,Pune,2016,4,31001.0,Diesel,Manual,First,24.3,1248.0,88.5,5.0,7.25
Maruti Swift Dzire VDI,Maruti,Kolkata,2014,6,42109.0,Diesel,Manual,First,23.4,1248.0,74.0,5.0,4.25
Skoda Rapid 1.5 TDI AT Elegance,Skoda,Delhi,2015,5,55000.0,Diesel,Automatic,Second,21.66,1498.0,103.52,5.0,5.7
Land Rover Freelander 2 TD4 SE,Land,Hyderabad,2013,7,46000.0,Diesel,Automatic,Second,,2179.0,115.0,5.0,26.0
Maruti Alto 800 LXI,Maruti,Hyderabad,2013,7,30852.0,Petrol,Manual,First,22.74,796.0,47.3,5.0,2.49
Volkswagen Polo Petrol Highline 1.2L,Volkswagen,Pune,2011,9,65000.0,Petrol,Manual,Second,16.47,1198.0,73.9,5.0,3.0
Honda City i DTEC SV,Honda,Delhi,2015,5,65000.0,Diesel,Manual,First,26.0,1498.0,98.6,5.0,5.95
Maruti Swift Dzire LDI,Maruti,Delhi,2013,7,72000.0,Diesel,Manual,First,23.4,1248.0,74.0,5.0,2.69
Audi A4 2.0 TDI 177 Bhp Technology Edition,Audi,Bangalore,2014,6,29000.0,Diesel,Automatic,First,17.11,1968.0,174.33,5.0,26.0
Honda City i VTEC VX,Honda,Kolkata,2015,5,32000.0,Petrol,Manual,First,17.8,1497.0,117.3,5.0,5.5
Ford Figo Aspire 1.2 Ti-VCT Ambiente,Ford,Chennai,2016,4,29875.0,Petrol,Manual,First,18.16,1196.0,86.8,5.0,4.85
Maruti Vitara Brezza LDi,Maruti,Kochi,2018,2,32539.0,Diesel,Manual,First,24.3,1248.0,88.5,5.0,8.39
Renault Duster 110PS Diesel RxL,Renault,Hyderabad,2015,5,83090.0,Diesel,Manual,First,19.01,1461.0,108.45,5.0,7.99
Hyundai i20 Active 1.4 SX,Hyundai,Hyderabad,2016,4,62679.0,Diesel,Manual,First,21.19,1396.0,88.73,5.0,6.95
Mahindra Logan Petrol 1.4 GLE,Mahindra,Mumbai,2010,10,93000.0,Petrol,Manual,First,15.7,1390.0,75.0,5.0,1.5
Honda City ZX GXi,Honda,Mumbai,2006,14,44000.0,Petrol,Manual,First,17.7,1497.0,78.0,5.0,1.55
Ford Figo Petrol EXI,Ford,Bangalore,2010,10,78400.0,Petrol,Manual,Second,15.6,1196.0,70.0,5.0,2.75
Renault Duster Petrol RxL,Renault,Mumbai,2014,6,71300.0,Petrol,Manual,First,13.06,1598.0,102.53,5.0,4.25
Hyundai i10 Sportz 1.2,Hyundai,Kolkata,2015,5,18000.0,Petrol,Manual,First,20.36,1197.0,78.9,5.0,2.85
Land Rover Discovery Sport TD4 HSE 7S,Land,Coimbatore,2019,1,24013.0,Diesel,Automatic,First,12.81,1999.0,148.31,7.0,56.14
Audi Q5 2008-2012 2.0 TFSI Quattro,Audi,Ahmedabad,2009,11,99100.0,Petrol,Automatic,Second,9.74,1984.0,208.0,5.0,10.0
Maruti Versa DX2 BS II,Maruti,Mumbai,2003,17,62000.0,Petrol,Manual,Second,11.3,1298.0,83.1,8.0,1.25
Maruti Swift Dzire ZDI,Maruti,Kolkata,2017,3,14000.0,Diesel,Manual,First,26.59,1248.0,74.0,5.0,7.5
Audi A4 2.0 TDI Premium Sport Limited Edition,Audi,Coimbatore,2015,5,44811.0,Diesel,Automatic,First,17.11,1968.0,174.33,5.0,25.81
Volkswagen Polo 1.2 MPI Comfortline,Volkswagen,Ahmedabad,2014,6,44000.0,Petrol,Manual,First,16.47,1198.0,74.0,5.0,4.3
Toyota Fortuner 3.0 Diesel,Toyota,Chennai,2010,10,136000.0,Diesel,Manual,Second,11.5,2982.0,171.0,7.0,11.0
Toyota Fortuner 3.0 Diesel,Toyota,Jaipur,2010,10,144113.0,Diesel,Manual,Second,11.5,2982.0,171.0,7.0,11.75
Honda Accord 2.4 MT,Honda,Coimbatore,2012,8,94989.0,Petrol,Manual,First,12.8,2354.0,177.6,5.0,6.58
Maruti Swift ZDi,Maruti,Chennai,2012,8,58133.0,Diesel,Manual,First,22.9,1248.0,74.0,5.0,4.8
Skoda Fabia 1.2 MPI Classic,Skoda,Pune,2008,12,61000.0,Petrol,Manual,Second,17.5,1198.0,70.0,5.0,1.65
Jeep Compass 2.0 Sport,Jeep,Kolkata,2017,3,27000.0,Diesel,Manual,First,17.1,1956.0,170.0,5.0,15.0
Tata Nano Twist XT,Tata,Ahmedabad,2014,6,18050.0,Petrol,Manual,Second,25.4,624.0,37.5,4.0,1.0
Ford Fiesta 1.6 ZXi ABS,Ford,Hyderabad,2007,13,145277.0,Petrol,Manual,First,15.3,1596.0,101.0,5.0,1.65
Maruti Celerio ZDi,Maruti,Ahmedabad,2015,5,42000.0,Diesel,Manual,First,27.62,793.0,47.0,5.0,3.6
Toyota Fortuner 3.0 Diesel,Toyota,Delhi,2011,9,86000.0,Diesel,Manual,First,11.5,2982.0,171.0,7.0,11.5
Maruti Celerio ZDi,Maruti,Ahmedabad,2015,5,42150.0,Diesel,Manual,First,27.62,793.0,47.0,5.0,3.6
Hyundai EON Era Plus,Hyundai,Pune,2015,5,30158.0,Petrol,Manual,First,21.1,814.0,55.2,5.0,3.05
Ford Fiesta Diesel Trend,Ford,Bangalore,2011,9,47000.0,Diesel,Manual,Second,23.5,1498.0,90.0,5.0,6.0
Volkswagen Polo 1.2 MPI Comfortline,Volkswagen,Ahmedabad,2013,7,39000.0,Petrol,Manual,First,16.47,1198.0,74.0,5.0,3.75
Volkswagen Polo 1.2 MPI Comfortline,Volkswagen,Coimbatore,2016,4,32125.0,Petrol,Manual,First,16.2,1199.0,74.0,5.0,6.17
Maruti Vitara Brezza ZDi,Maruti,Coimbatore,2017,3,58829.0,Diesel,Manual,First,24.3,1248.0,88.5,5.0,9.05
Honda Brio S MT,Honda,Coimbatore,2013,7,67559.0,Petrol,Manual,First,19.4,1198.0,86.8,5.0,4.05
Maruti Swift Dzire VXi,Maruti,Pune,2013,7,55000.0,Petrol,Manual,First,17.5,1298.0,85.8,5.0,4.25
Maruti Celerio LXI MT,Maruti,Kolkata,2018,2,30000.0,Petrol,Manual,First,23.1,998.0,67.04,5.0,3.75
Hyundai Creta 1.6 SX Plus Petrol Automatic,Hyundai,Mumbai,2016,4,28000.0,Petrol,Automatic,First,13.0,1591.0,121.3,5.0,11.85
Ford Ecosport 1.5 DV5 MT Titanium,Ford,Kochi,2016,4,31826.0,Diesel,Manual,First,22.7,1498.0,89.84,5.0,8.24
Maruti Swift VDI BSIV W ABS,Maruti,Hyderabad,2016,4,64000.0,Diesel,Manual,First,17.8,1248.0,,5.0,5.99
Honda CR-V RVi MT,Honda,Jaipur,2008,12,100009.0,Petrol,Manual,Second,13.1,1997.0,141.1,5.0,6.5
Land Rover Discovery Sport SD4 HSE Luxury 7S,Land,Coimbatore,2019,1,17201.0,Diesel,Automatic,First,12.51,2179.0,187.7,7.0,58.91
Mahindra XUV500 W8 2WD,Mahindra,Delhi,2014,6,74345.0,Diesel,Manual,First,15.1,2179.0,140.0,7.0,8.0
Volkswagen Polo 1.2 MPI Highline,Volkswagen,Kochi,2015,5,58134.0,Petrol,Manual,First,16.47,1198.0,74.0,5.0,4.64
Hyundai i10 Magna AT,Hyundai,Kochi,2010,10,30566.0,Petrol,Automatic,First,19.2,1197.0,80.0,5.0,3.32
Hyundai i10 Magna 1.2,Hyundai,Chennai,2012,8,55231.0,Petrol,Manual,Second,20.36,1197.0,78.9,5.0,2.78
Chevrolet Cruze LTZ AT,Chevrolet,Kochi,2016,4,67774.0,Diesel,Automatic,First,14.81,1998.0,163.7,5.0,8.95
Mercedes-Benz E-Class E 200 CGI,Mercedes-Benz,Mumbai,2013,7,50319.0,Petrol,Automatic,First,12.0,1991.0,181.03,5.0,21.95
Hyundai Sonata 2.4 GDI,Hyundai,Ahmedabad,2013,7,45000.0,Petrol,Manual,First,11.7,2359.0,134.0,5.0,7.9
Mercedes-Benz New C-Class C 200 Kompressor Elegance AT,Mercedes-Benz,Kolkata,2007,13,43627.0,Petrol,Automatic,First,11.74,1796.0,186.0,5.0,29.0
Volkswagen Polo Diesel Trendline 1.2L,Volkswagen,Kolkata,2013,7,45000.0,Diesel,Manual,First,22.07,1199.0,73.9,5.0,3.25
Honda City i VTEC SV,Honda,Mumbai,2014,6,10500.0,Petrol,Manual,First,17.4,1497.0,117.3,5.0,5.9
Maruti Vitara Brezza ZDi,Maruti,Coimbatore,2017,3,21789.0,Diesel,Manual,First,24.3,1248.0,88.5,5.0,9.88
Hyundai Elite i20 Asta Option,Hyundai,Coimbatore,2019,1,21134.0,Petrol,Manual,First,18.6,1197.0,81.86,5.0,8.78
Tata New Safari Dicor EX 4X2,Tata,Kolkata,2011,9,90000.0,Diesel,Manual,Second,13.93,2179.0,138.1,7.0,2.75
Nissan Sunny 2011-2014 Diesel XL,Nissan,Kochi,2014,6,51553.0,Diesel,Manual,First,21.64,1461.0,84.8,5.0,5.98
BMW 3 Series 330 Ci Convertible,BMW,Delhi,2011,9,31000.0,Petrol,Automatic,First,10.9,2497.0,215.0,5.0,31.0
Toyota Corolla 1.8 J,Toyota,Delhi,2011,9,67422.0,Petrol,Manual,Second,14.53,1798.0,138.0,5.0,3.55
Hyundai Verna 1.6 SX,Hyundai,Kochi,2015,5,60519.0,Diesel,Manual,First,22.32,1582.0,126.32,5.0,6.24
Maruti Swift Dzire VDi,Maruti,Kolkata,2009,11,34000.0,Diesel,Manual,First,19.3,1248.0,73.9,5.0,2.19
Maruti Dzire VDI,Maruti,Hyderabad,2013,7,68434.0,Diesel,Manual,First,28.4,1248.0,73.75,5.0,5.5
Maruti Alto K10 VXI,Maruti,Pune,2014,6,17000.0,Petrol,Manual,First,24.07,998.0,67.1,5.0,2.1
Jaguar XJ 5.0 L V8 Supercharged,Jaguar,Coimbatore,2011,9,43686.0,Petrol,Automatic,First,10.5,5000.0,503.0,4.0,50.66
Mercedes-Benz New C-Class 220 CDI AT,Mercedes-Benz,Kolkata,2012,8,22000.0,Diesel,Automatic,First,14.84,2143.0,170.0,5.0,14.0
Hyundai Verna CRDi 1.6 SX Option,Hyundai,Mumbai,2013,7,79225.0,Diesel,Manual,First,22.0,1582.0,126.2,5.0,5.5
Chevrolet Aveo 1.6 LT,Chevrolet,Pune,2007,13,63000.0,Petrol,Manual,Third,14.2,1598.0,102.0,5.0,1.2
Maruti Swift VXI BSIV,Maruti,Hyderabad,2014,6,61922.0,Petrol,Manual,First,20.4,1197.0,81.8,5.0,5.3
Hyundai Verna 1.6 CRDi S,Hyundai,Chennai,2015,5,85000.0,Diesel,Manual,First,23.9,1582.0,126.2,5.0,6.3
Mercedes-Benz GLC 220d Celebration Edition,Mercedes-Benz,Kochi,2017,3,26192.0,Diesel,Automatic,First,17.9,2143.0,168.0,5.0,40.47
Toyota Fortuner 4x2 Manual,Toyota,Delhi,2013,7,65000.0,Diesel,Manual,First,13.0,2982.0,168.5,7.0,16.1
Audi Q5 2008-2012 2.0 TDI,Audi,Delhi,2014,6,44999.0,Diesel,Automatic,First,12.8,1968.0,167.6,5.0,25.0
BMW 3 Series 320d Dynamic,BMW,Mumbai,2008,12,81308.0,Diesel,Automatic,Second,13.2,1995.0,170.0,5.0,7.95
Maruti Alto 800 2016-2019 LXI,Maruti,Delhi,2016,4,35000.0,Petrol,Manual,First,24.7,796.0,47.3,5.0,2.65
Maruti Alto K10 2010-2014 VXI,Maruti,Coimbatore,2012,8,65349.0,Petrol,Manual,First,20.92,998.0,67.1,5.0,2.81
Audi A4 1.8 TFSI Technology Edition,Audi,Hyderabad,2012,8,80000.0,Petrol,Automatic,First,15.64,1798.0,167.62,5.0,17.5
Maruti Swift VXi BSIV,Maruti,Mumbai,2012,8,61000.0,Petrol,Manual,First,16.1,1197.0,85.0,5.0,3.3
Maruti Wagon R VXI,Maruti,Kochi,2019,1,31817.0,Petrol,Manual,First,22.5,998.0,67.04,5.0,5.34
Skoda Rapid 1.5 TDI Ambition,Skoda,Hyderabad,2016,4,41000.0,Diesel,Manual,First,21.14,1498.0,103.52,5.0,8.5
Honda Jazz S,Honda,Kochi,2010,10,82606.0,Petrol,Manual,Second,16.0,1198.0,90.0,5.0,2.69
Mahindra XUV500 W10 2WD,Mahindra,Ahmedabad,2015,5,52000.0,Diesel,Manual,First,16.0,2179.0,140.0,7.0,11.5
Maruti Ritz VXi,Maruti,Coimbatore,2011,9,50318.0,Petrol,Manual,First,18.5,1197.0,85.8,5.0,4.06
Mercedes-Benz GLE 250d,Mercedes-Benz,Hyderabad,2016,4,50000.0,Diesel,Automatic,First,17.9,2143.0,201.15,5.0,49.0
Skoda Rapid 1.6 TDI Ambition,Skoda,Bangalore,2012,8,72000.0,Diesel,Manual,First,20.5,1598.0,103.5,5.0,4.6
Hyundai Grand i10 CRDi Magna,Hyundai,Delhi,2015,5,63776.0,Diesel,Manual,First,24.0,1120.0,70.0,5.0,3.96
Hyundai Elite i20 Petrol Asta,Hyundai,Mumbai,2015,5,28133.0,Petrol,Manual,First,18.6,1197.0,81.86,5.0,5.6
Tata Zest Quadrajet 1.3 75PS XE,Tata,Kolkata,2017,3,45000.0,Diesel,Manual,First,22.95,1248.0,74.0,5.0,3.75
Hyundai i20 Magna 1.4 CRDi,Hyundai,Jaipur,2015,5,55697.0,Diesel,Manual,First,22.54,1396.0,88.73,5.0,5.5
Skoda Rapid 1.6 TDI Elegance,Skoda,Delhi,2012,8,62000.0,Diesel,Manual,Second,20.5,1598.0,103.5,5.0,3.0
Fiat Linea Emotion,Fiat,Mumbai,2011,9,48000.0,Petrol,Manual,First,16.0,1368.0,90.0,5.0,3.0
Maruti Swift VXI BSIII W/ ABS,Maruti,Pune,2010,10,90246.0,Petrol,Manual,First,16.1,1298.0,88.2,5.0,2.95
Tata Indica V2 2001-2011 eLS,Tata,Hyderabad,2015,5,80500.0,Diesel,Manual,First,25.0,1396.0,69.0,5.0,2.45
Mercedes-Benz New C-Class C 220 CDI Elegance AT,Mercedes-Benz,Pune,2012,8,119000.0,Diesel,Automatic,First,14.84,2143.0,170.0,5.0,13.99
Mercedes-Benz GLE 350d,Mercedes-Benz,Bangalore,2016,4,28541.0,Diesel,Automatic,First,11.57,2987.0,254.79,5.0,60.75
Hyundai Santro Xing XP,Hyundai,Kolkata,2008,12,45500.0,Petrol,Manual,Second,,1086.0,,5.0,1.17
Honda City V MT AVN,Honda,Chennai,2012,8,41000.0,Petrol,Manual,Second,16.8,1497.0,116.3,5.0,4.5
Hyundai i20 Magna,Hyundai,Mumbai,2010,10,58000.0,Petrol,Manual,Second,18.5,1197.0,80.0,5.0,2.5
Toyota Fortuner 4x2 Manual,Toyota,Chennai,2015,5,99000.0,Diesel,Manual,First,13.0,2982.0,168.5,7.0,20.5
Hyundai Grand i10 Magna,Hyundai,Delhi,2014,6,31200.0,Petrol,Manual,First,18.9,1197.0,82.0,5.0,3.9
Volkswagen Jetta 2007-2011 2.0 TDI Comfortline,Volkswagen,Chennai,2009,11,85000.0,Diesel,Manual,Second,15.0,1896.0,105.0,5.0,3.5
Ford EcoSport 1.5 Ti VCT AT Titanium,Ford,Hyderabad,2016,4,60924.0,Petrol,Automatic,First,15.63,1499.0,110.4,5.0,8.3
Hyundai EON Magna Plus,Hyundai,Chennai,2012,8,45000.0,Petrol,Manual,First,21.1,814.0,55.2,5.0,2.5
Nissan Micra XV CVT,Nissan,Kolkata,2011,9,44000.0,Petrol,Automatic,First,19.15,1198.0,75.94,5.0,2.65
Honda Jazz 1.2 V CVT i VTEC,Honda,Kochi,2016,4,30534.0,Petrol,Automatic,First,19.0,1199.0,88.7,5.0,7.42
Volkswagen Polo 1.2 MPI Trendline,Volkswagen,Kochi,2016,4,46399.0,Petrol,Manual,First,16.47,1198.0,74.0,5.0,4.63
Maruti Alto LXi,Maruti,Kolkata,2008,12,42000.0,Petrol,Manual,First,19.7,796.0,46.3,5.0,1.09
Hyundai Verna 1.6 SX,Hyundai,Delhi,2011,9,67000.0,Diesel,Manual,First,22.32,1582.0,126.32,5.0,3.8
Mercedes-Benz E-Class 2009-2013 E 220 CDI Avantgarde,Mercedes-Benz,Mumbai,2013,7,58000.0,Diesel,Automatic,First,10.0,2148.0,170.0,5.0,15.75
Tata Zest Revotron 1.2 XT,Tata,Coimbatore,2015,5,27000.0,Petrol,Manual,First,17.57,1193.0,88.7,5.0,5.27
Honda Brio S Option MT,Honda,Mumbai,2012,8,39566.0,Petrol,Manual,Second,18.4,1198.0,86.8,5.0,2.75
Honda Jazz VX Diesel,Honda,Chennai,2016,4,14980.0,Diesel,Manual,First,27.3,1498.0,98.6,5.0,7.4
Maruti Alto K10 VXI AGS,Maruti,Jaipur,2017,3,18491.0,Petrol,Automatic,First,24.07,998.0,67.1,5.0,3.9
Maruti Zen VXi - BS III,Maruti,Jaipur,2000,20,90000.0,Petrol,Manual,Second,17.3,993.0,60.0,5.0,0.7
Hyundai i20 Sportz 1.4 CRDi,Hyundai,Pune,2015,5,118211.0,Diesel,Manual,First,22.54,1396.0,88.73,5.0,5.9
Maruti SX4 S Cross DDiS 320 Zeta,Maruti,Coimbatore,2016,4,63316.0,Diesel,Manual,First,22.7,1598.0,118.0,5.0,9.58
Mercedes-Benz E-Class 2009-2013 E250 CDI Elegance,Mercedes-Benz,Delhi,2014,6,42000.0,Diesel,Automatic,First,14.21,2143.0,203.0,5.0,24.95
Chevrolet Enjoy Petrol LS 7 Seater,Chevrolet,Kochi,2015,5,25648.0,Petrol,Manual,First,13.7,1399.0,98.82,7.0,4.29
Mercedes-Benz E-Class 2009-2013 E250 CDI Blue Efficiency,Mercedes-Benz,Delhi,2011,9,67612.0,Diesel,Automatic,Second,14.21,2143.0,203.0,5.0,11.5
Mahindra XUV500 W4,Mahindra,Mumbai,2016,4,33000.0,Diesel,Manual,First,16.0,2179.0,140.0,7.0,9.65
Hyundai i10 Sportz,Hyundai,Mumbai,2015,5,20000.0,Petrol,Manual,First,20.36,1197.0,78.9,5.0,3.75
Hyundai Getz 1.3 GLS,Hyundai,Pune,2007,13,143000.0,Petrol,Manual,Second,14.2,1341.0,82.9,5.0,1.1
Audi Q7 3.0 TDI quattro,Audi,Coimbatore,2014,6,118218.0,Diesel,Automatic,First,12.07,2967.0,241.4,7.0,31.41
Mahindra Scorpio SLE BSIV,Mahindra,Pune,2012,8,99000.0,Diesel,Manual,Third,12.05,2179.0,120.0,8.0,6.0
Honda Jazz 1.2 SV i VTEC,Honda,Pune,2016,4,22700.0,Petrol,Manual,First,18.7,1199.0,88.7,5.0,5.55
Tata Safari Storme 2012-2015 EX,Tata,Jaipur,2017,3,28000.0,Diesel,Manual,First,14.0,2179.0,138.1,7.0,10.91
Mahindra XUV500 W6 2WD,Mahindra,Kolkata,2014,6,62000.0,Diesel,Manual,First,15.1,2179.0,140.0,7.0,7.25
Volkswagen Polo Diesel Comfortline 1.2L,Volkswagen,Hyderabad,2012,8,107023.0,Diesel,Manual,First,22.07,1199.0,73.9,5.0,3.9
Maruti Swift Dzire ZDi,Maruti,Delhi,2012,8,71082.0,Diesel,Manual,First,19.3,1248.0,73.9,5.0,3.95
Audi Q3 2.0 TDI,Audi,Mumbai,2013,7,60000.0,Diesel,Automatic,First,15.73,1968.0,174.33,5.0,22.0
Maruti Celerio ZXI,Maruti,Delhi,2014,6,21701.0,Petrol,Manual,First,23.1,998.0,67.04,5.0,3.38
Honda City V MT Exclusive,Honda,Mumbai,2011,9,56000.0,Petrol,Manual,First,16.8,1497.0,116.3,5.0,3.45
Hyundai i20 1.2 Spotz,Hyundai,Delhi,2016,4,32450.0,Petrol,Manual,First,18.6,1197.0,81.83,5.0,5.75
Renault KWID RXT,Renault,Jaipur,2016,4,12500.0,Petrol,Manual,First,25.17,799.0,53.3,5.0,2.75
Mercedes-Benz CLA 200 CDI Sport,Mercedes-Benz,Kochi,2019,1,20483.0,Diesel,Automatic,First,17.9,2143.0,136.0,5.0,30.3
Ford Ecosport 1.5 DV5 MT Titanium,Ford,Hyderabad,2014,6,45800.0,Diesel,Manual,First,22.7,1498.0,89.84,5.0,7.5
Hyundai i20 Asta 1.2,Hyundai,Coimbatore,2015,5,35441.0,Petrol,Manual,First,18.6,1197.0,81.83,5.0,6.87
Toyota Innova 2.5 ZX Diesel 7 Seater,Toyota,Bangalore,2015,5,86398.0,Diesel,Manual,First,12.99,2494.0,100.6,7.0,15.2
Nissan Sunny 2011-2014 Diesel XL,Nissan,Chennai,2012,8,150000.0,Diesel,Manual,First,21.64,1461.0,84.8,5.0,3.5
Maruti Swift VDI BSIV,Maruti,Hyderabad,2014,6,89000.0,Diesel,Manual,First,25.2,1248.0,74.0,5.0,5.85
Maruti A-Star Vxi,Maruti,Hyderabad,2010,10,68375.0,Petrol,Manual,First,19.0,998.0,66.1,5.0,2.5
Maruti Swift ZXI,Maruti,Pune,2013,7,52000.0,Petrol,Manual,First,18.6,1197.0,85.8,5.0,3.95
Mercedes-Benz CLA 200 CDI Sport,Mercedes-Benz,Jaipur,2017,3,39000.0,Diesel,Automatic,First,17.9,2143.0,136.0,5.0,27.0
Maruti Ertiga ZXI,Maruti,Bangalore,2014,6,68000.0,Petrol,Manual,Second,16.02,1373.0,93.7,7.0,6.75
Maruti Wagon R LXI,Maruti,Jaipur,2007,13,71000.0,Petrol,Manual,Second,18.9,998.0,67.1,5.0,1.5
Volkswagen Polo Diesel Trendline 1.2L,Volkswagen,Hyderabad,2012,8,72003.0,Diesel,Manual,First,22.07,1199.0,73.9,5.0,3.9
Ford Ecosport 1.5 DV5 MT Titanium Optional,Ford,Hyderabad,2014,6,135670.0,Diesel,Manual,First,22.7,1498.0,89.84,5.0,6.55
Honda City i DTEC VX,Honda,Kochi,2017,3,65850.0,Diesel,Manual,First,25.1,1498.0,98.6,5.0,9.44
Toyota Corolla Altis 1.8 GL,Toyota,Coimbatore,2015,5,53920.0,Petrol,Manual,First,14.28,1798.0,138.03,5.0,10.77
Mahindra XUV500 W8 2WD,Mahindra,Ahmedabad,2014,6,58000.0,Diesel,Manual,First,15.1,2179.0,140.0,7.0,7.5
Maruti Alto 800 2016-2019 VXI,Maruti,Kolkata,2016,4,4000.0,Petrol,Manual,First,24.7,796.0,47.3,5.0,3.0
BMW 5 Series 530d M Sport,BMW,Chennai,2010,10,58000.0,Diesel,Automatic,First,18.59,2993.0,265.0,5.0,11.75
Hyundai EON D Lite Plus,Hyundai,Kochi,2016,4,29832.0,Petrol,Manual,First,21.1,814.0,55.2,5.0,3.29
Maruti Swift Dzire VDI,Maruti,Chennai,2016,4,71156.0,Diesel,Manual,First,26.59,1248.0,74.0,5.0,6.5
Maruti Celerio CNG VXI MT,Maruti,Delhi,2015,5,64687.0,CNG,Manual,First,31.79,998.0,58.33,5.0,3.8
Audi A4 2.0 TDI,Audi,Hyderabad,2011,9,54000.0,Diesel,Automatic,First,16.55,1968.0,147.51,5.0,18.0
Skoda Superb Elegance 1.8 TSI AT,Skoda,Bangalore,2009,11,75000.0,Petrol,Automatic,Second,13.7,1798.0,157.75,5.0,4.95
Tata Zest Revotron 1.2T XM,Tata,Kochi,2015,5,39208.0,Petrol,Manual,First,17.57,1193.0,88.7,5.0,4.52
Force One LX ABS 7 Seating,Force,Kolkata,2014,6,41000.0,Diesel,Manual,First,17.0,2149.0,139.07,7.0,8.0
Honda City i-VTEC VX,Honda,Coimbatore,2013,7,38622.0,Petrol,Manual,First,17.4,1497.0,117.3,5.0,6.26
Nissan Sunny 2011-2014 XV,Nissan,Chennai,2016,4,18000.0,Petrol,Manual,First,16.95,1498.0,97.7,5.0,7.5
Maruti Swift 1.3 LXI,Maruti,Delhi,2012,8,52000.0,Petrol,Manual,First,16.1,,,,3.65
Volkswagen Vento Petrol Highline AT,Volkswagen,Mumbai,2011,9,45000.0,Petrol,Automatic,First,14.4,1598.0,103.6,5.0,3.35
Hyundai Verna 1.6 SX VTVT AT,Hyundai,Mumbai,2014,6,48656.0,Petrol,Automatic,First,15.74,1591.0,121.3,5.0,5.5
Hyundai Verna CRDi 1.6 AT SX Plus,Hyundai,Bangalore,2012,8,79000.0,Diesel,Automatic,First,22.0,1582.0,126.2,5.0,5.25
Audi A4 2.0 TDI Multitronic,Audi,Bangalore,2012,8,88000.0,Diesel,Automatic,First,16.55,1968.0,140.0,5.0,16.25
Maruti SX4 Vxi BSIV,Maruti,Delhi,2009,11,92000.0,Petrol,Manual,First,15.5,1586.0,103.3,5.0,2.7
Ford Endeavour 2.2 Titanium AT 4X2,Ford,Chennai,2019,1,9000.0,Diesel,Automatic,First,12.62,2198.0,158.0,7.0,32.9
Maruti Swift LXI BSIV,Maruti,Coimbatore,2008,12,50121.0,Petrol,Manual,First,20.4,1197.0,83.11,5.0,3.41
Hyundai Grand i10 CRDi Magna,Hyundai,Hyderabad,2014,6,79000.0,Diesel,Manual,First,24.0,1120.0,70.0,5.0,4.15
Volkswagen Polo 1.5 TDI Highline,Volkswagen,Hyderabad,2014,6,46000.0,Diesel,Manual,Second,20.14,1498.0,88.8,5.0,5.9
Mercedes-Benz E-Class 230,Mercedes-Benz,Pune,2012,8,100000.0,Petrol,Automatic,First,10.0,2496.0,157.7,5.0,11.5
Hyundai i20 Asta 1.2,Hyundai,Kolkata,2015,5,41000.0,Petrol,Manual,First,18.6,1197.0,81.83,5.0,4.75
Maruti Alto K10 VXI AGS,Maruti,Chennai,2015,5,25000.0,Petrol,Automatic,First,24.07,998.0,67.1,5.0,3.5
Maruti Ertiga VDI,Maruti,Pune,2014,6,71899.0,Diesel,Manual,First,20.77,1248.0,88.76,7.0,7.25
Maruti Celerio VXI AT,Maruti,Mumbai,2016,4,7100.0,Petrol,Automatic,First,23.1,998.0,67.04,5.0,4.35
Renault KWID Climber 1.0 AMT,Renault,Coimbatore,2018,2,38171.0,Petrol,Automatic,Second,22.5,999.0,67.0,5.0,4.99
Mahindra Scorpio SLE BSIV,Mahindra,Bangalore,2013,7,70359.0,Diesel,Manual,First,12.05,2179.0,120.0,8.0,7.65
Toyota Innova 2.5 GX (Diesel) 7 Seater BS IV,Toyota,Chennai,2011,9,200000.0,Diesel,Manual,First,12.8,2494.0,102.0,7.0,9.0
Volkswagen Polo Diesel Highline 1.2L,Volkswagen,Chennai,2017,3,26969.0,Diesel,Manual,First,22.07,1199.0,73.9,5.0,6.9
Ford Figo Diesel ZXI,Ford,Chennai,2011,9,56500.0,Diesel,Manual,First,20.0,1399.0,68.0,5.0,2.9
Nissan Terrano XL Plus 85 PS,Nissan,Kolkata,2014,6,40000.0,Diesel,Manual,First,20.45,1461.0,83.8,5.0,5.75
Force One LX 4x4,Force,Kolkata,2014,6,41000.0,Diesel,Manual,First,17.0,2200.0,139.01,7.0,8.0
Renault KWID 1.0 RXT Optional AMT,Renault,Kochi,2017,3,53105.0,Petrol,Automatic,First,22.5,999.0,67.0,5.0,4.41
Skoda Rapid 1.5 TDI Elegance,Skoda,Mumbai,2013,7,23000.0,Diesel,Manual,First,21.14,1498.0,103.52,5.0,4.95
Mahindra XUV500 AT W10 FWD,Mahindra,Hyderabad,2016,4,80999.0,Diesel,Automatic,First,16.0,2179.0,140.0,7.0,14.4
Ford Figo Diesel Titanium,Ford,Chennai,2012,8,82000.0,Diesel,Manual,First,20.0,1399.0,68.05,5.0,2.95
Mahindra Bolero ZLX,Mahindra,Coimbatore,2017,3,68557.0,Diesel,Manual,First,15.96,2523.0,62.1,7.0,8.14
Volkswagen Vento 1.5 TDI Highline,Volkswagen,Hyderabad,2016,4,34000.0,Diesel,Manual,First,20.64,1498.0,108.5,5.0,8.45
Toyota Innova 2.5 VX (Diesel) 8 Seater BS IV,Toyota,Pune,2015,5,77000.0,Diesel,Manual,First,12.99,2494.0,100.0,8.0,12.5
Mahindra XUV500 W8 2WD,Mahindra,Mumbai,2012,8,48000.0,Diesel,Manual,First,15.1,2179.0,140.0,7.0,6.5
Ford Ecosport 1.5 Ti VCT MT Titanium,Ford,Coimbatore,2015,5,28232.0,Petrol,Manual,Second,15.8,1499.0,110.0,5.0,7.72
Volkswagen Jetta 2012-2014 2.0L TDI Highline AT,Volkswagen,Chennai,2011,9,110000.0,Diesel,Automatic,First,16.96,1968.0,138.1,5.0,8.0
Tata New Safari DICOR 2.2 VX 4x4,Tata,Chennai,2009,11,120000.0,Diesel,Manual,Second,13.93,2179.0,138.0,7.0,3.0
BMW 3 Series 330d Convertible,BMW,Mumbai,2013,7,49000.0,Diesel,Automatic,First,8.2,2993.0,245.0,4.0,29.0
Volkswagen Polo 1.2 MPI Highline,Volkswagen,Kolkata,2014,6,22000.0,Petrol,Manual,First,16.47,1198.0,74.0,5.0,4.11
Hyundai i20 Magna Optional 1.2,Hyundai,Coimbatore,2015,5,14925.0,Petrol,Manual,First,18.5,1197.0,82.9,5.0,5.37
Maruti Ertiga ZDI,Maruti,Mumbai,2013,7,75000.0,Diesel,Manual,First,20.77,1248.0,88.8,7.0,6.55
Honda City i VTEC V,Honda,Chennai,2015,5,23000.0,Petrol,Manual,First,17.4,1497.0,117.3,5.0,7.0
Honda City 1.5 S MT,Honda,Mumbai,2014,6,57000.0,Petrol,Manual,First,17.0,1497.0,118.0,5.0,5.48
Volkswagen Jetta 2013-2015 2.0L TDI Highline AT,Volkswagen,Kochi,2013,7,76718.0,Diesel,Automatic,First,16.96,1968.0,138.03,5.0,6.51
Honda Amaze VX i-DTEC,Honda,Pune,2016,4,138000.0,Diesel,Manual,First,25.8,1498.0,98.6,5.0,5.15
Mahindra XUV500 W8 2WD,Mahindra,Hyderabad,2013,7,140000.0,Diesel,Manual,Second,15.1,2179.0,140.0,7.0,9.0
Toyota Corolla Altis VL,Toyota,Mumbai,2008,12,110000.0,Petrol,Automatic,Second,14.53,1798.0,138.1,5.0,2.75
Hyundai Santro Xing XL eRLX Euro III,Hyundai,Pune,2005,15,126000.0,Petrol,Manual,Second,17.0,1086.0,,5.0,1.2
BMW 3 Series 320d,BMW,Bangalore,2012,8,73000.0,Diesel,Automatic,First,22.69,1995.0,190.0,5.0,12.5
Ford EcoSport 1.5 Diesel Trend,Ford,Kochi,2017,3,63423.0,Diesel,Manual,First,23.0,1498.0,98.96,5.0,7.69
Hyundai i20 Asta Optional with Sunroof 1.2,Hyundai,Kochi,2013,7,62132.0,Petrol,Manual,First,18.5,1197.0,82.85,5.0,4.57
Honda City 1.5 S AT,Honda,Mumbai,2013,7,51000.0,Petrol,Automatic,First,16.8,1497.0,118.0,5.0,4.5
Maruti Ritz VDI (ABS) BS IV,Maruti,Hyderabad,2015,5,75000.0,Diesel,Manual,First,23.2,1248.0,73.94,5.0,4.9
Hyundai i10 Era 1.1,Hyundai,Kolkata,2008,12,55410.0,Petrol,Manual,First,19.81,1086.0,68.05,5.0,1.65
Chevrolet Sail 1.2 LS,Chevrolet,Mumbai,2015,5,41000.0,Petrol,Manual,First,18.2,1199.0,82.4,5.0,3.25
Hyundai Verna 1.6 SX CRDi (O),Hyundai,Chennai,2012,8,45000.0,Diesel,Manual,First,22.32,1582.0,126.32,5.0,6.25
Hyundai Creta 1.6 SX Option,Hyundai,Kochi,2018,2,53322.0,Petrol,Manual,First,15.8,1591.0,121.3,5.0,12.13
Chevrolet Sail 1.2 LS,Chevrolet,Jaipur,2013,7,48000.0,Petrol,Manual,First,18.2,1199.0,82.4,5.0,3.25
Audi Q5 2.0 TDI,Audi,Hyderabad,2013,7,72000.0,Diesel,Automatic,First,14.16,1968.0,174.3,5.0,29.0
Honda City 1.5 V MT Exclusive,Honda,Kochi,2013,7,50266.0,Petrol,Manual,First,17.0,1497.0,118.0,5.0,5.53
Ford EcoSport 1.5 Petrol Titanium,Ford,Hyderabad,2017,3,21800.0,Petrol,Manual,First,17.0,1497.0,121.36,5.0,8.75
Audi Q7 3.0 TDI Quattro Premium Plus,Audi,Bangalore,2014,6,45000.0,Diesel,Automatic,Second,12.07,2967.0,241.4,7.0,37.9
Hyundai i10 Magna 1.2,Hyundai,Delhi,2010,10,62000.0,Petrol,Manual,First,20.36,1197.0,78.9,5.0,2.4
Hyundai i20 1.2 Asta,Hyundai,Chennai,2014,6,41681.0,Petrol,Manual,First,17.0,1197.0,80.0,5.0,4.55
Maruti Swift Dzire 1.2 Vxi BSIV,Maruti,Delhi,2011,9,69313.0,Petrol,Manual,Second,17.5,1197.0,85.8,5.0,2.65
Tata Indica V2 eLX,Tata,Pune,2017,3,49000.0,Diesel,Manual,Second,25.0,1396.0,69.0,5.0,1.6
BMW 5 Series 2010-2013 530d,BMW,Coimbatore,2012,8,40471.0,Diesel,Automatic,Second,16.2,2993.0,235.0,5.0,25.72
Maruti Swift VDI,Maruti,Ahmedabad,2013,7,60000.0,Diesel,Manual,First,22.9,1248.0,74.0,5.0,4.15
Ford Freestyle Titanium Plus Petrol,Ford,Jaipur,2018,2,1001.0,Petrol,Manual,First,19.0,1194.0,94.68,5.0,7.23
Hyundai Verna XXi ABS (Petrol),Hyundai,Bangalore,2008,12,38000.0,Petrol,Manual,Second,13.9,1599.0,103.2,5.0,2.6
BMW 3 Series 320d Highline,BMW,Mumbai,2008,12,66000.0,Diesel,Automatic,Second,16.07,1995.0,181.0,5.0,7.25
Toyota Innova 2.5 G4 Diesel 8-seater,Toyota,Kochi,2017,3,33901.0,Diesel,Manual,First,12.8,2494.0,102.0,8.0,14.29
Mercedes-Benz New C-Class C 250 CDI Elegance,Mercedes-Benz,Hyderabad,2011,9,57000.0,Diesel,Automatic,Second,14.94,2143.0,204.0,5.0,17.25
Hyundai Elantra 1.6 SX,Hyundai,Pune,2013,7,170000.0,Diesel,Manual,First,22.54,1582.0,126.2,5.0,7.5
Maruti Ritz ZDi,Maruti,Hyderabad,2014,6,60000.0,Diesel,Manual,First,23.2,1248.0,73.94,5.0,4.35
Maruti Vitara Brezza ZDi Plus Dual Tone,Maruti,Pune,2016,4,85000.0,Diesel,Manual,First,24.3,1248.0,88.5,5.0,8.9
Hyundai Xcent 1.2 Kappa S,Hyundai,Kolkata,2016,4,146000.0,Petrol,Manual,Second,19.1,1197.0,82.0,5.0,3.5
Honda City i DTEC V,Honda,Kolkata,2014,6,56002.0,Diesel,Manual,First,26.0,1498.0,98.6,5.0,6.1
Renault KWID RXT,Renault,Mumbai,2016,4,8554.0,Petrol,Manual,First,25.17,799.0,53.3,5.0,3.2
Toyota Etios Cross 1.4L VD,Toyota,Jaipur,2014,6,62322.0,Diesel,Manual,First,23.59,1364.0,67.06,5.0,4.9
Maruti Alto K10 VXI,Maruti,Kochi,2015,5,37929.0,Petrol,Manual,First,24.07,998.0,67.1,5.0,3.69
Tata Tiago 1.2 Revotron XM Option,Tata,Chennai,2016,4,5400.0,Petrol,Manual,First,23.84,1199.0,84.0,5.0,3.98
Hyundai i20 1.4 CRDi Magna,Hyundai,Kolkata,2013,7,60000.0,Diesel,Manual,First,21.9,1396.0,90.0,5.0,2.95
Audi A4 2.0 TDI,Audi,Kochi,2014,6,55730.0,Diesel,Automatic,First,16.55,1968.0,147.51,5.0,15.21
Maruti Swift VDI,Maruti,Hyderabad,2015,5,62000.0,Diesel,Manual,First,28.4,1248.0,74.0,5.0,6.3
Volkswagen Ameo 1.2 MPI Highline,Volkswagen,Kochi,2017,3,14576.0,Petrol,Manual,First,17.0,1198.0,73.75,5.0,6.69
Honda BRV i-VTEC V CVT,Honda,Mumbai,2017,3,17000.0,Petrol,Automatic,First,16.0,1497.0,117.3,7.0,9.5
Hyundai i20 Asta,Hyundai,Mumbai,2009,11,28000.0,Petrol,Manual,First,17.0,1197.0,80.0,5.0,2.65
Hyundai Santa Fe 4X4,Hyundai,Ahmedabad,2012,8,58200.0,Diesel,Manual,First,14.66,2199.0,194.3,7.0,7.5
Honda City 1.5 GXI,Honda,Bangalore,2002,18,53000.0,Petrol,Manual,Second,,,,,1.85
Maruti Celerio ZXI Optional AMT,Maruti,Kochi,2018,2,12278.0,Petrol,Automatic,First,23.1,998.0,67.04,5.0,5.63
Hyundai Creta 1.6 SX,Hyundai,Coimbatore,2018,2,17665.0,Petrol,Manual,First,15.8,1591.0,121.3,5.0,11.78
Tata Indica V2 DL BSIII,Tata,Hyderabad,2004,16,200000.0,Diesel,Manual,Second,17.88,1396.0,52.8,5.0,0.85
Volkswagen Vento Petrol Highline,Volkswagen,Mumbai,2011,9,55893.0,Petrol,Manual,First,15.04,1598.0,103.6,5.0,3.35
Maruti Celerio VXI,Maruti,Kochi,2015,5,60586.0,Petrol,Manual,First,23.1,998.0,67.04,5.0,4.11
Mercedes-Benz CLA 200 D Sport Edition,Mercedes-Benz,Ahmedabad,2015,5,13500.0,Diesel,Automatic,First,17.9,2143.0,136.0,5.0,25.51
Maruti Alto 800 LXI,Maruti,Jaipur,2017,3,30000.0,Petrol,Manual,First,22.74,796.0,47.3,5.0,3.1
Ford Endeavour 3.2 Titanium AT 4X4,Ford,Delhi,2018,2,12000.0,Diesel,Automatic,First,10.91,3198.0,197.0,7.0,33.5
Tata Zest Revotron 1.2T XE,Tata,Kolkata,2017,3,65000.0,Petrol,Manual,First,17.57,1193.0,88.7,5.0,4.8
Volkswagen Vento 1.6 Comfortline,Volkswagen,Kolkata,2014,6,38000.0,Petrol,Manual,First,16.09,1598.0,103.5,5.0,3.49
Maruti Ertiga ZXI,Maruti,Mumbai,2012,8,25000.0,Petrol,Manual,Second,17.5,1373.0,91.1,7.0,5.15
Mercedes-Benz M-Class ML 350 CDI Corporate,Mercedes-Benz,Mumbai,2011,9,100000.0,Diesel,Automatic,First,14.0,2987.0,224.0,5.0,14.41
Volkswagen Polo 1.2 MPI Highline,Volkswagen,Mumbai,2014,6,13710.0,Petrol,Manual,First,16.2,1199.0,74.0,5.0,4.75
Toyota Fortuner 4x2 AT,Toyota,Jaipur,2015,5,100000.0,Diesel,Automatic,First,12.55,2982.0,168.5,7.0,19.0
Maruti Celerio VXI,Maruti,Hyderabad,2017,3,17000.0,Petrol,Manual,First,23.1,998.0,67.04,5.0,4.9
BMW 3 Series 320d Corporate Edition,BMW,Chennai,2008,12,89000.0,Diesel,Automatic,Second,16.07,1995.0,181.0,4.0,6.3
Honda City ZX VTEC,Honda,Jaipur,2006,14,100173.0,Petrol,Manual,Second,16.9,1497.0,100.0,5.0,2.4
Mitsubishi Cedia Sports,Mitsubishi,Pune,2009,11,97000.0,Petrol,Manual,First,13.17,1999.0,114.0,5.0,3.0
Renault Pulse Petrol RxL,Renault,Delhi,2016,4,40190.0,Petrol,Manual,First,18.06,1198.0,74.93,5.0,4.25
Volkswagen Polo 1.5 TDI Highline,Volkswagen,Hyderabad,2016,4,29647.0,Diesel,Manual,First,20.14,1498.0,88.0,5.0,6.3
Maruti Baleno RS Petrol,Maruti,Kochi,2018,2,43639.0,Petrol,Manual,First,21.1,998.0,100.0,5.0,8.15
Hyundai i10 Magna,Hyundai,Kochi,2012,8,37333.0,Petrol,Manual,First,20.36,1197.0,78.9,5.0,3.22
Hyundai i20 1.2 Spotz,Hyundai,Kochi,2018,2,48407.0,Petrol,Manual,First,18.6,1197.0,81.83,5.0,7.65
BMW Z4 2009-2013 35i,BMW,Delhi,2011,9,25000.0,Petrol,Automatic,First,10.37,2979.0,306.0,2.0,30.0
Hyundai i10 Sportz 1.2,Hyundai,Pune,2010,10,72400.0,Petrol,Manual,Second,20.36,1197.0,78.9,5.0,2.3
Mini Cooper S Carbon Edition,Mini,Delhi,2012,8,18000.0,Petrol,Automatic,First,13.6,1598.0,181.0,4.0,22.0
Honda Brio V MT,Honda,Pune,2012,8,65167.0,Petrol,Manual,First,19.4,1198.0,86.8,5.0,3.28
Maruti Ciaz ZXi Option,Maruti,Kochi,2016,4,25418.0,Petrol,Manual,First,20.73,1373.0,91.2,5.0,7.09
Maruti Swift Dzire ZDi,Maruti,Coimbatore,2013,7,38995.0,Diesel,Manual,First,19.3,1248.0,73.9,5.0,6.46
Volkswagen Polo Diesel Comfortline 1.2L,Volkswagen,Chennai,2012,8,60000.0,Diesel,Manual,First,22.07,1199.0,73.9,5.0,4.0
BMW X1 sDrive20d,BMW,Delhi,2011,9,72000.0,Diesel,Automatic,First,17.05,1995.0,184.0,5.0,11.0
Audi Q7 3.0 TDI Quattro Premium Plus,Audi,Coimbatore,2016,4,31075.0,Diesel,Automatic,Second,12.07,2967.0,241.4,7.0,49.79
Ford Figo 1.5D Trend MT,Ford,Kolkata,2015,5,4311.0,Diesel,Manual,First,25.83,1498.0,99.0,5.0,4.8
BMW 3 Series Luxury Line,BMW,Bangalore,2017,3,21000.0,Diesel,Automatic,First,21.76,1995.0,190.0,5.0,35.0
Mercedes-Benz M-Class ML 350 CDI Corporate,Mercedes-Benz,Bangalore,2011,9,54000.0,Diesel,Automatic,First,14.0,2987.0,224.0,5.0,21.99
Maruti Wagon R LX BSIII,Maruti,Mumbai,2007,13,50000.0,Petrol,Manual,Second,17.3,1061.0,64.0,5.0,1.1
Maruti Baleno Zeta 1.2,Maruti,Delhi,2018,2,13000.0,Petrol,Manual,First,21.4,1197.0,83.1,5.0,6.6
Maruti Dzire VXI,Maruti,Pune,2013,7,74000.0,Petrol,Manual,First,22.0,1197.0,81.8,5.0,4.5
Chevrolet Aveo U-VA 1.2 LT,Chevrolet,Pune,2009,11,75000.0,Petrol,Manual,Second,14.7,1150.0,76.0,5.0,1.0
Volkswagen Polo 1.5 TDI Highline,Volkswagen,Chennai,2017,3,25000.0,Diesel,Manual,First,20.14,1498.0,88.0,5.0,6.9
Land Rover Freelander 2 TD4 SE,Land,Hyderabad,2012,8,139000.0,Diesel,Automatic,First,,2179.0,115.0,5.0,16.75
Audi Q5 30 TDI quattro Premium,Audi,Mumbai,2015,5,52000.0,Diesel,Automatic,First,14.16,1968.0,174.3,5.0,25.49
Audi A6 35 TDI Matrix,Audi,Chennai,2015,5,20000.0,Diesel,Automatic,First,18.53,1968.0,187.74,5.0,35.5
Hyundai Grand i10 1.2 CRDi Sportz,Hyundai,Kochi,2018,2,32663.0,Diesel,Manual,First,24.0,1186.0,73.97,5.0,6.28
Mahindra Scorpio SLE BSIV,Mahindra,Delhi,2012,8,76777.0,Diesel,Manual,Second,12.05,2179.0,120.0,8.0,4.88
Tata Bolt Quadrajet XE,Tata,Hyderabad,2016,4,100303.0,Diesel,Manual,First,22.95,1248.0,74.0,5.0,3.7
Hyundai EON Era Plus,Hyundai,Kochi,2015,5,43993.0,Petrol,Manual,First,21.1,814.0,55.2,5.0,3.45
Mahindra Scorpio S8 8 Seater,Mahindra,Kochi,2016,4,72118.0,Diesel,Manual,First,15.4,2179.0,120.0,8.0,10.23
Honda Accord 2001-2003 2.0 AT,Honda,Bangalore,2010,10,83000.0,Petrol,Automatic,Second,11.1,2354.0,142.0,5.0,6.5
Volkswagen Polo 1.2 MPI Highline,Volkswagen,Mumbai,2016,4,7523.0,Petrol,Manual,First,16.2,1199.0,74.0,5.0,6.15
Maruti Eeco 7 Seater Standard,Maruti,Mumbai,2014,6,34670.0,Petrol,Manual,First,15.1,1196.0,73.0,7.0,2.9
Hyundai Grand i10 CRDi Sportz,Hyundai,Ahmedabad,2016,4,30000.0,Diesel,Manual,First,24.0,1120.0,70.0,5.0,5.5
Ford Endeavour 3.2 Titanium AT 4X4,Ford,Chennai,2017,3,17000.0,Diesel,Automatic,First,10.91,3198.0,197.0,7.0,31.0
Hyundai Grand i10 1.2 CRDi Sportz,Hyundai,Delhi,2015,5,59261.0,Diesel,Manual,First,24.0,1186.0,73.97,5.0,4.25
Maruti Swift VDI,Maruti,Kochi,2016,4,65210.0,Diesel,Manual,First,22.9,1248.0,74.0,5.0,5.48
Hyundai i20 1.2 Asta Option,Hyundai,Bangalore,2016,4,19000.0,Petrol,Manual,First,18.6,1197.0,81.83,5.0,7.25
Maruti Swift Dzire VXi,Maruti,Hyderabad,2012,8,50000.0,Petrol,Manual,First,17.5,1298.0,85.8,5.0,3.0
BMW 3 Series 320d Luxury Line,BMW,Hyderabad,2015,5,47000.0,Diesel,Automatic,First,22.69,1995.0,190.0,5.0,29.5
Honda City ZX GXi,Honda,Mumbai,2007,13,75000.0,Petrol,Manual,Second,17.7,1497.0,78.0,5.0,1.49
Hyundai i10 Sportz 1.2 AT,Hyundai,Pune,2013,7,54534.0,Petrol,Automatic,First,16.95,1197.0,78.9,5.0,3.65
Ford Ecosport Signature Edition Diesel,Ford,Ahmedabad,2018,2,13000.0,Diesel,Manual,First,23.0,1498.0,98.96,5.0,10.9
Maruti Celerio ZXI MT,Maruti,Bangalore,2015,5,48808.0,Petrol,Manual,First,23.1,998.0,67.04,5.0,4.3
Maruti Ertiga VDI,Maruti,Pune,2012,8,63001.0,Diesel,Manual,Second,20.77,1248.0,88.76,7.0,6.11
Toyota Innova 2.5 V Diesel 8-seater,Toyota,Hyderabad,2015,5,64771.0,Diesel,Manual,First,12.8,2494.0,102.0,8.0,15.5
Honda City i VTEC SV,Honda,Mumbai,2016,4,34634.0,Petrol,Manual,First,17.8,1497.0,117.3,5.0,6.9
Maruti Swift Dzire VXI,Maruti,Bangalore,2012,8,69242.0,Petrol,Manual,First,19.1,1197.0,85.8,5.0,4.69
Maruti Ritz LXi,Maruti,Kochi,2011,9,33292.0,Petrol,Manual,First,18.5,1197.0,85.8,5.0,3.19
Hyundai i20 Sportz AT 1.4,Hyundai,Pune,2012,8,55000.0,Petrol,Automatic,Second,15.0,1396.0,98.6,5.0,3.75
Hyundai i20 Active SX Dual Tone Petrol,Hyundai,Pune,2019,1,1000.0,Petrol,Manual,First,17.19,1197.0,81.86,5.0,8.6
Honda City 1.5 E MT,Honda,Chennai,2011,9,80000.0,Petrol,Manual,Second,17.0,1497.0,118.0,5.0,3.85
Porsche Cayenne S Diesel,Porsche,Coimbatore,2016,4,65003.0,Diesel,Automatic,First,13.6,4134.0,382.0,5.0,67.83
Honda Amaze VX i-VTEC,Honda,Coimbatore,2019,1,16573.0,Petrol,Manual,First,17.8,1198.0,86.7,5.0,9.31
Honda Civic 2006-2010 1.8 S AT,Honda,Pune,2008,12,152633.0,Petrol,Automatic,First,12.9,1799.0,130.0,5.0,3.0
Hyundai i20 Magna 1.2,Hyundai,Bangalore,2015,5,53000.0,Petrol,Manual,First,18.6,1197.0,81.83,5.0,5.5
Hyundai Creta 1.6 CRDi SX,Hyundai,Hyderabad,2017,3,50129.0,Diesel,Manual,First,19.67,1582.0,126.2,5.0,13.3
Audi Q3 2012-2015 2.0 TDI Quattro Premium Plus,Audi,Hyderabad,2013,7,63716.0,Diesel,Automatic,First,15.73,1968.0,174.33,5.0,23.0
Maruti Alto 800 2016-2019 LXI,Maruti,Mumbai,2018,2,11000.0,Petrol,Manual,First,24.7,796.0,47.3,5.0,3.35
BMW X1 sDrive 20d Exclusive,BMW,Chennai,2012,8,115000.0,Diesel,Automatic,Third,15.06,1995.0,177.0,5.0,10.0
Hyundai i10 Magna,Hyundai,Delhi,2013,7,63265.0,Petrol,Manual,First,20.36,1197.0,78.9,5.0,2.95
Volkswagen Ameo 1.5 TDI Highline,Volkswagen,Pune,2016,4,20000.0,Diesel,Manual,First,21.66,1498.0,108.62,5.0,6.75
Volkswagen Polo Petrol Highline 1.2L,Volkswagen,Pune,2010,10,79000.0,Petrol,Manual,Third,16.47,1198.0,73.9,5.0,2.44
Maruti Ciaz VXi Plus,Maruti,Mumbai,2015,5,41000.0,Petrol,Manual,First,20.73,1373.0,91.1,5.0,5.85
Volkswagen Polo GT TSI,Volkswagen,Kochi,2015,5,26323.0,Petrol,Automatic,First,17.21,1197.0,103.5,5.0,7.4
Hyundai Xcent 1.1 CRDi Base,Hyundai,Pune,2016,4,76000.0,Diesel,Manual,First,24.4,1120.0,71.0,5.0,3.8
Honda Civic 2006-2010 1.8 S MT,Honda,Hyderabad,2008,12,69972.0,Petrol,Manual,First,13.5,1799.0,130.0,5.0,3.8
Honda City ZX GXi,Honda,Kolkata,2008,12,69000.0,Petrol,Manual,First,17.7,1497.0,78.0,5.0,2.7
Mahindra Bolero ZLX,Mahindra,Jaipur,2016,4,65000.0,Diesel,Manual,First,15.96,2523.0,62.1,7.0,7.21
Honda City i VTEC V,Honda,Hyderabad,2016,4,29512.0,Petrol,Manual,First,17.4,1497.0,117.3,5.0,7.9
Hyundai Xcent 1.2 CRDi S,Hyundai,Kolkata,2017,3,51000.0,Diesel,Manual,First,25.4,1186.0,73.97,5.0,4.2
Renault Duster 110PS Diesel RxL,Renault,Mumbai,2014,6,58003.0,Diesel,Manual,First,19.01,1461.0,108.45,5.0,5.75
Maruti A-Star AT VXI,Maruti,Hyderabad,2013,7,56500.0,Petrol,Automatic,First,16.98,998.0,66.1,5.0,3.45
Audi A4 2.0 TDI 177 Bhp Premium Plus,Audi,Bangalore,2014,6,29063.0,Diesel,Automatic,First,17.11,1968.0,174.33,5.0,25.75
Mahindra XUV500 W8 2WD,Mahindra,Coimbatore,2018,2,46811.0,Diesel,Manual,First,16.0,2179.0,140.0,7.0,16.59
Renault Pulse Petrol RxZ,Renault,Coimbatore,2014,6,31897.0,Petrol,Manual,First,18.06,1198.0,74.96,5.0,4.69
BMW 3 Series 320d,BMW,Mumbai,2009,11,52100.0,Diesel,Automatic,Second,13.2,1995.0,170.0,5.0,7.5
Toyota Innova Crysta 2.4 GX MT,Toyota,Hyderabad,2016,4,73000.0,Diesel,Manual,First,13.68,2393.0,147.8,7.0,16.5
Honda City 1.5 S MT,Honda,Kolkata,2009,11,31423.0,Petrol,Manual,First,17.0,1497.0,118.0,5.0,1.99
Maruti Swift VDI,Maruti,Chennai,2014,6,75180.0,Diesel,Manual,First,22.9,1248.0,74.0,5.0,5.25
Renault Duster 110PS Diesel RxZ Plus,Renault,Mumbai,2013,7,75000.0,Diesel,Manual,Second,19.64,1461.0,108.45,5.0,5.4
Volkswagen Polo 1.2 MPI Comfortline,Volkswagen,Mumbai,2014,6,15000.0,Petrol,Manual,First,16.47,1198.0,74.0,5.0,3.9
Hyundai i20 Active 1.2 S,Hyundai,Mumbai,2015,5,12000.0,Petrol,Manual,First,17.19,1197.0,81.86,5.0,5.8
BMW 5 Series 2013-2017 520d Luxury Line,BMW,Pune,2014,6,32000.0,Diesel,Automatic,First,18.12,1995.0,190.0,5.0,30.5
Maruti Swift Dzire LDI,Maruti,Hyderabad,2017,3,44504.0,Diesel,Manual,First,23.4,1248.0,74.0,5.0,5.6
Mercedes-Benz M-Class ML 350 4Matic,Mercedes-Benz,Ahmedabad,2012,8,66000.0,Diesel,Automatic,First,,2987.0,165.0,5.0,23.0
Maruti Swift LDI,Maruti,Jaipur,2015,5,39437.0,Diesel,Manual,First,28.4,1248.0,74.0,5.0,5.15
Hyundai Verna 1.6 CRDI AT SX Option,Hyundai,Coimbatore,2017,3,36931.0,Diesel,Automatic,First,19.08,1582.0,126.2,5.0,9.48
Tata Nano XTA,Tata,Bangalore,2016,4,17800.0,Petrol,Automatic,Second,21.9,624.0,37.48,4.0,2.38
Maruti Swift Dzire LXi,Maruti,Hyderabad,2009,11,71346.0,Petrol,Manual,First,17.5,1298.0,85.8,5.0,3.8
Hyundai i20 Asta Option 1.2,Hyundai,Delhi,2015,5,45000.0,Petrol,Manual,Second,18.6,1197.0,81.83,5.0,5.5
Hyundai i20 1.2 Sportz,Hyundai,Hyderabad,2010,10,85155.0,Petrol,Manual,First,17.0,1197.0,80.0,5.0,3.55
Maruti Ciaz ZXi,Maruti,Mumbai,2015,5,48823.0,Petrol,Manual,First,20.73,1373.0,91.1,5.0,6.35
Land Rover Range Rover 2.2L Prestige,Land,Delhi,2015,5,37000.0,Diesel,Automatic,First,12.7,2179.0,187.7,5.0,36.0
Tata Indigo LX BSII,Tata,Hyderabad,2005,15,92000.0,Diesel,Manual,Second,16.1,1405.0,70.0,5.0,1.1
Tata Zest Revotron 1.2T XM,Tata,Mumbai,2014,6,36000.0,Petrol,Manual,First,17.57,1193.0,88.7,5.0,3.7
Mahindra XUV500 W10 1.99 mHawk,Mahindra,Delhi,2016,4,24569.0,Diesel,Manual,First,16.0,1997.0,140.0,7.0,13.5
Honda Accord 2.4 AT,Honda,Mumbai,2008,12,95000.0,Petrol,Automatic,Third,11.7,2354.0,177.6,5.0,2.85
Tata Nano Twist XT,Tata,Coimbatore,2015,5,25811.0,Petrol,Manual,Second,25.4,624.0,37.5,4.0,2.13
Hyundai Elantra CRDi S,Hyundai,Ahmedabad,2015,5,65000.0,Diesel,Manual,First,22.7,1582.0,126.2,5.0,7.75
Tata Indica V2 eLS,Tata,Chennai,2017,3,100400.0,Diesel,Manual,First,25.0,1396.0,69.0,5.0,2.85
Honda Amaze S i-Dtech,Honda,Jaipur,2014,6,76414.0,Diesel,Manual,First,25.8,1498.0,98.6,5.0,4.95
Mahindra XUV500 W8 2WD,Mahindra,Kochi,2012,8,82103.0,Diesel,Manual,First,15.1,2179.0,140.0,7.0,6.2
BMW X3 xDrive 20d Expedition,BMW,Pune,2013,7,98000.0,Diesel,Automatic,First,18.56,1995.0,190.0,5.0,17.5
Hyundai Grand i10 1.2 Kappa Magna,Hyundai,Pune,2010,10,45252.0,Petrol,Manual,First,18.9,1197.0,81.86,5.0,2.25
Maruti Baleno Zeta 1.2,Maruti,Delhi,2017,3,10300.0,Petrol,Manual,First,21.4,1197.0,83.1,5.0,6.75
Hyundai Verna 1.6 CRDi AT SX,Hyundai,Kochi,2016,4,42024.0,Diesel,Automatic,First,19.08,1582.0,126.2,5.0,9.73
Maruti Ertiga VDI,Maruti,Kochi,2018,2,51236.0,Diesel,Manual,First,25.47,1248.0,88.5,7.0,8.49
Mini Cooper S Carbon Edition,Mini,Mumbai,2013,7,52000.0,Petrol,Automatic,First,13.6,1598.0,181.0,4.0,25.0
Maruti Ritz ZDi,Maruti,Coimbatore,2015,5,42894.0,Diesel,Manual,First,23.2,1248.0,73.94,5.0,5.59
Skoda Laura L n K 1.9 PD AT,Skoda,Mumbai,2011,9,68000.0,Diesel,Automatic,First,15.6,1896.0,106.0,5.0,4.8
Ford Ecosport 1.5 DV5 MT Titanium Optional,Ford,Delhi,2014,6,69000.0,Diesel,Manual,First,22.7,1498.0,89.84,5.0,5.45
Hyundai i20 2015-2017 Sportz 1.2,Hyundai,Pune,2017,3,10000.0,Petrol,Manual,First,18.6,1197.0,81.83,5.0,6.5
Honda Brio E MT,Honda,Chennai,2015,5,16000.0,Petrol,Manual,First,19.4,1198.0,86.8,5.0,4.35
Honda Amaze S i-Dtech,Honda,Kolkata,2013,7,46992.0,Diesel,Manual,First,25.8,1498.0,98.6,5.0,3.75
BMW 5 Series 2003-2012 520d,BMW,Pune,2010,10,170000.0,Diesel,Automatic,Third,18.48,1995.0,177.0,5.0,12.0
Audi Q7 3.0 TDI Quattro Premium Plus,Audi,Delhi,2014,6,58000.0,Diesel,Automatic,First,12.07,2967.0,241.4,7.0,32.0
Hyundai Grand i10 CRDi Magna,Hyundai,Jaipur,2015,5,50000.0,Diesel,Manual,Second,24.0,1120.0,70.0,5.0,4.0
Nissan Micra Diesel XV,Nissan,Kolkata,2011,9,39010.0,Diesel,Manual,First,23.08,1461.0,63.1,5.0,2.6
Hyundai Grand i10 Sportz,Hyundai,Jaipur,2016,4,26946.0,Petrol,Manual,First,18.9,1197.0,82.0,5.0,4.45
Hyundai EON Era,Hyundai,Pune,2015,5,28700.0,Petrol,Manual,First,21.1,814.0,55.2,5.0,2.6
Mercedes-Benz New C-Class C250 Avantgarde,Mercedes-Benz,Chennai,2011,9,60000.0,Petrol,Automatic,First,11.74,1796.0,186.0,5.0,16.0
Land Rover Range Rover 2.2L Pure,Land,Delhi,2014,6,38999.0,Diesel,Automatic,First,12.7,2179.0,187.7,5.0,32.5
Mahindra Ssangyong Rexton RX7,Mahindra,Mumbai,2016,4,39000.0,Diesel,Automatic,First,11.18,2696.0,184.0,7.0,13.85
Maruti Ciaz 1.4 Delta,Maruti,Coimbatore,2018,2,7784.0,Petrol,Manual,First,20.73,1373.0,91.1,5.0,8.76
Mercedes-Benz R-Class R350 4Matic Long,Mercedes-Benz,Kochi,2014,6,45710.0,Petrol,Automatic,First,11.8,3498.0,272.0,7.0,23.68
Maruti Dzire AMT VXI,Maruti,Chennai,2017,3,42000.0,Petrol,Automatic,First,22.0,1197.0,81.8,5.0,5.5
Land Rover Range Rover Vogue SE 4.4 SDV8,Land,Coimbatore,2013,7,75995.0,Diesel,Automatic,Second,11.49,4367.0,335.3,5.0,65.81
Renault Duster 110PS Diesel RxZ,Renault,Kolkata,2013,7,57000.0,Diesel,Manual,First,19.01,1461.0,108.45,5.0,4.99
Hyundai Verna 1.6 SX,Hyundai,Chennai,2013,7,85350.0,Diesel,Manual,Second,22.32,1582.0,126.32,5.0,5.7
Toyota Corolla Altis 1.8 VL CVT,Toyota,Coimbatore,2016,4,82725.0,Petrol,Automatic,First,14.28,1798.0,138.03,5.0,11.99
BMW 3 Series Sport,BMW,Mumbai,2016,4,19000.0,Diesel,Automatic,Second,21.76,1995.0,190.0,5.0,29.99
Ford EcoSport 1.5 Ti VCT MT Signature,Ford,Chennai,2018,2,13900.0,Petrol,Manual,First,18.88,1499.0,110.4,5.0,9.5
Maruti Swift VDI BSIV,Maruti,Hyderabad,2014,6,108000.0,Diesel,Manual,First,25.2,1248.0,74.0,5.0,5.5
Hyundai Santa Fe 4x4 AT,Hyundai,Bangalore,2016,4,36000.0,Diesel,Automatic,First,11.72,2199.0,194.3,7.0,23.0
Tata Indica V2 DLS,Tata,Hyderabad,2013,7,62188.0,Diesel,Manual,First,17.2,1396.0,53.5,5.0,2.95
Hyundai Grand i10 CRDi Sportz,Hyundai,Kochi,2015,5,58397.0,Diesel,Manual,First,24.0,1120.0,70.0,5.0,4.9
Hyundai Santro Xing XL,Hyundai,Chennai,2006,14,85000.0,Petrol,Manual,Third,,1086.0,,5.0,1.3
Maruti Wagon R VXI AMT,Maruti,Delhi,2016,4,30000.0,Petrol,Automatic,First,22.5,998.0,67.0,5.0,4.25
Mahindra XUV500 W10 2WD,Mahindra,Kochi,2018,2,29907.0,Diesel,Manual,First,16.0,2179.0,140.0,7.0,16.36
Audi A4 2.0 TDI,Audi,Kolkata,2009,11,46000.0,Diesel,Automatic,First,16.55,1968.0,147.51,5.0,9.95
Volkswagen Vento Diesel Highline,Volkswagen,Bangalore,2012,8,65000.0,Diesel,Manual,First,20.54,1598.0,103.6,5.0,5.5
Maruti Vitara Brezza ZDi Plus Dual Tone,Maruti,Delhi,2016,4,22000.0,Diesel,Manual,First,24.3,1248.0,88.5,5.0,8.25
Maruti Zen LX,Maruti,Chennai,2002,18,99024.0,Petrol,Manual,First,17.3,993.0,60.0,5.0,0.95
Hyundai i10 Era,Hyundai,Kochi,2016,4,34952.0,Petrol,Manual,First,19.81,1086.0,68.05,5.0,4.01
Honda WR-V Edge Edition i-VTEC S,Honda,Kochi,2019,1,13913.0,Petrol,Manual,First,17.5,1199.0,88.7,5.0,8.2
Honda City i DTEC VX,Honda,Chennai,2014,6,71000.0,Diesel,Manual,Second,25.1,1498.0,98.6,5.0,6.2
Toyota Fortuner 4x2 4 Speed AT,Toyota,Chennai,2012,8,97000.0,Diesel,Automatic,First,11.5,2982.0,169.0,7.0,16.75
Mahindra XUV500 AT W10 FWD,Mahindra,Delhi,2017,3,21000.0,Diesel,Automatic,First,16.0,2179.0,140.0,7.0,16.5
Ford Endeavour XLT TDCi 4X4,Ford,Mumbai,2007,13,116000.0,Diesel,Manual,Third,10.9,2499.0,,7.0,3.75
Ford Figo Diesel ZXI,Ford,Kolkata,2012,8,110438.0,Diesel,Manual,First,20.0,1399.0,68.05,5.0,3.5
Honda Jazz 1.2 V CVT i VTEC,Honda,Coimbatore,2017,3,66507.0,Petrol,Automatic,Second,19.0,1199.0,88.7,5.0,5.43
Ford Endeavour 3.2 Titanium AT 4X4,Ford,Coimbatore,2017,3,54650.0,Diesel,Automatic,First,10.91,3198.0,197.0,7.0,30.35
Nissan Sunny XL CVT,Nissan,Hyderabad,2014,6,32000.0,Petrol,Automatic,First,17.97,1498.0,99.6,5.0,7.99
Skoda Octavia Ambiente 1.9 TDI MT,Skoda,Coimbatore,2011,9,75378.0,Diesel,Manual,First,18.7,1896.0,66.0,5.0,3.59
Chevrolet Beat Diesel LT,Chevrolet,Chennai,2012,8,82697.0,Diesel,Manual,First,25.44,936.0,57.6,5.0,1.9
Toyota Camry W2 (AT),Toyota,Chennai,2009,11,135000.0,Petrol,Automatic,First,12.1,2362.0,164.7,5.0,4.7
Renault Duster 110PS Diesel RxZ,Renault,Chennai,2012,8,149000.0,Diesel,Manual,First,19.01,1461.0,108.45,5.0,7.25
Mercedes-Benz GLA Class 200 d Style,Mercedes-Benz,Kochi,2016,4,26212.0,Diesel,Automatic,First,17.9,2143.0,136.0,5.0,24.46
Tata Zest Revotron 1.2T XMS,Tata,Pune,2014,6,23500.0,Petrol,Manual,Second,17.57,1193.0,88.7,5.0,3.9
Hyundai i20 1.2 Magna,Hyundai,Coimbatore,2013,7,56127.0,Petrol,Manual,First,18.5,1197.0,80.0,5.0,5.15
Maruti Wagon R VXI AMT1.2,Maruti,Mumbai,2015,5,26000.0,Petrol,Automatic,First,21.5,1197.0,81.8,5.0,3.65
Hyundai Xcent 1.2 CRDi S,Hyundai,Kolkata,2016,4,26000.0,Diesel,Manual,First,25.4,1186.0,73.97,5.0,5.0
Honda City 1.5 S MT,Honda,Kolkata,2009,11,42000.0,Petrol,Manual,First,17.0,1497.0,118.0,5.0,2.3
Hyundai Accent GLE,Hyundai,Pune,2001,19,130000.0,Petrol,Manual,Second,13.2,1495.0,94.0,5.0,0.75
Hyundai Verna Xi (Petrol),Hyundai,Kochi,2009,11,137148.0,Petrol,Manual,Second,13.9,1599.0,103.2,5.0,1.85
Ford Figo Petrol ZXI,Ford,Kolkata,2010,10,114703.0,Petrol,Manual,First,15.6,1196.0,70.0,5.0,1.8
Honda Amaze S i-Dtech,Honda,Kochi,2014,6,97439.0,Diesel,Manual,First,25.8,1498.0,98.6,5.0,4.41
Maruti Wagon R LX BSII,Maruti,Chennai,2006,14,40000.0,Petrol,Manual,First,18.9,998.0,67.1,5.0,2.0
Maruti Swift VDI BSIV,Maruti,Hyderabad,2014,6,81609.0,Diesel,Manual,First,17.8,1248.0,,5.0,5.55
Mercedes-Benz E-Class Facelift,Mercedes-Benz,Bangalore,2014,6,28000.0,Diesel,Automatic,First,13.0,2987.0,258.0,5.0,31.75
Audi A6 2011-2015 35 TDI Technology,Audi,Bangalore,2015,5,37500.0,Diesel,Automatic,First,17.68,1968.0,174.33,5.0,32.0
Mercedes-Benz S Class 2005 2013 S 350 CDI,Mercedes-Benz,Hyderabad,2010,10,37000.0,Diesel,Automatic,First,13.5,2987.0,282.0,5.0,21.0
Maruti Swift Dzire LDi,Maruti,Ahmedabad,2010,10,83000.0,Diesel,Manual,First,19.3,1248.0,73.9,5.0,2.75
Toyota Corolla H2,Toyota,Coimbatore,2005,15,79012.0,Petrol,Manual,First,13.4,1794.0,125.0,5.0,2.64
Mahindra Scorpio S10 7 Seater,Mahindra,Kochi,2018,2,27395.0,Diesel,Manual,First,15.4,2179.0,120.0,7.0,14.19
Maruti Wagon R VXI,Maruti,Jaipur,2017,3,35362.0,Petrol,Manual,First,22.5,998.0,67.04,5.0,3.85
Toyota Fortuner 4x2 Manual,Toyota,Delhi,2014,6,117000.0,Diesel,Manual,First,13.0,2982.0,168.5,7.0,15.5
Maruti Zen Estilo 1.1 LX BSIII,Maruti,Mumbai,2010,10,23000.0,Petrol,Manual,First,18.2,1061.0,64.0,5.0,1.9
Tata Nano CX,Tata,Kochi,2014,6,59508.0,Petrol,Manual,First,25.4,624.0,37.48,4.0,1.26
Hyundai i20 Magna,Hyundai,Chennai,2009,11,69000.0,Petrol,Manual,Second,18.5,1197.0,80.0,5.0,2.4
BMW 3 Series 320d,BMW,Bangalore,2010,10,58000.0,Diesel,Automatic,First,22.69,1995.0,190.0,5.0,11.5
Mahindra XUV500 W6 2WD,Mahindra,Jaipur,2014,6,88511.0,Diesel,Manual,First,16.0,2179.0,140.0,7.0,8.25
Volkswagen Vento IPL II Petrol Trendline,Volkswagen,Pune,2011,9,66000.0,Petrol,Manual,First,15.8,1598.0,105.0,5.0,2.75
Skoda Fabia 1.2 MPI Classic,Skoda,Delhi,2009,11,65000.0,Petrol,Manual,Second,17.5,1198.0,70.0,5.0,1.4
Tata Nano Twist XT,Tata,Coimbatore,2015,5,30676.0,Petrol,Manual,First,25.4,624.0,37.5,4.0,2.9
Ford Figo Diesel EXI,Ford,Chennai,2011,9,76000.0,Diesel,Manual,First,20.0,1399.0,68.0,5.0,2.4
Volkswagen Vento IPL II Petrol Highline AT,Volkswagen,Pune,2013,7,23627.0,Petrol,Automatic,First,14.8,1598.0,105.0,5.0,4.75
Land Rover Range Rover HSE Dynamic,Land,Kochi,2018,2,52827.0,Diesel,Automatic,First,12.7,2179.0,187.7,5.0,44.76
Honda City i DTEC SV,Honda,Kochi,2015,5,64465.0,Diesel,Manual,First,26.0,1498.0,98.6,5.0,6.22
Renault KWID Climber 1.0 AMT,Renault,Chennai,2018,2,14000.0,Petrol,Automatic,First,22.5,999.0,67.0,5.0,4.5
Hyundai Grand i10 Asta Option,Hyundai,Mumbai,2015,5,26000.0,Petrol,Manual,First,18.9,1197.0,82.0,5.0,4.25
Chevrolet Cruze LTZ AT,Chevrolet,Hyderabad,2011,9,78203.0,Diesel,Automatic,First,18.1,1991.0,147.9,4.0,5.5
Hyundai i20 1.4 Asta,Hyundai,Mumbai,2017,3,27000.0,Diesel,Manual,First,22.54,1396.0,88.73,5.0,6.95
Maruti Alto K10 VXI AGS,Maruti,Coimbatore,2018,2,31919.0,Petrol,Automatic,First,24.07,998.0,67.1,5.0,4.56
Hyundai Creta 1.6 SX Option Diesel,Hyundai,Coimbatore,2016,4,47392.0,Diesel,Manual,First,20.5,1582.0,126.2,5.0,13.82
Honda Amaze VX i-Vtech,Honda,Mumbai,2016,4,17362.0,Petrol,Manual,First,18.0,1198.0,86.7,5.0,5.65
Hyundai i20 Active 1.4 SX Dual Tone,Hyundai,Kochi,2016,4,49716.0,Diesel,Manual,First,21.19,1396.0,88.73,5.0,6.2
Maruti Celerio VXI,Maruti,Delhi,2014,6,48000.0,Petrol,Manual,First,23.1,998.0,67.04,5.0,3.25
Audi A4 2.0 TDI,Audi,Kolkata,2009,11,46000.0,Diesel,Automatic,First,16.55,1968.0,147.51,5.0,8.5
Hyundai Verna 1.4 CRDi,Hyundai,Bangalore,2016,4,79000.0,Diesel,Manual,First,24.8,1396.0,88.7,5.0,7.25
Renault Fluence Diesel E4,Renault,Pune,2013,7,57000.0,Diesel,Manual,First,21.8,1461.0,78.0,5.0,4.61
Volkswagen Polo 1.2 MPI Highline,Volkswagen,Delhi,2016,4,29754.0,Petrol,Manual,First,16.2,1199.0,74.0,5.0,5.3
Tata Indigo LX,Tata,Ahmedabad,2012,8,50123.0,Diesel,Manual,First,17.0,1405.0,70.0,5.0,1.9
Hyundai i10 Sportz,Hyundai,Kochi,2012,8,57184.0,Petrol,Manual,First,20.36,1197.0,78.9,5.0,3.09
BMW 7 Series 730Ld Sedan,BMW,Mumbai,2007,13,75000.0,Diesel,Automatic,Second,16.46,2993.0,258.0,5.0,9.5
Hyundai Creta 1.6 CRDi AT SX Plus,Hyundai,Mumbai,2015,5,26000.0,Diesel,Automatic,First,17.01,1582.0,126.2,5.0,12.65
Hyundai Grand i10 Magna,Hyundai,Delhi,2016,4,22129.0,Petrol,Manual,First,18.9,1197.0,82.0,5.0,4.25
Maruti Ritz VDi,Maruti,Hyderabad,2011,9,127887.0,Diesel,Manual,First,21.1,1248.0,73.9,5.0,2.95
Mahindra Scorpio 2.6 SLX CRDe,Mahindra,Hyderabad,2006,14,92000.0,Diesel,Manual,First,10.5,2179.0,120.0,8.0,3.45
Hyundai i10 Era,Hyundai,Hyderabad,2011,9,60634.0,Petrol,Manual,First,19.81,1086.0,68.05,5.0,3.3
Tata Safari Storme 2012-2015 VX,Tata,Hyderabad,2014,6,90000.0,Diesel,Manual,First,14.0,2179.0,138.1,7.0,8.0
Honda Civic 2006-2010 1.8 V MT,Honda,Kolkata,2009,11,59000.0,Petrol,Manual,First,13.5,1799.0,130.0,5.0,2.71
Maruti Zen Estilo LXI BSIII,Maruti,Hyderabad,2012,8,59293.0,Petrol,Manual,First,18.2,998.0,67.1,5.0,2.7
Maruti Swift Dzire VDI,Maruti,Mumbai,2012,8,80753.0,Diesel,Manual,Second,23.4,1248.0,74.0,5.0,4.5
Toyota Fortuner 4x2 Manual,Toyota,Delhi,2015,5,40000.0,Diesel,Manual,Second,13.0,2982.0,168.5,7.0,18.75
Maruti Swift VDI,Maruti,Pune,2014,6,103000.0,Diesel,Manual,Second,28.4,1248.0,74.0,5.0,5.25
Maruti Wagon R Duo LX BSIII,Maruti,Hyderabad,2012,8,72389.0,LPG,Manual,First,26.2,998.0,58.2,5.0,3.2
Maruti Dzire LDI,Maruti,Pune,2017,3,48000.0,Diesel,Manual,First,28.4,1248.0,73.75,5.0,6.0
Hyundai Grand i10 Asta,Hyundai,Kolkata,2014,6,41000.0,Petrol,Manual,First,18.9,1197.0,82.0,5.0,3.14
Renault KWID RXL,Renault,Jaipur,2016,4,26000.0,Petrol,Manual,First,25.17,799.0,53.3,5.0,2.55
Tata Indigo CS eGLX BS IV,Tata,Jaipur,2012,8,30000.0,Petrol,Manual,Second,15.64,1193.0,64.08,5.0,2.3
Ford Figo Diesel Titanium,Ford,Hyderabad,2014,6,74624.0,Diesel,Manual,First,20.0,1399.0,68.05,5.0,5.65
Porsche Cayenne 2009-2014 Diesel,Porsche,Kochi,2015,5,47877.0,Diesel,Automatic,First,15.15,2967.0,240.0,5.0,48.22
Maruti Alto K10 VXI,Maruti,Jaipur,2016,4,35000.0,Petrol,Manual,First,24.07,998.0,67.1,5.0,3.0
Volkswagen Vento 1.5 TDI Highline,Volkswagen,Ahmedabad,2015,5,52123.0,Diesel,Manual,First,20.34,1498.0,103.2,5.0,7.5
Mahindra Scorpio 2.6 SLX CRDe,Mahindra,Bangalore,2005,15,90000.0,Diesel,Manual,First,10.5,2179.0,120.0,8.0,2.6
BMW X3 xDrive 20d Luxury Line,BMW,Mumbai,2018,2,1400.0,Diesel,Automatic,First,18.56,1995.0,190.0,5.0,61.25
Honda City 1.5 V MT,Honda,Chennai,2009,11,122000.0,Petrol,Manual,Second,17.0,1497.0,118.0,5.0,3.5
Mini Cooper 3 DOOR S,Mini,Kochi,2016,4,21110.0,Petrol,Automatic,First,17.44,1998.0,189.08,4.0,28.95
Mitsubishi Pajero Sport 4X4 AT,Mitsubishi,Pune,2015,5,78000.0,Diesel,Automatic,First,13.5,2477.0,175.56,6.0,15.0
Maruti Swift Dzire VDi,Maruti,Jaipur,2012,8,72000.0,Diesel,Manual,First,19.3,1248.0,73.9,5.0,4.25
Bentley Continental Flying Spur,Bentley,Hyderabad,2006,14,48000.0,Petrol,Automatic,First,8.6,5998.0,552.0,4.0,59.0
Maruti Ertiga VDI,Maruti,Pune,2013,7,43486.0,Diesel,Manual,First,20.77,1248.0,88.76,7.0,6.6
Toyota Innova 2.5 G4 Diesel 7-seater,Toyota,Hyderabad,2007,13,199000.0,Diesel,Manual,Second,12.8,2494.0,102.0,7.0,5.2
Mercedes-Benz New C-Class C 200 Kompressor Elegance MT,Mercedes-Benz,Chennai,2010,10,34000.0,Petrol,Manual,First,11.7,1796.0,178.0,5.0,10.0
Mercedes-Benz New C-Class C 220 CDI BE Avantgare,Mercedes-Benz,Bangalore,2016,4,37944.0,Diesel,Automatic,First,14.84,2143.0,167.62,5.0,35.0
Ford Ecosport 1.5 DV5 MT Titanium Optional,Ford,Mumbai,2017,3,30000.0,Diesel,Manual,First,22.7,1498.0,89.84,5.0,8.75
Toyota Etios Liva 1.2 G,Toyota,Coimbatore,2015,5,64005.0,Petrol,Manual,First,17.71,1197.0,78.9,5.0,4.57
Hyundai i10 Magna 1.2,Hyundai,Delhi,2012,8,62000.0,Petrol,Manual,First,20.36,1197.0,78.9,5.0,2.5
Hyundai Santro LP - Euro II,Hyundai,Chennai,2005,15,105000.0,Petrol,Manual,First,,999.0,,5.0,1.75
Land Rover Freelander 2 SE,Land,Kochi,2014,6,59885.0,Diesel,Automatic,First,12.39,2179.0,147.51,5.0,20.11
Toyota Innova 2.5 V Diesel 8-seater,Toyota,Hyderabad,2011,9,144471.0,Diesel,Manual,First,12.8,2494.0,102.0,8.0,7.8
Hyundai i20 1.2 Magna,Hyundai,Coimbatore,2011,9,63991.0,Petrol,Manual,First,18.5,1197.0,80.0,5.0,3.61
Hyundai Santro Xing XO eRLX Euro II,Hyundai,Pune,2007,13,72000.0,Petrol,Manual,Second,17.0,1086.0,,5.0,1.11
Nissan Micra XV CVT,Nissan,Mumbai,2015,5,34895.0,Petrol,Automatic,First,19.15,1198.0,75.94,5.0,4.6
BMW X6 xDrive 40d M Sport,BMW,Ahmedabad,2015,5,97003.0,Diesel,Automatic,First,15.87,2993.0,308.43,5.0,85.0
Honda City 1.5 V AT,Honda,Kolkata,2015,5,45000.0,Petrol,Automatic,First,16.8,1497.0,118.0,5.0,5.25
Honda Amaze E i-Dtech,Honda,Delhi,2013,7,45000.0,Diesel,Manual,Second,25.8,1498.0,98.6,5.0,3.3
Toyota Fortuner 3.0 Diesel,Toyota,Bangalore,2013,7,100000.0,Diesel,Manual,Second,11.5,2982.0,171.0,7.0,17.75
Land Rover Discovery Sport SD4 HSE Luxury,Land,Delhi,2016,4,70000.0,Diesel,Automatic,First,12.97,2179.0,187.7,5.0,35.0
Hyundai Creta 1.6 CRDi SX,Hyundai,Coimbatore,2016,4,37023.0,Diesel,Manual,First,19.67,1582.0,126.2,5.0,13.39
Chevrolet Beat Diesel LT,Chevrolet,Chennai,2012,8,81000.0,Diesel,Manual,First,25.44,936.0,56.3,5.0,2.5
Toyota Innova Crysta 2.8 GX AT,Toyota,Kochi,2017,3,20789.0,Diesel,Automatic,First,11.36,2755.0,171.5,7.0,18.36
Maruti Swift Dzire VDI,Maruti,Jaipur,2015,5,68310.0,Diesel,Manual,First,23.4,1248.0,74.0,5.0,5.95
Hyundai Creta 1.6 CRDi SX Option,Hyundai,Mumbai,2015,5,47250.0,Diesel,Manual,Second,19.67,1582.0,126.2,5.0,11.0
Land Rover Range Rover Sport SE,Land,Delhi,2014,6,47000.0,Diesel,Automatic,Second,12.65,2993.0,255.0,5.0,64.75
Honda Amaze VX i-DTEC,Honda,Hyderabad,2017,3,128000.0,Diesel,Manual,First,25.8,1498.0,98.6,5.0,6.3
Hyundai Creta 1.6 SX Plus Dual Tone Petrol,Hyundai,Kochi,2017,3,17702.0,Petrol,Manual,First,15.29,1591.0,121.3,5.0,11.94
Volkswagen Vento Sport 1.2 TSI AT,Volkswagen,Mumbai,2014,6,34987.0,Petrol,Automatic,First,18.19,1197.0,103.5,5.0,5.95
Honda City i DTec VX,Honda,Ahmedabad,2017,3,37000.0,Diesel,Manual,First,26.0,1498.0,98.6,5.0,11.0
Hyundai Creta 1.6 SX Plus Dual Tone Petrol,Hyundai,Coimbatore,2017,3,38271.0,Petrol,Manual,First,15.29,1591.0,121.3,5.0,12.53
Ford Figo Diesel Titanium,Ford,Bangalore,2012,8,32510.0,Diesel,Manual,Second,20.0,1399.0,68.0,5.0,3.75
BMW 5 Series 2013-2017 530d M Sport,BMW,Pune,2014,6,88000.0,Diesel,Automatic,First,14.69,2993.0,258.0,5.0,27.0
Mitsubishi Pajero 2.8 SFX 7Str,Mitsubishi,Pune,2012,8,116000.0,Diesel,Manual,First,10.5,2835.0,107.2,6.0,9.95
Renault Duster 85PS Diesel RxL Option,Renault,Jaipur,2013,7,156000.0,Diesel,Manual,First,19.87,1461.0,83.8,5.0,4.2
Maruti Ritz VXI,Maruti,Delhi,2010,10,75319.0,Petrol,Manual,Second,21.1,1197.0,85.8,5.0,2.0
Hyundai Grand i10 Sportz,Hyundai,Kolkata,2013,7,28000.0,Petrol,Manual,First,18.9,1197.0,82.0,5.0,3.25
Mercedes-Benz GLA Class 200 CDI SPORT,Mercedes-Benz,Bangalore,2017,3,16500.0,Diesel,Automatic,First,17.9,2143.0,136.0,5.0,34.0
BMW 5 Series 520d Luxury Line,BMW,Coimbatore,2016,4,75637.0,Diesel,Automatic,First,22.48,1995.0,190.0,5.0,30.37
Hyundai Creta 1.6 SX Plus Petrol Automatic,Hyundai,Kochi,2018,2,32854.0,Petrol,Automatic,First,13.0,1591.0,121.3,5.0,12.6
Renault KWID RXT Optional,Renault,Kochi,2019,1,6568.0,Petrol,Manual,First,25.17,799.0,53.3,5.0,5.09
Audi A4 3.0 TDI Quattro,Audi,Bangalore,2014,6,30000.0,Diesel,Automatic,First,14.94,2967.0,241.4,5.0,24.5
Maruti Ciaz VDI SHVS,Maruti,Kochi,2018,2,17804.0,Diesel,Manual,Second,28.09,1248.0,88.5,5.0,7.97
Honda Jazz S,Honda,Delhi,2011,9,69768.0,Petrol,Manual,First,16.0,1198.0,90.0,5.0,2.9
BMW 3 Series 320d Luxury Line,BMW,Kochi,2016,4,62404.0,Diesel,Automatic,First,22.69,1995.0,190.0,5.0,21.33
Hyundai Verna SX CRDi AT,Hyundai,Bangalore,2012,8,97000.0,Diesel,Automatic,Second,19.08,1582.0,126.32,5.0,6.5
Hyundai Creta 1.4 CRDi S Plus,Hyundai,Coimbatore,2016,4,55687.0,Diesel,Manual,First,21.38,1396.0,88.7,5.0,12.15
Volkswagen Vento 2013-2015 1.6 Comfortline,Volkswagen,Kolkata,2014,6,17000.0,Petrol,Manual,First,15.04,1598.0,103.2,5.0,4.25
BMW 3 Series Luxury Line,BMW,Coimbatore,2017,3,34232.0,Diesel,Automatic,First,21.76,1995.0,190.0,5.0,35.84
Honda CR-V Petrol 2WD,Honda,Chennai,2004,16,135000.0,Petrol,Automatic,Third,14.4,1997.0,152.0,5.0,3.0
Renault Duster 110PS Diesel RxZ AWD,Renault,Chennai,2012,8,80000.0,Diesel,Manual,First,19.72,1461.0,108.45,5.0,6.75
Hyundai i20 Asta 1.2,Hyundai,Bangalore,2014,6,31045.0,Petrol,Manual,Second,18.6,1197.0,81.83,5.0,5.65
Volkswagen Jetta 2013-2015 2.0L TDI Highline AT,Volkswagen,Pune,2013,7,58000.0,Diesel,Automatic,Second,16.96,1968.0,138.03,5.0,7.5
Hyundai Creta 1.6 SX Plus Diesel,Hyundai,Kochi,2018,2,35480.0,Diesel,Manual,First,19.67,1582.0,126.2,5.0,13.34
Maruti Ciaz VDI SHVS,Maruti,Hyderabad,2016,4,62287.0,Diesel,Manual,First,28.09,1248.0,88.5,5.0,7.9
Hyundai i20 Asta 1.4 CRDi,Hyundai,Coimbatore,2015,5,46162.0,Diesel,Manual,First,22.54,1396.0,88.73,5.0,6.98
Hyundai Verna 1.6 SX VTVT,Hyundai,Mumbai,2014,6,9200.0,Petrol,Manual,First,17.01,1591.0,121.3,5.0,5.75
Volkswagen Polo Diesel Trendline 1.2L,Volkswagen,Kolkata,2012,8,55339.0,Diesel,Manual,First,22.07,1199.0,73.9,5.0,2.65
Volkswagen Polo Diesel Trendline 1.2L,Volkswagen,Kolkata,2011,9,55476.0,Diesel,Manual,First,22.07,1199.0,73.9,5.0,2.49
Maruti SX4 Vxi BSIII,Maruti,Pune,2007,13,68553.0,Petrol,Manual,Second,15.0,1586.0,104.68,5.0,1.5
Honda Mobilio RS Option i DTEC,Honda,Kochi,2016,4,67376.0,Diesel,Manual,First,24.5,1498.0,98.6,7.0,6.5
Renault Duster 110PS Diesel RxZ Plus,Renault,Hyderabad,2013,7,42000.0,Diesel,Manual,First,19.64,1461.0,108.45,5.0,8.0
Toyota Fortuner 2.8 2WD AT,Toyota,Coimbatore,2019,1,28069.0,Diesel,Automatic,First,12.9,2755.0,174.5,7.0,30.85
Volvo XC60 D4 SUMMUM,Volvo,Kochi,2014,6,93144.0,Diesel,Automatic,First,14.7,1984.0,181.0,5.0,17.15
Maruti Celerio VXI AT,Maruti,Hyderabad,2014,6,24300.0,Petrol,Automatic,First,23.1,998.0,67.04,5.0,4.55
Maruti Ciaz ZDi Plus,Maruti,Hyderabad,2015,5,47883.0,Diesel,Manual,Second,26.21,1248.0,88.5,5.0,7.4
Audi Q5 2008-2012 2.0 TDI,Audi,Kochi,2013,7,12467.0,Diesel,Automatic,First,12.8,1968.0,167.6,5.0,25.64
BMW X1 sDrive 20d Sportline,BMW,Kolkata,2013,7,56683.0,Diesel,Automatic,Second,17.05,1995.0,184.0,5.0,13.5
Ford Figo Petrol ZXI,Ford,Bangalore,2013,7,38000.0,Petrol,Manual,First,15.6,1196.0,70.0,5.0,3.55
Hyundai Elantra CRDi SX,Hyundai,Ahmedabad,2018,2,35000.0,Diesel,Manual,First,22.7,1582.0,126.2,5.0,15.0
Hyundai Verna 1.6 i ABS,Hyundai,Pune,2007,13,80000.0,Petrol,Manual,Second,13.9,1599.0,103.2,5.0,1.95
Honda Civic 2006-2010 1.8 S MT,Honda,Pune,2006,14,125000.0,Petrol,Manual,Second,13.5,1799.0,130.0,5.0,2.3
Toyota Fortuner 4x4 MT,Toyota,Chennai,2013,7,123000.0,Diesel,Manual,Second,12.55,2982.0,168.5,7.0,15.0
Hyundai i10 Sportz,Hyundai,Chennai,2012,8,70000.0,Petrol,Manual,First,20.36,1197.0,78.9,5.0,3.15
Nissan Sunny 2011-2014 Diesel XL,Nissan,Hyderabad,2012,8,87982.0,Diesel,Manual,First,21.64,1461.0,84.8,5.0,5.0
BMW 5 Series 2013-2017 520d Luxury Line,BMW,Jaipur,2013,7,40714.0,Diesel,Automatic,Second,18.12,1995.0,190.0,5.0,24.75
Chevrolet Optra Magnum 2.0 LT,Chevrolet,Pune,2008,12,83000.0,Diesel,Manual,Second,16.52,1991.0,123.7,5.0,2.6
Hyundai i10 Asta,Hyundai,Ahmedabad,2011,9,86000.0,Petrol,Manual,First,20.36,1197.0,78.9,5.0,3.75
Skoda Laura Ambiente,Skoda,Ahmedabad,2009,11,60002.0,Diesel,Manual,Second,17.5,1896.0,106.0,5.0,4.85
Mercedes-Benz E-Class 2009-2013 E 220 CDI Avantgarde,Mercedes-Benz,Jaipur,2013,7,60000.0,Diesel,Automatic,First,10.0,2148.0,170.0,5.0,27.0
Honda Amaze SX i-DTEC,Honda,Kolkata,2014,6,84677.0,Diesel,Manual,First,25.8,1498.0,98.6,5.0,3.0
BMW X1 xDrive 20d xLine,BMW,Delhi,2017,3,23000.0,Diesel,Automatic,First,20.68,1995.0,190.0,5.0,28.75
Toyota Innova 2.5 G (Diesel) 8 Seater,Toyota,Hyderabad,2016,4,81424.0,Diesel,Manual,First,12.99,2494.0,100.6,8.0,14.49
Porsche Panamera 2010 2013 Diesel,Porsche,Delhi,2013,7,36400.0,Diesel,Automatic,First,7.5,4806.0,394.3,4.0,72.0
Nissan Sunny XV D,Nissan,Chennai,2012,8,70000.0,Diesel,Manual,Second,22.71,1461.0,84.8,5.0,4.0
Maruti Swift Dzire LDI,Maruti,Delhi,2015,5,40000.0,Diesel,Manual,Second,26.59,1248.0,74.0,5.0,4.5
Maruti Wagon R ZXI AMT 1.2,Maruti,Mumbai,2019,1,600.0,Petrol,Automatic,First,21.5,1197.0,81.8,5.0,6.25
Volkswagen Jetta 2013-2015 2.0L TDI Highline AT,Volkswagen,Pune,2015,5,65320.0,Diesel,Automatic,Second,16.96,1968.0,138.03,5.0,11.5
Honda Accord 2.4 Inspire M/T,Honda,Pune,2009,11,79000.0,Petrol,Manual,Third,9.8,2354.0,180.0,5.0,3.1
Honda City i VTEC V,Honda,Mumbai,2018,2,5000.0,Petrol,Manual,First,17.8,1497.0,117.3,5.0,10.11
Hyundai Verna 1.6 SX VTVT,Hyundai,Coimbatore,2019,1,6028.0,Petrol,Manual,First,17.01,1591.0,121.3,5.0,11.54
Maruti Wagon R LX BSII,Maruti,Delhi,2006,14,86000.0,Petrol,Manual,Second,18.9,998.0,67.1,5.0,1.0
Maruti Swift Dzire Tour LDI,Maruti,Kolkata,2013,7,160000.0,Diesel,Manual,Second,23.4,1248.0,74.0,5.0,2.5
Audi Q5 2008-2012 2.0 TFSI Quattro,Audi,Kochi,2011,9,59967.0,Petrol,Automatic,First,9.74,1984.0,208.0,5.0,18.0
Toyota Etios Cross 1.4 GD,Toyota,Coimbatore,2018,2,43127.0,Diesel,Manual,First,23.59,1364.0,67.04,5.0,6.85
Hyundai i10 Era 1.1 iTech SE,Hyundai,Kochi,2012,8,65727.0,Petrol,Manual,First,19.81,1086.0,68.05,5.0,2.97
Hyundai Verna 1.6 VTVT,Hyundai,Pune,2013,7,70000.0,Petrol,Manual,First,17.01,1591.0,121.3,5.0,4.75
Volkswagen Polo 1.5 TDI Highline,Volkswagen,Coimbatore,2018,2,39861.0,Diesel,Manual,First,20.14,1498.0,88.8,5.0,7.38
BMW 5 Series 520d Sport Line,BMW,Delhi,2017,3,16485.0,Diesel,Automatic,First,22.48,1995.0,187.74,5.0,42.75
Hyundai i20 1.4 Asta Optional With Sunroof,Hyundai,Bangalore,2010,10,77332.0,Diesel,Manual,Second,23.0,1396.0,90.0,5.0,3.65
Hyundai Grand i10 Asta Option AT,Hyundai,Kochi,2017,3,17489.0,Petrol,Automatic,First,18.9,1197.0,82.0,5.0,5.99
Toyota Fortuner 4x2 4 Speed AT,Toyota,Pune,2012,8,125000.0,Diesel,Automatic,First,11.5,2982.0,169.0,7.0,13.5
Maruti Baleno Zeta Automatic,Maruti,Chennai,2016,4,35129.0,Petrol,Automatic,First,21.4,1197.0,83.1,5.0,7.0
Hyundai Creta 1.6 SX Plus Petrol Automatic,Hyundai,Hyderabad,2016,4,22982.0,Petrol,Automatic,First,13.0,1591.0,121.3,5.0,10.95
Hyundai i10 Sportz,Hyundai,Pune,2013,7,54500.0,Petrol,Manual,Third,20.36,1197.0,78.9,5.0,2.95
Tata Tigor XE Diesel,Tata,Ahmedabad,2017,3,16235.0,Diesel,Manual,First,24.7,1047.0,69.0,5.0,5.5
Skoda Superb Style 1.8 TSI AT,Skoda,Kochi,2017,3,73641.0,Petrol,Automatic,First,14.67,1798.0,177.46,5.0,17.08
Maruti Swift Dzire VDI,Maruti,Hyderabad,2015,5,59572.0,Diesel,Manual,First,26.59,1248.0,74.0,5.0,6.85
Honda CR-V 2.0 AT,Honda,Jaipur,2014,6,112827.0,Petrol,Automatic,First,13.1,1997.0,141.1,5.0,10.5
Toyota Innova 2.5 G (Diesel) 8 Seater BS IV,Toyota,Hyderabad,2010,10,118000.0,Diesel,Manual,First,12.8,2494.0,102.0,8.0,8.75
Honda City 1.5 V MT,Honda,Kolkata,2010,10,60000.0,Petrol,Manual,First,17.0,1497.0,118.0,5.0,2.7
Hyundai Verna VTVT 1.6 AT SX Plus,Hyundai,Mumbai,2012,8,75059.0,Petrol,Automatic,First,17.0,1591.0,121.3,5.0,4.25
Toyota Etios 1.4 VXD,Toyota,Pune,2018,2,3000.0,Diesel,Manual,First,23.59,1364.0,67.04,5.0,7.9
Skoda Superb Elegance 1.8 TSI AT,Skoda,Delhi,2011,9,78000.0,Petrol,Automatic,Second,13.7,1798.0,157.75,5.0,4.5
Nissan Sunny 2011-2014 Diesel XV,Nissan,Kolkata,2012,8,47000.0,Diesel,Manual,First,21.64,1461.0,84.8,5.0,4.0
Honda City 1.5 V MT Exclusive,Honda,Delhi,2012,8,42000.0,Petrol,Manual,First,17.0,1497.0,118.0,5.0,4.75
Hyundai Elite i20 Diesel Asta Option,Hyundai,Kolkata,2018,2,6820.0,Diesel,Manual,First,22.54,1396.0,88.76,5.0,7.65
Chevrolet Optra 1.6 LT Royale,Chevrolet,Kochi,2013,7,55176.0,Petrol,Manual,Second,17.4,1599.0,104.0,5.0,3.47
Honda Amaze S i-Vtech,Honda,Kochi,2016,4,39854.0,Petrol,Manual,First,18.0,1198.0,86.7,5.0,5.64
Volkswagen Polo Petrol Comfortline 1.2L,Volkswagen,Kolkata,2013,7,24000.0,Petrol,Manual,First,16.47,1198.0,73.9,5.0,2.95
Maruti Swift VDI,Maruti,Jaipur,2016,4,55000.0,Diesel,Manual,First,22.9,1248.0,74.0,5.0,5.65
Ford Endeavour 3.0L 4X4 AT,Ford,Kochi,2012,8,45840.0,Diesel,Automatic,First,11.4,2953.0,153.86,7.0,8.41
Maruti Baleno LXI,Maruti,Pune,2006,14,155000.0,Petrol,Manual,Third,15.4,1590.0,94.0,5.0,0.85
Maruti Wagon R LX,Maruti,Pune,2003,17,125000.0,Petrol,Manual,Second,18.9,998.0,67.1,5.0,0.8
Volkswagen Polo 1.5 TDI Highline,Volkswagen,Coimbatore,2014,6,52951.0,Diesel,Manual,First,20.14,1498.0,88.0,5.0,5.65
Hyundai Verna 1.6 SX VTVT (O),Hyundai,Kolkata,2013,7,49000.0,Petrol,Manual,First,17.1,1591.0,121.3,5.0,4.5
Maruti Ciaz ZDi Plus SHVS,Maruti,Ahmedabad,2015,5,52000.0,Diesel,Manual,First,28.09,1248.0,88.5,5.0,6.9
Toyota Qualis Fleet A3,Toyota,Mumbai,2001,19,227000.0,Diesel,Manual,Fourth & Above,,2446.0,,8.0,2.2
Nissan Sunny 2011-2014 Diesel XL,Nissan,Jaipur,2013,7,120005.0,Diesel,Manual,First,21.64,1461.0,84.8,5.0,4.0
Skoda Rapid 1.6 MPI Ambition With Alloy Wheel,Skoda,Mumbai,2015,5,33000.0,Petrol,Manual,First,15.0,1598.0,103.52,5.0,5.6
Maruti Eeco 7 Seater Standard,Maruti,Delhi,2016,4,126000.0,Petrol,Manual,First,15.1,1196.0,73.0,7.0,2.2
Skoda Rapid Ultima 1.6 MPI Ambition Plus,Skoda,Bangalore,2013,7,66700.0,Petrol,Manual,First,15.0,1598.0,103.5,5.0,4.0
Toyota Fortuner 4x4 MT,Toyota,Jaipur,2014,6,122000.0,Diesel,Manual,Second,12.55,2982.0,168.5,7.0,16.0
Hyundai Creta 1.6 CRDi SX,Hyundai,Mumbai,2016,4,29000.0,Diesel,Manual,First,19.67,1582.0,126.2,5.0,12.6
Hyundai i20 Magna Optional 1.2,Hyundai,Kochi,2014,6,42315.0,Petrol,Manual,First,18.5,1197.0,82.9,5.0,4.79
Maruti Wagon R LXI CNG,Maruti,Mumbai,2015,5,22001.0,CNG,Manual,First,26.6,998.0,58.16,5.0,3.65
Honda City i DTEC V,Honda,Kochi,2016,4,84580.0,Diesel,Manual,First,26.0,1498.0,98.6,5.0,6.83
Maruti 800 Std,Maruti,Jaipur,2002,18,75000.0,Petrol,Manual,First,16.1,796.0,37.0,4.0,0.51
Ford Ikon 1.3 Flair,Ford,Pune,2006,14,85000.0,Petrol,Manual,Second,13.8,1299.0,70.0,5.0,0.69
Maruti Swift Dzire LXI,Maruti,Delhi,2015,5,24296.0,Petrol,Manual,First,20.85,1197.0,83.14,5.0,4.65
Honda City 1.5 V MT Sunroof,Honda,Kolkata,2014,6,40000.0,Petrol,Manual,First,16.8,1497.0,116.3,5.0,6.49
Hyundai Verna CRDi,Hyundai,Chennai,2009,11,64514.0,Diesel,Manual,First,16.8,1493.0,110.0,5.0,2.9
Hyundai Verna 1.6 SX VTVT,Hyundai,Delhi,2016,4,35000.0,Petrol,Manual,First,17.01,1591.0,121.3,5.0,7.4
Renault KWID RXT,Renault,Bangalore,2016,4,41000.0,Petrol,Manual,Second,25.17,799.0,53.3,5.0,3.25
Maruti Wagon R LXI,Maruti,Ahmedabad,2008,12,60123.0,Petrol,Manual,Second,18.9,998.0,67.1,5.0,1.95
Hyundai Grand i10 Sportz,Hyundai,Jaipur,2015,5,53000.0,Petrol,Manual,Second,18.9,1197.0,82.0,5.0,4.0
Hyundai i20 1.2 Asta,Hyundai,Delhi,2017,3,9000.0,Petrol,Manual,First,18.6,1197.0,81.83,5.0,6.85
Honda Amaze S i-Vtech,Honda,Coimbatore,2015,5,53497.0,Petrol,Manual,First,18.0,1198.0,86.7,5.0,5.45
Ford Fiesta 1.4 Duratorq ZXI,Ford,Hyderabad,2007,13,68000.0,Diesel,Manual,First,17.8,1399.0,68.0,5.0,1.99
Hyundai Verna SX CRDi AT,Hyundai,Hyderabad,2014,6,65000.0,Diesel,Automatic,First,19.08,1582.0,126.32,5.0,8.99
Toyota Etios VD SP,Toyota,Kolkata,2014,6,45155.0,Diesel,Manual,First,23.59,1364.0,67.04,5.0,6.5
Honda Jazz 1.2 V CVT i VTEC,Honda,Coimbatore,2018,2,20026.0,Petrol,Automatic,First,19.0,1199.0,88.7,5.0,9.27
Hyundai Verna 1.6 CRDi SX,Hyundai,Ahmedabad,2015,5,60000.0,Diesel,Manual,First,23.9,1582.0,126.2,5.0,6.99
Mercedes-Benz CLA 200 D Sport Edition,Mercedes-Benz,Coimbatore,2019,1,15976.0,Diesel,Automatic,First,17.9,2143.0,136.0,5.0,36.76
Skoda Octavia Elegance 1.8 TSI AT,Skoda,Kochi,2017,3,30523.0,Petrol,Automatic,First,14.7,1798.0,177.5,5.0,17.08
Chevrolet Beat Diesel LS,Chevrolet,Kolkata,2013,7,26300.0,Diesel,Manual,First,25.44,936.0,57.6,5.0,2.8
Volkswagen Polo Diesel Trendline 1.2L,Volkswagen,Kolkata,2011,9,66000.0,Diesel,Manual,First,22.07,1199.0,73.9,5.0,2.49
Maruti SX4 S Cross DDiS 200 Zeta,Maruti,Jaipur,2016,4,70000.0,Diesel,Manual,First,23.65,1248.0,88.5,5.0,8.85
Honda City V MT,Honda,Ahmedabad,2011,9,46000.0,Petrol,Manual,First,16.8,1497.0,116.3,5.0,4.15
Volkswagen Vento 1.5 TDI Highline,Volkswagen,Hyderabad,2017,3,28000.0,Diesel,Manual,First,20.64,1498.0,108.5,5.0,10.0
Hyundai Grand i10 1.2 Kappa Magna,Hyundai,Delhi,2017,3,46000.0,Petrol,Manual,First,18.9,1197.0,81.86,5.0,4.75
Renault KWID AMT RXL,Renault,Jaipur,2017,3,33000.0,Petrol,Automatic,First,24.04,999.0,67.0,5.0,3.2
Maruti Alto 800 LXI,Maruti,Kochi,2017,3,27718.0,Petrol,Manual,First,22.74,796.0,47.3,5.0,3.28
Ford Ecosport 1.5 Ti VCT MT Titanium,Ford,Bangalore,2013,7,58000.0,Petrol,Manual,First,15.8,1499.0,110.0,5.0,7.5
Maruti Baleno Zeta,Maruti,Coimbatore,2018,2,33150.0,Petrol,Manual,First,21.4,1197.0,83.1,5.0,7.39
Maruti Ritz VDi,Maruti,Pune,2013,7,77000.0,Diesel,Manual,First,23.2,1248.0,73.94,5.0,3.65
Mercedes-Benz E-Class 280 CDI,Mercedes-Benz,Chennai,2007,13,70000.0,Diesel,Automatic,First,11.0,2987.0,198.5,5.0,11.0
Maruti Ritz VDi,Maruti,Kolkata,2012,8,97000.0,Diesel,Manual,First,23.2,1248.0,73.94,5.0,3.0
Chevrolet Beat Diesel LT,Chevrolet,Chennai,2012,8,75300.0,Diesel,Manual,Second,25.44,936.0,57.6,5.0,2.25
Maruti SX4 Vxi BSIV,Maruti,Kochi,2010,10,69918.0,Petrol,Manual,First,15.5,1586.0,103.3,5.0,2.83
Maruti Omni 5 Seater BSIV,Maruti,Coimbatore,2019,1,4721.0,Petrol,Manual,First,14.0,796.0,35.0,5.0,4.11
Mitsubishi Pajero Sport Anniversary Edition,Mitsubishi,Kolkata,2014,6,39163.0,Diesel,Manual,First,13.5,2477.0,178.0,7.0,14.7
Mercedes-Benz S Class 2005 2013 S 300 L,Mercedes-Benz,Pune,2013,7,80000.0,Petrol,Automatic,First,13.0,2987.0,210.0,5.0,25.0
Chevrolet Beat Diesel LS,Chevrolet,Bangalore,2015,5,66000.0,Diesel,Manual,First,25.44,936.0,56.3,5.0,2.35
Ford Figo 2015-2019 1.5D Titanium MT,Ford,Coimbatore,2017,3,36154.0,Diesel,Manual,Second,25.83,1498.0,99.0,5.0,6.41
Honda City i-VTEC VX,Honda,Ahmedabad,2012,8,34000.0,Petrol,Manual,First,17.4,1497.0,117.3,5.0,5.75
Mercedes-Benz GLA Class 200 CDI SPORT,Mercedes-Benz,Chennai,2016,4,60000.0,Diesel,Automatic,Second,17.9,2143.0,136.0,5.0,17.55
Hyundai Creta 1.4 CRDi S Plus,Hyundai,Jaipur,2015,5,32000.0,Diesel,Manual,First,21.38,1396.0,88.7,5.0,10.25
Ford Fiesta Classic 1.4 Duratorq CLXI,Ford,Kochi,2012,8,79985.0,Diesel,Manual,First,17.8,1399.0,67.0,5.0,3.16
Audi A4 2.0 TDI,Audi,Bangalore,2014,6,37600.0,Diesel,Automatic,Second,16.55,1968.0,147.51,5.0,22.5
Hyundai i10 Magna 1.1,Hyundai,Kochi,2015,5,31965.0,Petrol,Manual,First,19.81,1086.0,68.05,5.0,3.55
BMW 3 Series 320i Sedan,BMW,Kochi,2010,10,70749.0,Petrol,Automatic,First,12.05,1995.0,154.0,5.0,9.86
BMW 7 Series 730Ld,BMW,Chennai,2013,7,38000.0,Diesel,Automatic,First,16.46,2993.0,258.0,5.0,45.0
Hyundai Verna 1.6 SX VTVT,Hyundai,Kochi,2017,3,41534.0,Petrol,Manual,First,17.01,1591.0,121.3,5.0,7.99
Volkswagen Ameo 1.5 TDI Comfortline AT,Volkswagen,Jaipur,2017,3,54455.0,Diesel,Automatic,First,22.0,1498.0,108.495,5.0,6.5
Chevrolet Aveo 1.4 LS,Chevrolet,Kolkata,2007,13,42000.0,Petrol,Manual,First,14.49,1399.0,92.7,5.0,0.75
Chevrolet Cruze LTZ,Chevrolet,Coimbatore,2018,2,52073.0,Diesel,Manual,Second,18.3,1991.0,147.9,5.0,9.87
Hyundai i20 1.4 Sportz,Hyundai,Kochi,2018,2,40175.0,Diesel,Manual,Second,22.54,1396.0,88.73,5.0,6.36
Honda BRV i-VTEC V CVT,Honda,Mumbai,2017,3,16503.0,Petrol,Automatic,First,16.0,1497.0,117.3,7.0,9.5
Hyundai Xcent 1.2 Kappa SX,Hyundai,Kochi,2017,3,15029.0,Petrol,Manual,First,19.1,1197.0,82.0,5.0,6.05
Maruti Alto 800 CNG LXI,Maruti,Mumbai,2013,7,26200.0,CNG,Manual,First,30.46,796.0,47.3,5.0,2.15
Hyundai Grand i10 CRDi Sportz,Hyundai,Hyderabad,2015,5,76362.0,Diesel,Manual,First,24.0,1120.0,70.0,5.0,5.5
Maruti Alto LXi,Maruti,Kolkata,2007,13,18700.0,Petrol,Manual,Second,19.7,796.0,46.3,5.0,1.25
Toyota Innova 2.5 VX (Diesel) 7 Seater,Toyota,Coimbatore,2015,5,67585.0,Diesel,Manual,First,12.99,2494.0,100.6,7.0,11.99
Hyundai i10 Sportz 1.2 AT,Hyundai,Mumbai,2010,10,57000.0,Petrol,Automatic,Second,16.95,1197.0,78.9,5.0,2.5
Honda City i-VTEC CVT V,Honda,Kochi,2019,1,22321.0,Petrol,Automatic,First,18.0,1497.0,117.3,5.0,11.66
Maruti Zen LX,Maruti,Jaipur,1998,22,95150.0,Petrol,Manual,Third,17.3,993.0,60.0,5.0,0.53
Maruti Wagon R LXI BS IV,Maruti,Kolkata,2015,5,36428.0,Petrol,Manual,First,20.51,998.0,67.04,5.0,3.1
Ford Figo Diesel Titanium,Ford,Hyderabad,2012,8,73500.0,Diesel,Manual,Second,20.0,1399.0,68.0,5.0,2.6
Honda Amaze S i-Vtech,Honda,Kochi,2015,5,47234.0,Petrol,Manual,First,18.0,1198.0,86.7,5.0,5.09
Hyundai Accent GLE,Hyundai,Hyderabad,2008,12,62364.0,Petrol,Manual,First,13.2,1495.0,94.0,5.0,2.3
Hyundai Verna 1.6 SX CRDi (O),Hyundai,Pune,2012,8,89000.0,Diesel,Manual,First,22.32,1582.0,126.32,5.0,6.0
Maruti Swift ZDi,Maruti,Ahmedabad,2013,7,58653.0,Diesel,Manual,First,25.2,1248.0,74.0,5.0,4.4
Mercedes-Benz B Class B180,Mercedes-Benz,Delhi,2013,7,30000.0,Petrol,Automatic,Second,14.8,1595.0,120.7,5.0,11.0
Chevrolet Cruze LTZ,Chevrolet,Coimbatore,2014,6,64042.0,Diesel,Manual,First,17.3,1998.0,163.7,5.0,5.7
Skoda Laura Ambiente 2.0 TDI CR AT,Skoda,Chennai,2013,7,120000.0,Diesel,Automatic,First,20.0,1968.0,138.1,5.0,6.95
Mahindra Scorpio VLX 2WD BSIV,Mahindra,Hyderabad,2014,6,90000.0,Diesel,Manual,First,12.05,2179.0,120.0,8.0,7.9
BMW X1 xDrive 20d xLine,BMW,Kochi,2018,2,30733.0,Diesel,Automatic,First,20.68,1995.0,190.0,5.0,29.3
Mercedes-Benz E-Class 2009-2013 E350 Petrol,Mercedes-Benz,Kolkata,2009,11,43600.0,Petrol,Automatic,First,10.93,3498.0,272.0,5.0,10.24
Skoda Superb Elegance 1.8 TSI AT,Skoda,Pune,2010,10,71473.0,Petrol,Automatic,Second,13.7,1798.0,157.75,5.0,5.35
Honda Brio VX AT,Honda,Mumbai,2014,6,39000.0,Petrol,Automatic,Second,16.5,1198.0,86.8,5.0,3.49
Hyundai i10 Magna 1.2,Hyundai,Hyderabad,2009,11,84045.0,Petrol,Manual,First,20.36,1197.0,78.9,5.0,2.85
Honda City i VTEC SV,Honda,Mumbai,2014,6,57004.0,Petrol,Manual,First,17.4,1497.0,117.3,5.0,5.35
Ford Figo Petrol ZXI,Ford,Coimbatore,2012,8,75464.0,Petrol,Manual,First,15.6,1196.0,70.0,5.0,3.62
Toyota Innova 2.5 G4 Diesel 7-seater,Toyota,Hyderabad,2006,14,142000.0,Diesel,Manual,First,12.8,2494.0,102.0,7.0,6.25
Mahindra Verito 1.5 D6 BSIV,Mahindra,Kochi,2012,8,118683.0,Diesel,Manual,Second,21.0,1461.0,64.1,5.0,3.19
Mahindra KUV 100 G80 K8 Dual Tone,Mahindra,Delhi,2018,2,42000.0,Petrol,Manual,First,18.15,1198.0,82.0,6.0,5.5
Hyundai i20 Sportz Option 1.2,Hyundai,Kochi,2019,1,12800.0,Petrol,Manual,First,18.6,1197.0,81.83,5.0,7.67
Tata New Safari EX 4x2,Tata,Jaipur,2011,9,80000.0,Petrol,Manual,First,12.0,2092.0,127.0,7.0,5.5
Maruti Swift Dzire VDi,Maruti,Hyderabad,2014,6,76126.0,Diesel,Manual,First,19.3,1248.0,73.9,5.0,6.6
BMW X5 xDrive 30d M Sport,BMW,Chennai,2017,3,21000.0,Diesel,Automatic,Second,15.97,2993.0,258.0,5.0,55.0
Audi A6 2011-2015 2.0 TDI Premium Plus,Audi,Pune,2013,7,85000.0,Diesel,Automatic,First,17.68,1968.0,174.33,5.0,21.0
Maruti Baleno Delta 1.2,Maruti,Jaipur,2017,3,27000.0,Petrol,Manual,First,21.4,1197.0,83.1,5.0,4.5
Hyundai Santa Fe 4WD AT,Hyundai,Coimbatore,2016,4,45794.0,Diesel,Automatic,First,13.01,2199.0,194.3,7.0,20.67
Chevrolet Cruze LTZ AT,Chevrolet,Hyderabad,2013,7,57352.0,Diesel,Automatic,First,14.39,1998.0,163.7,5.0,6.5
Mercedes-Benz E-Class 2015-2017 E250 Edition E,Mercedes-Benz,Coimbatore,2018,2,41467.0,Diesel,Automatic,First,15.0,2143.0,204.0,5.0,37.98
Hyundai Santro Xing GLS,Hyundai,Mumbai,2009,11,42000.0,Petrol,Manual,First,17.92,1086.0,62.1,5.0,1.45
Maruti Wagon R LXI CNG,Maruti,Delhi,2014,6,62549.0,CNG,Manual,First,26.6,998.0,58.16,5.0,2.95
Maruti Ciaz VDi Plus SHVS,Maruti,Hyderabad,2015,5,67048.0,Diesel,Manual,First,28.09,1248.0,88.5,5.0,7.9
Honda City i-VTEC V,Honda,Kochi,2018,2,11732.0,Petrol,Manual,First,17.4,1497.0,117.3,5.0,10.07
Nissan Terrano XL Plus ICC WT20 SE,Nissan,Mumbai,2016,4,37000.0,Diesel,Manual,First,20.45,1461.0,83.8,5.0,6.5
BMW 3 Series 320d Prestige,BMW,Hyderabad,2015,5,30000.0,Diesel,Automatic,First,18.88,1995.0,184.0,5.0,22.0
Honda City i DTEC V,Honda,Hyderabad,2016,4,53000.0,Diesel,Manual,First,26.0,1498.0,98.6,5.0,9.75
Nissan Terrano XL Plus 85 PS,Nissan,Jaipur,2014,6,60000.0,Diesel,Manual,First,20.45,1461.0,83.8,5.0,6.0
Hyundai Grand i10 CRDi Sportz,Hyundai,Delhi,2014,6,65000.0,Diesel,Manual,First,24.0,1120.0,70.0,5.0,3.99
Hyundai Santro Xing XL eRLX Euro III,Hyundai,Ahmedabad,2008,12,51000.0,Petrol,Manual,First,17.0,1086.0,,5.0,1.75
Toyota Fortuner 4x2 AT,Toyota,Delhi,2015,5,92000.0,Diesel,Automatic,First,12.55,2982.0,168.5,7.0,19.75
Toyota Innova Crysta 2.4 VX MT,Toyota,Kolkata,2017,3,31000.0,Diesel,Manual,First,13.68,2393.0,147.8,7.0,16.95
Maruti Baleno Zeta 1.2,Maruti,Chennai,2017,3,43917.0,Petrol,Manual,First,21.4,1197.0,83.1,5.0,6.8
Hyundai Santro Xing XL eRLX Euro III,Hyundai,Kolkata,2007,13,46707.0,Petrol,Manual,First,17.0,1086.0,,5.0,0.99
Hyundai i10 Sportz 1.1L,Hyundai,Pune,2013,7,84000.0,Petrol,Manual,First,19.81,1086.0,68.05,5.0,2.95
Audi Q7 3.0 TDI Quattro Premium Plus,Audi,Coimbatore,2015,5,55662.0,Diesel,Automatic,First,12.07,2967.0,241.4,7.0,42.83
Volvo S60 D4 Momentum,Volvo,Hyderabad,2014,6,51000.0,Diesel,Automatic,First,27.03,1969.0,190.0,5.0,21.5
Honda City i VTEC V,Honda,Jaipur,2015,5,24398.0,Petrol,Manual,First,17.8,1497.0,117.3,5.0,7.9
Maruti Alto K10 2010-2014 VXI,Maruti,Hyderabad,2011,9,78000.0,Petrol,Manual,Second,20.92,998.0,67.1,5.0,2.3
Honda Brio 1.2 S Option MT,Honda,Delhi,2012,8,40315.0,Petrol,Manual,First,18.5,1198.0,86.8,5.0,2.75
Mahindra Scorpio VLX 2WD AIRBAG BSIV,Mahindra,Jaipur,2011,9,83000.0,Diesel,Manual,First,12.05,2179.0,120.0,8.0,6.71
Renault Duster 110PS Diesel RxL AMT,Renault,Kochi,2017,3,58151.0,Diesel,Automatic,First,19.6,1461.0,108.45,5.0,9.6
Hyundai Creta 1.6 CRDi SX,Hyundai,Kochi,2017,3,30519.0,Diesel,Manual,First,19.67,1582.0,126.2,5.0,12.81
Tata Tiago 1.2 Revotron XZ,Tata,Coimbatore,2019,1,20712.0,Petrol,Manual,First,23.84,1199.0,84.0,5.0,6.94
Mahindra XUV500 W6 2WD,Mahindra,Mumbai,2015,5,48000.0,Diesel,Manual,First,16.0,2179.0,140.0,7.0,9.45
Volkswagen Vento 1.5 TDI Highline,Volkswagen,Hyderabad,2015,5,85000.0,Diesel,Manual,First,20.34,1498.0,103.2,5.0,6.0
Mercedes-Benz B Class B180,Mercedes-Benz,Delhi,2013,7,32000.0,Petrol,Automatic,First,14.8,1595.0,120.7,5.0,11.0
Maruti SX4 Vxi BSIV,Maruti,Delhi,2011,9,52000.0,Petrol,Manual,First,15.5,1586.0,103.3,5.0,2.6
Hyundai Getz GLE,Hyundai,Hyderabad,2007,13,58307.0,Petrol,Manual,First,15.3,1341.0,83.0,5.0,1.95
BMW 6 Series Gran Coupe,BMW,Mumbai,2013,7,30000.0,Diesel,Automatic,First,17.54,2993.0,313.0,4.0,45.0
Audi A4 2.0 TDI 177 Bhp Premium Plus,Audi,Chennai,2014,6,40000.0,Diesel,Automatic,First,17.11,1968.0,174.33,5.0,22.0
Hyundai i20 Asta Option 1.2,Hyundai,Kolkata,2015,5,36000.0,Petrol,Manual,First,18.6,1197.0,81.83,5.0,4.9
Nissan Terrano XL D Option,Nissan,Kochi,2015,5,58817.0,Diesel,Manual,First,19.87,1461.0,83.14,5.0,6.25
Volkswagen Vento Konekt Diesel Highline,Volkswagen,Chennai,2013,7,55000.0,Diesel,Manual,Second,20.54,1598.0,103.6,5.0,6.1
Hyundai i10 Sportz,Hyundai,Mumbai,2011,9,39000.0,Petrol,Manual,First,20.36,1197.0,78.9,5.0,2.6
Lamborghini Gallardo Coupe,Lamborghini,Delhi,2011,9,6500.0,Petrol,Automatic,Third,6.4,5204.0,560.0,2.0,120.0
Jaguar XF 3.0 Litre S Premium Luxury,Jaguar,Hyderabad,2012,8,35000.0,Diesel,Automatic,First,14.74,2993.0,270.9,5.0,29.0
Maruti Swift Dzire VXi,Maruti,Pune,2010,10,49900.0,Petrol,Manual,Second,17.5,1298.0,85.8,5.0,3.3
Tata Indica Vista Quadrajet VX,Tata,Hyderabad,2013,7,99500.0,Diesel,Manual,Second,22.3,1248.0,74.0,5.0,3.05
Hyundai i20 Asta 1.4 CRDi,Hyundai,Kolkata,2012,8,33249.0,Diesel,Manual,First,21.27,1396.0,88.76,5.0,3.25
Hyundai Xcent 1.2 Kappa S Option,Hyundai,Delhi,2014,6,52000.0,Petrol,Manual,First,19.1,1197.0,81.86,5.0,3.75
Toyota Innova 2.5 VX (Diesel) 7 Seater,Toyota,Mumbai,2015,5,45000.0,Diesel,Manual,First,12.99,2494.0,100.6,7.0,13.25
Tata Tiago 1.2 Revotron XZ,Tata,Hyderabad,2017,3,22000.0,Petrol,Manual,First,23.84,1199.0,84.0,5.0,4.8
Renault KWID RXL,Renault,Kochi,2019,1,7858.0,Petrol,Manual,First,25.17,799.0,53.3,5.0,3.8
Toyota Innova 2.5 V Diesel 7-seater,Toyota,Pune,2011,9,112000.0,Diesel,Manual,First,12.8,2494.0,102.0,7.0,8.5
Mercedes-Benz E-Class 2015-2017 E250 CDI Avantgarde,Mercedes-Benz,Coimbatore,2016,4,41082.0,Diesel,Automatic,First,13.0,2143.0,204.0,5.0,38.76
Honda City 1.5 S AT,Honda,Ahmedabad,2009,11,72000.0,Petrol,Automatic,First,16.8,1497.0,116.4,5.0,3.2
Hyundai i10 Sportz 1.2,Hyundai,Hyderabad,2011,9,84912.0,Petrol,Manual,First,20.36,1197.0,78.9,5.0,3.5
Hyundai Creta 1.6 CRDi SX Option,Hyundai,Pune,2015,5,70000.0,Diesel,Manual,First,19.67,1582.0,126.2,5.0,12.25
Honda Amaze VX Petrol,Honda,Mumbai,2014,6,21000.0,Petrol,Manual,First,19.5,1199.0,86.76,5.0,4.75
Volkswagen Polo 1.2 MPI Trendline,Volkswagen,Delhi,2016,4,27000.0,Petrol,Manual,First,18.78,999.0,74.0,5.0,4.5
Hyundai i10 Magna 1.2,Hyundai,Kolkata,2012,8,29000.0,Petrol,Manual,First,20.36,1197.0,78.9,5.0,2.35
Renault Pulse RxL,Renault,Hyderabad,2014,6,48425.0,Diesel,Manual,First,23.08,1461.0,63.12,5.0,3.4
Volkswagen Vento 1.5 TDI Highline AT,Volkswagen,Pune,2016,4,19000.0,Diesel,Automatic,First,21.5,1498.0,108.5,5.0,10.0
Toyota Innova 2.5 VX (Diesel) 7 Seater BS IV,Toyota,Hyderabad,2012,8,210000.0,Diesel,Manual,First,12.99,2494.0,100.0,7.0,9.0
Toyota Corolla Altis G,Toyota,Delhi,2013,7,64000.0,Petrol,Manual,Second,14.53,1798.0,138.1,5.0,5.2
Hyundai Verna CRDi,Hyundai,Chennai,2006,14,200000.0,Diesel,Manual,Second,16.8,1493.0,110.0,5.0,1.85
Mercedes-Benz GL-Class 350 CDI Blue Efficiency,Mercedes-Benz,Chennai,2013,7,100000.0,Diesel,Automatic,Second,11.3,2987.0,254.8,7.0,38.0
Renault Duster 85PS Diesel RxL Optional,Renault,Kochi,2013,7,69140.0,Diesel,Manual,First,20.46,1461.0,83.8,5.0,5.11
Skoda Rapid 1.6 MPI Ambition,Skoda,Coimbatore,2019,1,21214.0,Petrol,Manual,First,15.41,1598.0,103.52,5.0,9.66
Hyundai i10 Sportz 1.2,Hyundai,Kolkata,2015,5,28000.0,Petrol,Manual,First,20.36,1197.0,78.9,5.0,3.4
Mahindra KUV 100 mFALCON G80 K8,Mahindra,Kochi,2017,3,29085.0,Petrol,Manual,First,18.15,1198.0,82.0,6.0,5.84
Maruti Celerio VXI AMT,Maruti,Kolkata,2016,4,30000.0,Petrol,Automatic,First,23.1,998.0,67.04,5.0,3.8
Maruti A-Star AT VXI,Maruti,Mumbai,2012,8,32910.0,Petrol,Automatic,First,16.98,998.0,66.1,5.0,2.5
Honda City i DTEC VX,Honda,Kolkata,2015,5,30000.0,Diesel,Manual,First,25.1,1498.0,98.6,5.0,6.95
Skoda Superb 1.8 TSI,Skoda,Pune,2010,10,35102.0,Petrol,Automatic,First,12.6,1798.0,161.6,5.0,5.5
Hyundai Grand i10 Sportz,Hyundai,Coimbatore,2017,3,22831.0,Petrol,Manual,First,18.9,1197.0,82.0,5.0,6.19
Renault Duster 85PS Diesel RxL,Renault,Hyderabad,2013,7,74911.0,Diesel,Manual,First,20.45,1461.0,83.8,5.0,6.0
Hyundai Grand i10 Magna,Hyundai,Pune,2015,5,21000.0,Petrol,Manual,First,18.9,1197.0,82.0,5.0,3.75
Ford EcoSport 1.5 TDCi Titanium,Ford,Kochi,2018,2,37160.0,Diesel,Manual,First,22.77,1498.0,98.59,5.0,9.46
Nissan Sunny 2011-2014 XL,Nissan,Jaipur,2011,9,41000.0,Petrol,Manual,Second,16.95,1498.0,97.7,5.0,3.0
Ford Figo Aspire 1.5 TDCi Titanium,Ford,Chennai,2016,4,37294.0,Diesel,Manual,First,25.83,1498.0,99.0,5.0,5.75
Honda Civic 2006-2010 1.8 V MT,Honda,Coimbatore,2009,11,56927.0,Petrol,Manual,First,13.5,1799.0,130.0,5.0,4.41
Renault KWID RXT Optional,Renault,Kochi,2017,3,21954.0,Petrol,Manual,First,25.17,799.0,53.3,5.0,3.7
Honda Brio EX MT,Honda,Kolkata,2014,6,50000.0,Petrol,Manual,Second,19.4,1198.0,86.8,5.0,2.5
Maruti Swift ZXI ABS,Maruti,Coimbatore,2012,8,78212.0,Petrol,Manual,First,16.1,1298.0,88.2,5.0,5.35
Hyundai i20 Magna Optional 1.4 CRDi,Hyundai,Delhi,2013,7,64500.0,Diesel,Manual,First,21.9,1396.0,88.8,5.0,3.65
Skoda Superb Elegance 2.0 TDI CR AT,Skoda,Delhi,2014,6,51000.0,Diesel,Automatic,First,17.2,1968.0,138.03,5.0,13.0
Maruti Wagon R LXI BSII,Maruti,Delhi,2012,8,52000.0,Petrol,Manual,First,18.9,998.0,67.1,5.0,2.45
Volkswagen Vento 1.5 TDI Highline AT,Volkswagen,Mumbai,2015,5,120000.0,Diesel,Automatic,First,21.21,1498.0,103.2,5.0,5.75
Honda City i DTEC S,Honda,Coimbatore,2017,3,65792.0,Diesel,Manual,First,26.0,1498.0,98.6,5.0,8.11
Hyundai i20 1.4 Sportz,Hyundai,Ahmedabad,2018,2,30000.0,Diesel,Manual,First,22.54,1396.0,88.73,5.0,7.75
Nissan Micra XV CVT,Nissan,Coimbatore,2017,3,54387.0,Petrol,Automatic,First,19.15,1198.0,75.94,5.0,5.85
Renault KWID RXT Optional,Renault,Mumbai,2018,2,1617.0,Petrol,Manual,First,25.17,799.0,53.3,5.0,4.29
Honda City i-DTEC SV,Honda,Hyderabad,2015,5,82000.0,Diesel,Manual,First,25.6,1498.0,98.6,5.0,8.0
Toyota Innova Crysta 2.4 G MT 8S,Toyota,Mumbai,2017,3,20000.0,Diesel,Manual,First,13.68,2393.0,147.8,8.0,16.5
Maruti Baleno Alpha 1.3,Maruti,Jaipur,2015,5,98000.0,Diesel,Manual,First,27.39,1248.0,74.0,5.0,5.5
Ford EcoSport 1.5 TDCi Trend,Ford,Delhi,2015,5,57000.0,Diesel,Manual,First,22.77,1498.0,98.59,5.0,6.35
Toyota Innova 2.5 G (Diesel) 8 Seater,Toyota,Jaipur,2013,7,250000.0,Diesel,Manual,Second,12.99,2494.0,100.6,8.0,7.9
Ford Ecosport 1.5 DV5 MT Ambiente,Ford,Hyderabad,2014,6,56549.0,Diesel,Manual,First,22.7,1498.0,89.84,5.0,7.2
Volkswagen Polo Diesel Comfortline 1.2L,Volkswagen,Bangalore,2012,8,78500.0,Diesel,Manual,First,22.07,1199.0,73.9,5.0,3.65
Hyundai i20 Sportz 1.4 CRDi,Hyundai,Kochi,2016,4,55036.0,Diesel,Manual,First,22.54,1396.0,88.73,5.0,6.35
Renault Duster 85PS Diesel RxL Explore,Renault,Pune,2016,4,55000.0,Diesel,Manual,First,19.87,1461.0,83.8,5.0,7.8
Ford Ikon 1.3 Flair,Ford,Chennai,2007,13,90000.0,Petrol,Manual,Second,13.8,1299.0,70.0,5.0,1.4
Ford Endeavour XLT TDCi 4X2,Ford,Chennai,2007,13,155000.0,Diesel,Manual,First,13.1,2499.0,141.0,7.0,5.5
Maruti Baleno Delta 1.3,Maruti,Hyderabad,2018,2,17810.0,Diesel,Manual,First,27.39,1248.0,74.0,5.0,8.5
Mercedes-Benz New C-Class C 220 CDI Elegance AT,Mercedes-Benz,Kochi,2011,9,42408.0,Diesel,Automatic,First,14.84,2143.0,170.0,5.0,10.48
Maruti Esteem Vxi - BSIII,Maruti,Ahmedabad,2005,15,81000.0,Petrol,Manual,Second,15.9,1298.0,85.0,5.0,0.75
Tata Indigo XL Grand Petrol,Tata,Pune,2008,12,52000.0,Petrol,Manual,Second,12.85,1396.0,99.6,5.0,1.3
BMW 5 Series 525d Sedan,BMW,Mumbai,2013,7,35000.0,Diesel,Automatic,First,16.73,2993.0,218.0,5.0,21.0
Hyundai Santro Xing GL Plus,Hyundai,Delhi,2013,7,60000.0,Petrol,Manual,First,17.92,1086.0,62.1,5.0,2.3
Skoda Octavia 2.0 TDI AT Style Plus,Skoda,Mumbai,2015,5,27000.0,Diesel,Automatic,First,19.5,1968.0,141.0,5.0,14.95
Audi A6 2011-2015 35 TDI Technology,Audi,Coimbatore,2017,3,55975.0,Diesel,Automatic,Second,17.68,1968.0,174.33,5.0,35.92
Ford Figo 1.5D Trend MT,Ford,Pune,2016,4,115000.0,Diesel,Manual,First,25.83,1498.0,99.0,5.0,4.5
Mahindra Xylo D4 BS III,Mahindra,Hyderabad,2016,4,132000.0,Diesel,Manual,First,14.95,2489.0,93.7,7.0,5.5
Maruti Celerio ZXI AT,Maruti,Mumbai,2015,5,40337.0,Petrol,Automatic,First,23.1,998.0,67.04,5.0,4.45
Toyota Innova 2.5 G4 Diesel 8-seater,Toyota,Chennai,2008,12,192000.0,Diesel,Manual,First,12.8,2494.0,102.0,8.0,6.85
Hyundai Grand i10 CRDi Asta,Hyundai,Bangalore,2016,4,50000.0,Diesel,Manual,First,24.0,1120.0,70.0,5.0,5.5
Hyundai Grand i10 1.2 Kappa Sportz,Hyundai,Kochi,2016,4,28147.0,Petrol,Manual,First,18.9,1197.0,81.86,5.0,5.07
Hyundai Grand i10 Sportz,Hyundai,Mumbai,2015,5,20000.0,Petrol,Manual,First,18.9,1197.0,82.0,5.0,3.85
Hyundai Elite i20 Petrol Asta,Hyundai,Chennai,2016,4,11000.0,Petrol,Manual,First,18.6,1197.0,81.86,5.0,7.95
Maruti Zen Estilo LXI BSIII,Maruti,Jaipur,2009,11,63000.0,Petrol,Manual,Second,18.2,998.0,67.1,5.0,1.25
Maruti Alto K10 2010-2014 VXI,Maruti,Kochi,2014,6,36967.0,Petrol,Manual,First,20.92,998.0,67.1,5.0,3.64
Toyota Fortuner 4x2 Manual,Toyota,Jaipur,2016,4,73053.0,Diesel,Manual,First,13.0,2982.0,168.5,7.0,20.0
Mahindra Thar CRDe AC,Mahindra,Coimbatore,2019,1,16392.0,Diesel,Manual,First,16.55,2498.0,105.0,6.0,10.36
Hyundai Santro Xing XO,Hyundai,Chennai,2007,13,79000.0,Petrol,Manual,First,17.0,1086.0,,5.0,1.85
Toyota Etios G,Toyota,Jaipur,2013,7,67000.0,Petrol,Manual,Second,16.78,1496.0,88.73,5.0,4.05
Mercedes-Benz GL-Class 2007 2012 350 CDI Luxury,Mercedes-Benz,Mumbai,2015,5,48600.0,Diesel,Automatic,First,12.0,2987.0,224.0,7.0,48.5
Renault Duster 110PS Diesel RxZ,Renault,Bangalore,2014,6,70000.0,Diesel,Manual,First,19.6,1461.0,108.45,5.0,8.25
Maruti Swift VDI,Maruti,Pune,2014,6,84000.0,Diesel,Manual,First,22.9,1248.0,74.0,5.0,5.25
Volkswagen Vento Magnific 1.6 Comfortline,Volkswagen,Mumbai,2013,7,49106.0,Petrol,Manual,First,15.04,1598.0,103.2,5.0,4.4
Skoda Superb L&K 2.0 TDI AT,Skoda,Mumbai,2017,3,35000.0,Diesel,Automatic,First,18.19,1968.0,174.5,5.0,25.75
BMW 3 Series 330d Convertible,BMW,Kochi,2014,6,51240.0,Diesel,Automatic,First,8.2,2993.0,245.0,4.0,29.52
Maruti Wagon R VXI BS IV,Maruti,Kolkata,2011,9,37000.0,Petrol,Manual,Second,18.9,998.0,67.1,5.0,2.1
Renault KWID RXT,Renault,Kochi,2017,3,32587.0,Petrol,Manual,First,25.17,799.0,53.3,5.0,3.71
Ford Endeavour 4x2 XLT Limited Edition,Ford,Pune,2009,11,180000.0,Diesel,Manual,First,10.9,2499.0,143.0,7.0,7.5
Maruti Vitara Brezza ZDi Plus Dual Tone,Maruti,Kochi,2017,3,21248.0,Diesel,Manual,First,24.3,1248.0,88.5,5.0,9.44
Hyundai Santro Xing XO eRLX Euro II,Hyundai,Pune,2006,14,47200.0,Petrol,Manual,Second,17.0,1086.0,,5.0,1.2
Mercedes-Benz E-Class 200 Kompressor Elegance,Mercedes-Benz,Delhi,2014,6,40000.0,Petrol,Automatic,First,10.5,1796.0,157.7,5.0,24.0
Mercedes-Benz C-Class Progressive C 220d,Mercedes-Benz,Ahmedabad,2019,1,4000.0,Diesel,Automatic,First,,1950.0,194.0,5.0,35.0
Maruti Ertiga VXI CNG,Maruti,Mumbai,2017,3,23700.0,CNG,Manual,First,17.5,1373.0,80.46,7.0,8.25
Audi A4 2.0 TDI Celebration Edition,Audi,Delhi,2011,9,57000.0,Diesel,Automatic,Second,16.55,1968.0,147.51,5.0,9.75
Hyundai Grand i10 Asta,Hyundai,Kolkata,2014,6,37000.0,Petrol,Manual,First,18.9,1197.0,82.0,5.0,3.45
Mitsubishi Pajero Sport 4X4,Mitsubishi,Jaipur,2014,6,70000.0,Diesel,Manual,Second,13.5,2477.0,175.56,7.0,11.85
Mercedes-Benz New C-Class C 250 CDI Avantgarde,Mercedes-Benz,Coimbatore,2012,8,92469.0,Diesel,Automatic,Second,19.71,2143.0,201.15,5.0,16.14
Maruti Wagon R LXI CNG,Maruti,Pune,2015,5,55000.0,CNG,Manual,First,26.6,998.0,58.16,5.0,3.7
Maruti Alto K10 VXI AGS,Maruti,Ahmedabad,2017,3,20000.0,Petrol,Automatic,First,24.07,998.0,67.1,5.0,4.0
Hyundai i20 Sportz 1.2,Hyundai,Delhi,2015,5,42000.0,Petrol,Manual,Second,18.6,1197.0,81.83,5.0,5.8
Maruti Swift Dzire VDI,Maruti,Kolkata,2014,6,28000.0,Diesel,Manual,First,23.4,1248.0,74.0,5.0,4.65
Mercedes-Benz R-Class R350 4Matic Long,Mercedes-Benz,Pune,2010,10,93000.0,Petrol,Automatic,Second,11.8,3498.0,272.0,7.0,15.0
Ford EcoSport 1.5 Ti VCT AT Titanium,Ford,Mumbai,2015,5,23000.0,Petrol,Automatic,First,15.63,1499.0,110.4,5.0,6.8
Honda City i DTEC VX Option,Honda,Bangalore,2016,4,36000.0,Diesel,Manual,First,25.1,1498.0,98.6,5.0,10.25
Maruti Alto K10 2010-2014 VXI,Maruti,Chennai,2014,6,52000.0,Petrol,Manual,First,20.92,998.0,67.1,5.0,2.7
Maruti Ertiga ZDI,Maruti,Hyderabad,2015,5,59245.0,Diesel,Manual,First,20.77,1248.0,88.8,7.0,8.5
Hyundai i20 Diesel Asta Option,Hyundai,Pune,2018,2,31000.0,Diesel,Manual,First,22.54,1396.0,88.73,5.0,7.75
Tata Indigo CS eGLX BS IV,Tata,Pune,2015,5,83000.0,Petrol,Manual,First,15.64,1193.0,64.08,5.0,2.7
Maruti Alto Std,Maruti,Hyderabad,2004,16,81500.0,Petrol,Manual,Second,19.7,796.0,46.3,5.0,1.3
Maruti Estilo LXI,Maruti,Chennai,2008,12,51000.0,Petrol,Manual,Second,19.5,1061.0,,,1.75
Hyundai Creta 1.6 SX,Hyundai,Hyderabad,2018,2,9900.0,Petrol,Manual,First,15.8,1591.0,121.3,5.0,13.2
Maruti Wagon R LX,Maruti,Pune,2004,16,94000.0,Petrol,Manual,Second,18.9,998.0,67.1,5.0,1.0
Toyota Etios V,Toyota,Kochi,2017,3,27100.0,Petrol,Manual,First,16.78,1496.0,88.73,5.0,6.37
Toyota Etios V,Toyota,Kolkata,2015,5,12000.0,Petrol,Manual,First,16.78,1496.0,88.73,5.0,4.5
Renault Duster 110PS Diesel RXZ Optional with Nav,Renault,Mumbai,2013,7,29000.0,Diesel,Manual,First,19.01,1461.0,108.45,5.0,6.5
Maruti Swift Dzire Vdi BSIV,Maruti,Mumbai,2013,7,65000.0,Diesel,Manual,Second,19.3,1248.0,73.9,5.0,4.99
Mercedes-Benz GLC 220,Mercedes-Benz,Coimbatore,2017,3,50794.0,Diesel,Automatic,First,17.9,2143.0,170.0,5.0,43.3
Ford Ecosport 1.5 DV5 MT Titanium Optional,Ford,Mumbai,2014,6,59000.0,Diesel,Manual,First,22.7,1498.0,89.84,5.0,6.5
Maruti Wagon R LXI CNG,Maruti,Mumbai,2012,8,72000.0,CNG,Manual,First,26.2,998.0,58.2,5.0,2.25
Maruti Ciaz 1.4 AT Alpha,Maruti,Hyderabad,2017,3,15234.0,Petrol,Automatic,First,19.12,1373.0,91.1,5.0,9.95
Ford Ecosport 1.5 DV5 MT Titanium,Ford,Mumbai,2015,5,44000.0,Diesel,Manual,First,22.7,1498.0,89.84,5.0,7.35
Tata Zest Quadrajet 1.3 75PS XE,Tata,Hyderabad,2016,4,125000.0,Diesel,Manual,First,22.95,1248.0,74.0,5.0,4.6
Ford Endeavour 3.0L 4X4 AT,Ford,Chennai,2011,9,100000.0,Diesel,Automatic,First,11.4,2953.0,153.86,7.0,8.5
Renault Duster 110PS Diesel RxZ AMT,Renault,Coimbatore,2017,3,34686.0,Diesel,Automatic,First,19.6,1461.0,108.45,5.0,11.86
Nissan X-Trail SLX MT,Nissan,Pune,2011,9,98000.0,Diesel,Manual,First,14.42,1995.0,147.6,5.0,8.0
Toyota Fortuner 4x4 AT,Toyota,Delhi,2015,5,90000.0,Diesel,Automatic,First,12.55,2982.0,168.5,7.0,21.5
Chevrolet Aveo U-VA 1.2 LS,Chevrolet,Pune,2007,13,81000.0,Petrol,Manual,First,15.26,1150.0,74.9,5.0,1.3
Skoda Rapid 1.6 TDI Ambition,Skoda,Chennai,2012,8,55000.0,Diesel,Manual,First,20.5,1598.0,103.5,5.0,5.9
Mahindra XUV500 W8 4WD,Mahindra,Bangalore,2013,7,52910.0,Diesel,Manual,Second,15.1,2179.0,140.0,7.0,9.5
Maruti Swift Dzire ZDi,Maruti,Chennai,2010,10,100000.0,Diesel,Manual,First,19.3,1248.0,73.9,5.0,4.5
Skoda Octavia Elegance 1.9 TDI,Skoda,Hyderabad,2003,17,132000.0,Diesel,Manual,First,18.7,1896.0,66.0,5.0,2.25
Chevrolet Enjoy Petrol LS 7 Seater,Chevrolet,Mumbai,2014,6,18000.0,Petrol,Manual,First,13.7,1399.0,98.82,7.0,3.35
Hyundai Accent GLE,Hyundai,Kolkata,2005,15,50000.0,Petrol,Manual,First,13.2,1495.0,94.0,5.0,0.7
Mercedes-Benz New C-Class C 200 CGI,Mercedes-Benz,Bangalore,2012,8,33000.0,Petrol,Automatic,First,14.74,1991.0,184.0,5.0,16.0
Renault Duster 85PS Diesel RxE,Renault,Pune,2014,6,30000.0,Diesel,Manual,First,20.45,1461.0,83.8,5.0,8.0
Jaguar F Type 5.0 V8 S,Jaguar,Hyderabad,2015,5,8000.0,Petrol,Automatic,First,12.5,5000.0,488.1,2.0,100.0
Hyundai Verna 1.6 SX,Hyundai,Kochi,2012,8,58646.0,Diesel,Manual,First,22.32,1582.0,126.32,5.0,4.74
Mercedes-Benz E-Class 2015-2017 E250 CDI Avantgarde,Mercedes-Benz,Mumbai,2016,4,21000.0,Diesel,Automatic,First,13.0,2143.0,204.0,5.0,36.0
Volkswagen Vento Petrol Highline,Volkswagen,Kochi,2015,5,57026.0,Petrol,Manual,First,15.04,1598.0,103.6,5.0,5.54
Skoda Superb Style 2.0 TDI AT,Skoda,Mumbai,2017,3,42000.0,Diesel,Automatic,First,18.19,1968.0,174.5,5.0,22.99
Mahindra Scorpio 1.99 S4 Plus,Mahindra,Kochi,2017,3,26741.0,Diesel,Manual,First,15.4,1997.0,120.0,7.0,10.08
Skoda Laura Classic 1.8 TSI,Skoda,Pune,2010,10,85000.0,Petrol,Manual,First,17.5,1798.0,,5.0,2.85
Maruti 800 DX BSII,Maruti,Pune,2000,20,78000.0,Petrol,Manual,First,16.1,796.0,37.0,4.0,0.55
Audi Q5 3.0 TDI Quattro Technology,Audi,Coimbatore,2018,2,29091.0,Diesel,Automatic,First,13.22,2967.0,241.4,5.0,45.52
Mahindra NuvoSport N6,Mahindra,Coimbatore,2018,2,37323.0,Diesel,Manual,Second,17.45,1493.0,100.0,7.0,7.29
Volkswagen Vento Diesel Highline,Volkswagen,Chennai,2011,9,55595.0,Diesel,Manual,Second,20.54,1598.0,103.6,5.0,4.3
Maruti Swift Dzire VXI Optional,Maruti,Chennai,2015,5,49900.0,Petrol,Manual,First,20.85,1197.0,83.14,5.0,4.8
Maruti Ertiga VXI,Maruti,Mumbai,2012,8,52500.0,Petrol,Manual,Second,16.02,1373.0,93.7,7.0,5.25
Maruti Alto 800 2016-2019 LXI,Maruti,Chennai,2016,4,5700.0,Petrol,Manual,First,24.7,796.0,47.3,5.0,2.8
Hyundai i20 Magna 1.4 CRDi (Diesel),Hyundai,Kochi,2014,6,53340.0,Diesel,Manual,First,21.9,1396.0,88.76,5.0,4.35
Ford Ecosport 1.5 DV5 MT Titanium,Ford,Kolkata,2014,6,57000.0,Diesel,Manual,First,22.7,1498.0,89.84,5.0,5.49
Maruti Alto K10 LXI CNG,Maruti,Pune,2015,5,59525.0,CNG,Manual,Second,32.26,998.0,58.2,4.0,3.1
Volkswagen Vento 1.5 TDI Highline,Volkswagen,Bangalore,2014,6,58000.0,Diesel,Manual,First,20.34,1498.0,103.2,5.0,6.5
Mahindra Scorpio VLX 2WD Airbag BSIII,Mahindra,Bangalore,2011,9,73000.0,Diesel,Manual,First,12.05,2179.0,120.0,8.0,6.4
Ford Figo Aspire 1.5 TDCi Titanium Plus,Ford,Kochi,2016,4,33554.0,Diesel,Manual,First,25.83,1498.0,99.0,5.0,6.22
Toyota Innova 2.5 G (Diesel) 8 Seater,Toyota,Mumbai,2012,8,106000.0,Diesel,Manual,First,12.99,2494.0,100.0,8.0,8.4
Maruti Dzire LDI,Maruti,Pune,2018,2,27000.0,Diesel,Manual,First,28.4,1248.0,73.75,5.0,5.9
Renault KWID RXL,Renault,Pune,2018,2,1000.0,Petrol,Manual,First,25.17,799.0,53.3,5.0,3.4
Ford Endeavour 2.5L 4X2 MT,Ford,Jaipur,2011,9,119000.0,Diesel,Manual,Third,13.1,2499.0,141.0,7.0,6.5
Mahindra Jeep MM 540 DP,Mahindra,Chennai,2002,18,75000.0,Diesel,Manual,First,,2112.0,,6.0,1.7
Ford EcoSport 1.0 Ecoboost Titanium Plus,Ford,Delhi,2015,5,64000.0,Petrol,Manual,First,18.88,999.0,123.24,5.0,6.0
Hyundai Creta 1.6 CRDi SX,Hyundai,Hyderabad,2016,4,63738.0,Diesel,Manual,First,19.67,1582.0,126.2,5.0,11.9
BMW 5 Series 2013-2017 530d M Sport,BMW,Bangalore,2016,4,16000.0,Diesel,Automatic,First,14.69,2993.0,258.0,5.0,48.0
Maruti Ertiga VXI AT Petrol,Maruti,Mumbai,2017,3,28000.0,Petrol,Automatic,First,18.69,1462.0,103.0,7.0,8.0
Skoda Laura L and K AT,Skoda,Hyderabad,2007,13,91000.0,Diesel,Automatic,Second,15.6,1896.0,106.0,5.0,2.45
Chevrolet Beat LS,Chevrolet,Kolkata,2013,7,25000.0,Petrol,Manual,First,18.6,1199.0,79.4,5.0,1.75
Audi Q3 2.0 TDI,Audi,Bangalore,2014,6,65630.0,Diesel,Automatic,First,15.73,1968.0,174.33,5.0,21.75
Honda City 1.5 V MT,Honda,Pune,2014,6,48094.0,Petrol,Manual,First,17.0,1497.0,118.0,5.0,7.25
Maruti Swift Lxi BSIII,Maruti,Pune,2009,11,90456.0,Petrol,Manual,Second,16.1,1298.0,88.2,5.0,3.0
Ford Figo Diesel EXI,Ford,Jaipur,2012,8,140000.0,Diesel,Manual,First,20.0,1399.0,68.0,5.0,2.51
Toyota Fortuner 4x4 AT,Toyota,Chennai,2015,5,95000.0,Diesel,Automatic,First,12.55,2982.0,168.5,7.0,19.6
Mercedes-Benz New C-Class 200 CDI Classic,Mercedes-Benz,Pune,2013,7,79000.0,Diesel,Manual,Second,15.8,2148.0,170.0,5.0,15.5
Toyota Innova 2.5 GX (Diesel) 7 Seater,Toyota,Chennai,2012,8,96000.0,Diesel,Manual,First,12.99,2494.0,100.0,7.0,11.5
Honda City 1.5 EXI,Honda,Coimbatore,2004,16,186679.0,Petrol,Manual,Second,13.0,1493.0,100.0,5.0,1.76
Honda Amaze S i-Dtech,Honda,Jaipur,2015,5,91000.0,Diesel,Manual,First,25.8,1498.0,98.6,5.0,4.68
Toyota Corolla Altis 1.8 G CVT,Toyota,Delhi,2010,10,109703.0,Petrol,Automatic,Second,14.28,1798.0,138.03,5.0,4.0
Tata Indica Vista Quadrajet VX,Tata,Hyderabad,2012,8,110000.0,Diesel,Manual,First,22.3,1248.0,74.0,5.0,2.8
Mahindra XUV500 W8 2WD,Mahindra,Mumbai,2012,8,35000.0,Diesel,Manual,First,16.0,2179.0,140.0,7.0,8.25
Maruti Ritz VDi,Maruti,Kolkata,2010,10,47722.0,Diesel,Manual,First,21.1,1248.0,73.9,5.0,1.7
Mercedes-Benz New C-Class C 200 AVANTGARDE,Mercedes-Benz,Mumbai,2013,7,25000.0,Petrol,Automatic,First,14.74,1991.0,181.04,5.0,14.85
Hyundai Verna VTVT 1.6 AT SX Option,Hyundai,Mumbai,2018,2,8000.0,Petrol,Automatic,First,17.0,1591.0,121.3,5.0,12.85
Mercedes-Benz New C-Class C 250 CDI Elegance,Mercedes-Benz,Hyderabad,2012,8,65000.0,Diesel,Automatic,First,14.94,2143.0,204.0,5.0,16.0
Maruti Wagon R VXI BS IV,Maruti,Hyderabad,2018,2,1048.0,Petrol,Manual,First,18.9,998.0,67.1,5.0,4.7
Maruti Ertiga VXI,Maruti,Bangalore,2014,6,42000.0,Petrol,Manual,Second,16.02,1373.0,93.7,7.0,5.94
Skoda Rapid Ultima 1.6 TDI Elegance,Skoda,Hyderabad,2013,7,55000.0,Diesel,Manual,First,20.5,1598.0,103.5,5.0,8.0
Toyota Innova 2.5 V Diesel 8-seater,Toyota,Delhi,2010,10,72000.0,Diesel,Manual,First,12.8,2494.0,102.0,8.0,5.45
Mercedes-Benz GLA Class 200 Sport,Mercedes-Benz,Kochi,2018,2,17773.0,Petrol,Automatic,First,13.7,1991.0,183.0,5.0,26.76
Volkswagen Polo 1.5 TDI Highline,Volkswagen,Hyderabad,2013,7,65000.0,Diesel,Manual,Second,20.14,1498.0,88.0,5.0,3.5
Hyundai Santro Xing GL,Hyundai,Mumbai,2008,12,65000.0,Petrol,Manual,Second,,1086.0,62.0,5.0,1.39
Hyundai Verna 1.6 CRDi EX MT,Hyundai,Kolkata,2013,7,53280.0,Diesel,Manual,First,22.32,1582.0,126.3,5.0,4.7
Volkswagen Ameo 1.2 MPI Highline,Volkswagen,Ahmedabad,2016,4,34005.0,Petrol,Manual,First,17.0,1198.0,73.75,5.0,5.75
Hyundai i20 Asta Option 1.2,Hyundai,Coimbatore,2017,3,14618.0,Petrol,Manual,First,18.6,1197.0,81.83,5.0,8.11
Maruti Wagon R LX BSIII,Maruti,Delhi,2006,14,65771.0,Petrol,Manual,Second,17.3,1061.0,64.0,5.0,0.75
Tata Indica LEI,Tata,Pune,2006,14,78000.0,Petrol,Manual,Second,13.5,1405.0,60.0,5.0,1.0
Mahindra Xylo D4,Mahindra,Hyderabad,2016,4,105545.0,Diesel,Manual,First,14.0,2498.0,112.0,7.0,5.3
ISUZU D-MAX V-Cross 4X4,ISUZU,Jaipur,2017,3,25000.0,Diesel,Manual,First,12.4,2499.0,134.0,5.0,8.0
Hyundai i20 2015-2017 Magna,Hyundai,Pune,2010,10,80561.0,Petrol,Manual,First,18.5,1197.0,80.0,5.0,2.74
Maruti Baleno Alpha,Maruti,Mumbai,2017,3,6000.0,Petrol,Manual,First,21.4,1197.0,83.1,5.0,7.5
Tata Hexa XTA,Tata,Jaipur,2016,4,39000.0,Diesel,Automatic,First,17.6,2179.0,153.86,7.0,13.5
Volkswagen Polo Petrol Comfortline 1.2L,Volkswagen,Kolkata,2011,9,55001.0,Petrol,Manual,First,16.47,1198.0,73.9,5.0,2.2
Mercedes-Benz New C-Class C 200 CGI Elegance,Mercedes-Benz,Mumbai,2012,8,63720.0,Petrol,Automatic,First,11.74,1796.0,186.0,5.0,13.25
Toyota Etios GD,Toyota,Delhi,2013,7,70000.0,Diesel,Manual,First,23.59,1364.0,,5.0,3.88
Hyundai Getz GLS,Hyundai,Jaipur,2005,15,100000.0,Petrol,Manual,Second,15.3,1341.0,83.0,5.0,0.85
Tata Tiago 1.2 Revotron XT,Tata,Kochi,2017,3,15386.0,Petrol,Manual,First,23.84,1199.0,84.0,5.0,5.11
Renault Duster 85PS Diesel RxL Option,Renault,Mumbai,2013,7,102486.0,Diesel,Manual,First,19.87,1461.0,83.8,5.0,4.25
Audi A4 35 TDI Premium Plus,Audi,Coimbatore,2013,7,58629.0,Diesel,Automatic,Second,18.25,1968.0,187.74,5.0,16.52
Tata New Safari DICOR 2.2 VX 4x2,Tata,Pune,2008,12,86000.0,Diesel,Manual,Third,13.93,2179.0,138.0,7.0,0.6
Maruti Swift VDI,Maruti,Hyderabad,2012,8,68238.0,Diesel,Manual,First,22.9,1248.0,74.0,5.0,4.8
Skoda Superb Elegance 1.8 TSI AT,Skoda,Mumbai,2011,9,42036.0,Petrol,Automatic,First,13.7,1798.0,157.75,5.0,6.25
Hyundai Elantra SX,Hyundai,Mumbai,2014,6,55619.0,Petrol,Manual,First,16.3,1797.0,147.5,5.0,8.3
Honda City 1.5 E MT,Honda,Pune,2009,11,60000.0,Petrol,Manual,Third,17.0,1497.0,118.0,5.0,3.25
Renault Duster 85PS Diesel RxL Explore,Renault,Pune,2015,5,30000.0,Diesel,Manual,First,19.87,1461.0,83.8,5.0,7.75
Jaguar XF 2.2 Litre Luxury,Jaguar,Kochi,2016,4,31150.0,Diesel,Automatic,First,16.36,2179.0,187.7,5.0,30.54
Maruti Wagon R Duo Lxi,Maruti,Jaipur,2010,10,70000.0,LPG,Manual,First,26.2,998.0,58.2,5.0,2.27
Volkswagen Polo IPL II 1.2 Petrol Highline,Volkswagen,Pune,2010,10,70290.0,Petrol,Manual,Second,17.24,1198.0,73.9,5.0,2.96
Tata Bolt Revotron XT,Tata,Chennai,2016,4,10000.0,Petrol,Manual,First,17.57,1193.0,88.7,5.0,4.0
Hyundai i20 Sportz 1.2,Hyundai,Bangalore,2014,6,68010.0,Petrol,Manual,Second,18.5,1197.0,82.85,5.0,5.25
Audi A6 2011-2015 2.0 TDI,Audi,Kochi,2013,7,91903.0,Diesel,Automatic,First,17.68,1968.0,174.33,5.0,17.56
Volkswagen Vento 1.6 Highline,Volkswagen,Mumbai,2011,9,38000.0,Petrol,Manual,First,16.09,1598.0,103.5,5.0,3.25
Maruti Celerio VXI,Maruti,Bangalore,2015,5,67600.0,Petrol,Manual,First,23.1,998.0,67.04,5.0,4.0
Hyundai Getz GLE,Hyundai,Coimbatore,2007,13,66800.0,Petrol,Manual,First,15.3,1341.0,83.0,5.0,2.2
Maruti Vitara Brezza VDi,Maruti,Pune,2016,4,37208.0,Diesel,Manual,First,24.3,1248.0,88.5,5.0,7.43
Mercedes-Benz M-Class ML 320 CDI,Mercedes-Benz,Mumbai,2009,11,102002.0,Diesel,Automatic,First,8.7,2987.0,224.34,5.0,10.75
Maruti Swift Dzire Vdi BSIV,Maruti,Delhi,2011,9,68000.0,Diesel,Manual,First,19.3,1248.0,73.9,5.0,2.75
Porsche Panamera Diesel,Porsche,Hyderabad,2013,7,40000.0,Diesel,Automatic,Second,17.85,2967.0,300.0,4.0,45.0
Toyota Camry Hybrid,Toyota,Mumbai,2015,5,33500.0,Petrol,Automatic,First,19.16,2494.0,158.2,5.0,19.75
Honda Brio 1.2 VX MT,Honda,Delhi,2013,7,33746.0,Petrol,Manual,First,18.5,1198.0,86.8,5.0,3.2
Skoda Superb 3.6 V6 FSI,Skoda,Hyderabad,2009,11,53000.0,Petrol,Automatic,First,,3597.0,262.6,5.0,4.75
Toyota Innova 2.5 V Diesel 7-seater,Toyota,Coimbatore,2011,9,45004.0,Diesel,Manual,First,12.8,2494.0,102.0,7.0,9.48
Honda Amaze VX i-DTEC,Honda,Coimbatore,2015,5,70602.0,Diesel,Manual,First,25.8,1498.0,98.6,5.0,4.83
Maruti Swift VDI,Maruti,Delhi,2014,6,27365.0,Diesel,Manual,First,28.4,1248.0,74.0,5.0,4.75
Hyundai Xcent 1.1 CRDi S,Hyundai,Jaipur,2015,5,100000.0,Diesel,Manual,First,24.4,1120.0,71.0,5.0,4.0
Mahindra Xylo D4 BSIV,Mahindra,Jaipur,2012,8,55000.0,Diesel,Manual,Second,14.0,2498.0,112.0,8.0,2.9
Maruti Wagon R VXI,Maruti,Kolkata,2013,7,46000.0,Petrol,Manual,First,18.9,998.0,67.1,5.0,2.65
Chevrolet Beat Diesel,Chevrolet,Hyderabad,2011,9,47000.0,Diesel,Manual,First,25.44,936.0,57.6,5.0,2.5
